dataset,kind,name,variant,period,n,dates,tickers,open_n,open_mark,mean,median,win,excess,date_mean,worst,mean_mae,cost1_mean,no_best_ticker,no_best_date,date_excess
2021_2025,pattern,rsi2_pullback,common,all,254,113,28.0,9,0.0037156557902722704,0.03817792326396573,0.05474884211134856,0.6141732283464567,0.023258835926738337,0.02096061848469181,-0.3726868443609236,-0.07402585864799009,0.03217792326396573,0.03461115730804643,0.017914238705416825,0.009864309213596056
2021_2025,pattern,rsi2_pullback,common,2021,42,15,19.0,0,,0.07125003866447639,0.07980739662956293,0.8571428571428571,0.034193599244282835,0.07740528972615925,-0.11067487490099581,-0.05133021833616426,0.06525003866447639,0.06321863186904193,0.06983908897575662,0.039341946255263945
2021_2025,pattern,rsi2_pullback,common,2022,19,10,15.0,0,,-0.06842938483632947,-0.08851499680262953,0.21052631578947367,-0.035025788918204966,-0.06694059849746165,-0.2825365872266816,-0.11335924848302471,-0.07442938483632948,-0.08384253697548034,-0.09737946422399374,-0.027475840729406988
2021_2025,pattern,rsi2_pullback,common,2023,42,27,19.0,0,,0.024146996556996085,0.02520515124524969,0.5952380952380952,0.0012592645888635512,0.008219632086468602,-0.13689039755308086,-0.07091746766873754,0.018146996556996087,0.015589166750231365,0.0030716424916735975,-0.011977851970331278
2021_2025,pattern,rsi2_pullback,common,2024,64,25,20.0,0,,0.04140477357654715,0.08751875318032232,0.578125,0.026532382063285696,0.028315185604565075,-0.3726868443609236,-0.07874572893591816,0.03540477357654715,0.034166255102780964,0.01645854242716618,0.014348844015320786
2021_2025,pattern,rsi2_pullback,common,2025,87,36,27.0,9,0.0037156557902722704,0.04989390612341026,0.09952671801607971,0.6206896551724138,0.03892116760683908,0.02630741170565621,-0.25008294768854844,-0.07442083806100432,0.043893906123410265,0.03977750601698733,0.016711761932575238,0.021221584928260838
2021_2025,unique_pattern,rsi2_pullback,common,all,215,102,28.0,9,0.0037156557902722704,0.04172593091599249,0.06743579633808272,0.627906976744186,0.025483230718737926,0.03015309084018359,-0.3726868443609236,-0.0717289613811102,0.03572593091599249,0.038596713943998,0.027353867760758294,0.015201987648740315
2021_2025,unique_pattern,rsi2_pullback,common,2021,36,16,18.0,0,,0.06761488888332227,0.07353629490941471,0.8333333333333334,0.03429900863114067,0.08326634278154096,-0.11067487490099581,-0.05553061994018635,0.061614888883322276,0.05624331442001184,0.07619521238878348,0.04636715500554646
2021_2025,unique_pattern,rsi2_pullback,common,2022,8,8,6.0,0,,-0.0709210093698401,-0.09135882554789904,0.25,-0.04161485923221793,-0.0709210093698401,-0.2825365872266816,-0.11353085755391591,-0.0769210093698401,-0.11542214860860445,-0.11062532400000684,-0.04161485923221793
2021_2025,unique_pattern,rsi2_pullback,common,2023,38,24,19.0,0,,0.023206178699581706,0.02520515124524969,0.6052631578947368,-0.002887668930636426,0.015499216311970909,-0.13689039755308086,-0.06794240121814088,0.017206178699581708,0.013589669669979787,0.00999625347548535,-0.010890462518261557
2021_2025,unique_pattern,rsi2_pullback,common,2024,56,22,19.0,0,,0.039159861693748035,0.05033431901898755,0.5535714285714286,0.028435001264523276,0.04054966329985452,-0.3726868443609236,-0.0806589525908665,0.03315986169374804,0.0314621959053765,0.02758180813022195,0.027763298476767492
2021_2025,unique_pattern,rsi2_pullback,common,2025,77,32,26.0,9,0.0037156557902722704,0.052331430865759886,0.10469129320567205,0.6363636363636364,0.04018727943137942,0.03270775225214657,-0.2324980412949551,-0.0703333107439322,0.04633143086575989,0.044244591710490534,0.02750350992904483,0.02475705212155954
2021_2025,exit,rsi2_pullback,ma20_failure,all,264,118,28.0,10,0.008017191951175163,0.03132247398834206,0.02668922565891785,0.5568181818181818,0.020570672696696476,0.01765822893445905,-0.3726868443609236,-0.06797780789067945,0.02532247398834206,0.027761076423083283,0.014713810773527162,0.00897283905250949
2021_2025,exit,rsi2_pullback,ma20_failure,2021,44,17,19.0,0,,0.05819138336478071,0.05482392005835601,0.7045454545454546,0.03028788028534545,0.08002566765511676,-0.11067487490099581,-0.04641912673937623,0.052191383364780713,0.051291113140938885,0.07356901561907431,0.04548389935377877
2021_2025,exit,rsi2_pullback,ma20_failure,2022,19,10,15.0,0,,-0.06842938483632947,-0.08851499680262953,0.21052631578947367,-0.035025788918204966,-0.06694059849746165,-0.2825365872266816,-0.11335924848302471,-0.07442938483632948,-0.08384253697548034,-0.09737946422399374,-0.027475840729406988
2021_2025,exit,rsi2_pullback,ma20_failure,2023,46,28,19.0,0,,0.013512883510811426,-0.002955939743242538,0.5,-0.0024234951849733217,-0.0023906480217445185,-0.13689039755308086,-0.05865816984558878,0.007512883510811426,0.005009216031686359,-0.007740944672592047,-0.017393888682747303
2021_2025,exit,rsi2_pullback,ma20_failure,2024,64,26,20.0,0,,0.03642617077244545,0.027776815254188958,0.5625,0.027173841112218555,0.024756936909897706,-0.3726868443609236,-0.07320072542156097,0.03042617077244545,0.029662594434640106,0.013232229511808073,0.015184789460749467
2021_2025,exit,rsi2_pullback,ma20_failure,2025,91,37,27.0,10,0.008017191951175163,0.04457146160250963,0.06251655418535229,0.5824175824175825,0.034459734023575266,0.022051309028521763,-0.2324980412949551,-0.0699643048961798,0.038571461602509634,0.03461614728470516,0.012603980008105975,0.017636526584145648
2021_2025,exit,rsi2_pullback,signal_low_failure,all,270,116,28.0,8,0.011510198476965355,0.026196122530076485,0.0009227819677354344,0.5,0.01796878393572696,0.019149887547598547,-0.3726868443609236,-0.06478230563636476,0.020196122530076487,0.022618636768969504,0.016167233058764708,0.01218506869019517
2021_2025,exit,rsi2_pullback,signal_low_failure,2021,42,15,19.0,0,,0.06384522546414759,0.07353629490941471,0.7619047619047619,0.03463213076254007,0.07517510947794952,-0.11067487490099581,-0.04687828473589219,0.05784522546414759,0.05503436464762585,0.06744961013838904,0.047900118739214945
2021_2025,exit,rsi2_pullback,signal_low_failure,2022,21,10,15.0,0,,-0.05150584768109345,-0.05130671840885204,0.14285714285714285,-0.022536345810137172,-0.03969022570089184,-0.2825365872266816,-0.08454729483422706,-0.05750584768109345,-0.06383029913433229,-0.06710127222780507,-0.014409024254969566
2021_2025,exit,rsi2_pullback,signal_low_failure,2023,44,29,19.0,0,,-0.0024854734786646615,-0.025381896969909664,0.3409090909090909,-0.009232561539539138,-0.0035606064033641494,-0.11884504083437453,-0.055712327544590774,-0.008485473478664662,-0.00847828595164404,-0.009376889704726877,-0.01148635555583476
2021_2025,exit,rsi2_pullback,signal_low_failure,2024,68,26,20.0,0,,0.013718927837455664,-0.020910601627444177,0.45588235294117646,0.010858380782140045,0.010537685502373922,-0.3726868443609236,-0.07585488389078852,0.007718927837455664,0.00702023302825079,-0.001555791952016663,0.004818524682817289
2021_2025,exit,rsi2_pullback,signal_low_failure,2025,95,36,27.0,8,0.011510198476965355,0.04894263321098607,0.06143590209221195,0.5684210526315789,0.03724366575985976,0.03666500924991516,-0.22041587888153702,-0.06460386163006979,0.04294263321098607,0.03967262017444382,0.02736529083524159,0.029079974969168604
2021_2025,exit,rsi2_pullback,half_at6,all,254,113,28.0,9,0.01723416966091414,0.03145111302851618,0.059759645526280214,0.6338582677165354,0.018899482161815157,0.01787762187339061,-0.3726868443609236,-0.07402585864799009,0.02545111302851618,0.028452923392878193,0.014994209707855342,0.008793433443212156
2021_2025,exit,rsi2_pullback,half_at6,2021,42,15,19.0,0,,0.062425296619132056,0.07294904920794126,0.8809523809523809,0.03143969012300446,0.07044448121341668,-0.11067487490099581,-0.05133021833616426,0.05642529661913206,0.05674427547510463,0.06585242088318062,0.039966444767206885
2021_2025,exit,rsi2_pullback,half_at6,2022,19,10,15.0,0,,-0.06320878200200301,-0.08772404383452437,0.21052631578947367,-0.033470772192364884,-0.05727727406202908,-0.2825365872266816,-0.11335924848302471,-0.06920878200200302,-0.0780077455724096,-0.0866424370735131,-0.02378316686105667
2021_2025,exit,rsi2_pullback,half_at6,2023,42,27,19.0,0,,0.020371403503241403,0.029522754909877158,0.5952380952380952,0.0014020120078747883,0.00956115531929768,-0.13689039755308086,-0.07091746766873754,0.014371403503241403,0.013658084963365277,0.004428749272221381,-0.007838983765876995
2021_2025,exit,rsi2_pullback,half_at6,2024,64,25,20.0,0,,0.03435170590931254,0.07455457275558297,0.609375,0.021703375100393035,0.024289363126421742,-0.3726868443609236,-0.07874572893591816,0.02835170590931254,0.029057213905170305,0.01473473931070595,0.012610835616556893
2021_2025,exit,rsi2_pullback,half_at6,2025,87,36,27.0,9,0.01723416966091414,0.04038596533270664,0.086066224998259,0.6436781609195402,0.030667191319929878,0.018635875620294413,-0.25008294768854844,-0.07442083806100432,0.034385965332706644,0.03182651462840292,0.009430621083350235,0.014677073540283152
2021_2025,exit,rsi2_pullback,atr_2r,all,238,107,27.0,12,0.007624025549161593,0.051004375017573204,0.029178847354263016,0.5798319327731093,0.03386767815833752,0.04019322219126756,-0.3726868443609236,-0.08243211569242721,0.045004375017573206,0.045867759422639265,0.03647554858971948,0.025673178333731516
2021_2025,exit,rsi2_pullback,atr_2r,2021,39,12,19.0,0,,0.0670621869249004,0.08272097799426392,0.7435897435897436,0.028873464984620838,0.10996740721472902,-0.1535601107408826,-0.05912833180079028,0.061062186924900404,0.055314336482267024,0.08048566023830764,0.07027836218110645
2021_2025,exit,rsi2_pullback,atr_2r,2022,19,10,15.0,0,,-0.08931859651365553,-0.10879043340974148,0.10526315789473684,-0.04963062534835896,-0.07296857747133287,-0.2825365872266816,-0.122523289116599,-0.09531859651365554,-0.10924697990745556,-0.11095794808781773,-0.033450011258817317
2021_2025,exit,rsi2_pullback,atr_2r,2023,41,27,19.0,0,,0.022662157530664813,0.016494774491361944,0.5853658536585366,-0.006679451658261113,0.006735652014270292,-0.18257140576352804,-0.07676470146891928,0.016662157530664815,0.009259780929518163,-0.0007444116145038884,-0.018420333723975602
2021_2025,exit,rsi2_pullback,atr_2r,2024,63,26,20.0,0,,0.07603776066104685,0.07619258844476118,0.6031746031746031,0.054224566653393376,0.07671767328801546,-0.3726868443609236,-0.08552605977316527,0.07003776066104685,0.06087536608677206,0.06639601863877279,0.05042765643364288
2021_2025,exit,rsi2_pullback,atr_2r,2025,76,32,25.0,12,0.007624025549161593,0.07238344628246782,0.049125686156131665,0.5921052631578947,0.062304394312208695,0.04794467352276589,-0.22788770213448795,-0.08486054704495226,0.06638344628246781,0.06147300633220933,0.037270140610733936,0.04451311848114983
2021_2025,pattern,pocket_pivot,common,all,150,120,26.0,0,,0.031134017845591656,0.028441145284987538,0.5666666666666667,0.012196187264517887,0.02951697637509996,-0.2242072351640484,-0.071135814180289,0.025134017845591654,0.025133997644603803,0.02692860532520395,0.012414365669265329
2021_2025,pattern,pocket_pivot,common,2021,21,17,13.0,0,,0.06056654424200499,0.11553940321853484,0.6666666666666666,0.01592690180186019,0.06470043049144071,-0.10676679581163573,-0.04736606559351651,0.054566544242004994,0.04636683866978904,0.05316981023712872,0.018265374292773258
2021_2025,pattern,pocket_pivot,common,2022,17,12,13.0,0,,-0.05180203058437814,-0.056631479424103626,0.23529411764705882,-0.020061475682335992,-0.05147246439152093,-0.22251857117337526,-0.08201048115799903,-0.05780203058437814,-0.0629294332827923,-0.06545933538985438,-0.006278601045851461
2021_2025,pattern,pocket_pivot,common,2023,33,27,15.0,0,,0.0008472142108228896,0.010094432108302302,0.5757575757575758,-0.03169752635296955,-0.009530044625820362,-0.2242072351640484,-0.07640723036996049,-0.005152785789177111,-0.009182216503717174,-0.015885321950573537,-0.03873669229752583
2021_2025,pattern,pocket_pivot,common,2024,33,27,19.0,0,,0.07348189701541871,0.08168667603013646,0.696969696969697,0.05265272009957887,0.06827554231073342,-0.1314285452706473,-0.06512211876321952,0.06748189701541871,0.059394684640108726,0.060666334034572146,0.046530441641383084
2021_2025,pattern,pocket_pivot,common,2025,46,37,19.0,0,,0.03969519776576302,0.019558942625255038,0.5434782608695652,0.024880148800004852,0.03982894545575948,-0.16369583955064904,-0.07850082714127349,0.03369519776576302,0.027599413119602595,0.03155938473751044,0.02821958101623692
2021_2025,unique_pattern,pocket_pivot,common,all,111,93,25.0,0,,0.020737692698659844,0.006726450486461703,0.5225225225225225,0.004919134069890806,0.02332287044935221,-0.23672731087424537,-0.07638374198889536,0.014737692698659844,0.01492442944021557,0.019907541526924245,0.007451029701637352
2021_2025,unique_pattern,pocket_pivot,common,2021,16,15,9.0,0,,0.07361369800114176,0.12525500947932644,0.6875,0.0289488263060206,0.07066945853318739,-0.10633008556310253,-0.04737597308710872,0.06761369800114175,0.056206548118725365,0.05791796595981274,0.025525440553487443
2021_2025,unique_pattern,pocket_pivot,common,2022,13,9,9.0,0,,-0.046335735486981035,-0.03907613728269099,0.3076923076923077,-0.021919019498688744,-0.036553648381658956,-0.23672731087424537,-0.07750957887712315,-0.05233573548698103,-0.06051559460347358,-0.0539207440031347,-0.005135971443886399
2021_2025,unique_pattern,pocket_pivot,common,2023,25,20,14.0,0,,-0.011209956586048998,-0.0095353230532178,0.48,-0.0324794603798874,-0.01460537555763596,-0.2242072351640484,-0.08024163564694227,-0.017209956586049,-0.02653061266908616,-0.021743869497668825,-0.03337346526159773
2021_2025,unique_pattern,pocket_pivot,common,2024,22,19,15.0,0,,0.04634490021008631,0.0597385441528534,0.5909090909090909,0.028811798420302123,0.052619706488779804,-0.1759077435055928,-0.08203252532211384,0.04034490021008631,0.019817144332439102,0.04075885921088275,0.03406593058959981
2021_2025,unique_pattern,pocket_pivot,common,2025,35,30,16.0,0,,0.028202582654087257,0.004732658860267195,0.5142857142857142,0.015597624531286915,0.02434336656975928,-0.16369583955064904,-0.08291996622031374,0.022202582654087255,0.00989196451562994,0.013543719509657014,0.012550150699149932
2021_2025,exit,pocket_pivot,ma20_failure,all,155,122,26.0,0,,0.02126206121106769,-0.006304497597376609,0.4774193548387097,0.005491827076495797,0.020634391042824978,-0.2242072351640484,-0.06588216137755627,0.01526206121106769,0.01552744798156486,0.01801539318935473,0.006441844670665238
2021_2025,exit,pocket_pivot,ma20_failure,2021,22,17,13.0,0,,0.04171723212812857,0.009483366683039621,0.5454545454545454,0.007064822522288531,0.03782616500864738,-0.10676679581163573,-0.041444361517293575,0.03571723212812857,0.032149857436803576,0.03024293064580058,0.0027259382948085532
2021_2025,exit,pocket_pivot,ma20_failure,2022,18,13,13.0,0,,-0.041503076280660314,-0.04690868646644181,0.2222222222222222,-0.014645607068133393,-0.0372377250627468,-0.22251857117337526,-0.06525218160944175,-0.04750307628066031,-0.0523657432752256,-0.04887279520048795,0.00016007283254563755
2021_2025,exit,pocket_pivot,ma20_failure,2023,35,28,15.0,0,,-0.00985886791817888,-0.02219234908125067,0.42857142857142855,-0.03499112288083695,-0.018511808207458437,-0.2242072351640484,-0.07132830350543758,-0.01585886791817888,-0.019233443161535496,-0.02496436280098513,-0.04159111412391042
2021_2025,exit,pocket_pivot,ma20_failure,2024,34,27,19.0,0,,0.051844051751106346,0.04413103765649751,0.5882352941176471,0.03511922395381514,0.056363766722851455,-0.1314285452706473,-0.06235613284812101,0.04584405175110635,0.03611728055587289,0.04829641323177163,0.03749381406158478
2021_2025,exit,pocket_pivot,ma20_failure,2025,46,37,19.0,0,,0.03711431242493902,0.00036632943013359745,0.5,0.021523124238966965,0.036620277194194514,-0.16369583955064904,-0.07627870981835616,0.03111431242493902,0.024772729174890602,0.02826158680201311,0.024045982913324947
2021_2025,exit,pocket_pivot,signal_low_failure,all,154,121,26.0,0,,0.02518572266916019,-0.004672961122317073,0.4805194805194805,0.00953835159793649,0.024400369593677734,-0.2242072351640484,-0.06589890658733487,0.019185722669160188,0.019147169615298464,0.021790929912685674,0.009900309467714004
2021_2025,exit,pocket_pivot,signal_low_failure,2021,21,17,13.0,0,,0.03952782510432008,-0.00474989765851774,0.47619047619047616,0.004261694553606905,0.038489759035190425,-0.10676679581163573,-0.03903545805668266,0.033527825104320085,0.029226440479366556,0.03094799929900257,0.0022435227319851534
2021_2025,exit,pocket_pivot,signal_low_failure,2022,18,13,13.0,0,,-0.04676835652415055,-0.05601602965056102,0.2222222222222222,-0.017782402604067035,-0.04452811309219483,-0.22251857117337526,-0.07532041600074456,-0.05276835652415055,-0.05868407956741389,-0.05677071556572331,-0.004183182524900946
2021_2025,exit,pocket_pivot,signal_low_failure,2023,35,27,15.0,0,,-0.005017638313919408,-0.0095353230532178,0.4857142857142857,-0.03137425916755845,-0.013028879191785199,-0.2242072351640484,-0.07060040980543708,-0.011017638313919408,-0.013938348281876699,-0.019518727076767793,-0.03999763383337288
2021_2025,exit,pocket_pivot,signal_low_failure,2024,34,27,19.0,0,,0.06722070292731447,0.0597385441528534,0.5882352941176471,0.04999474549077845,0.06668930808230947,-0.1314285452706473,-0.05935421000613451,0.06122070292731447,0.05298199474913341,0.05901909079736266,0.04802614300615276
2021_2025,exit,pocket_pivot,signal_low_failure,2025,46,37,19.0,0,,0.03870567005985096,0.00036632943013359745,0.5,0.023864598511038258,0.03859872182138233,-0.16369583955064904,-0.0757361309531948,0.032705670059850964,0.026515644679794163,0.030294988224400594,0.026957004981305474
2021_2025,exit,pocket_pivot,half_at6,all,150,120,26.0,0,,0.026611021468646735,0.035206611056112225,0.58,0.010940717383215764,0.026711146699588243,-0.22251857117337526,-0.071135814180289,0.020611021468646733,0.021921354850733415,0.02475256662421123,0.012859455459163959
2021_2025,exit,pocket_pivot,half_at6,2021,21,17,13.0,0,,0.047123706962198995,0.09067636939150225,0.7142857142857143,0.008693588733287896,0.05168637718728149,-0.10676679581163573,-0.04736606559351651,0.041123706962199,0.038065211185417246,0.04513295914716572,0.012739034402327406
2021_2025,exit,pocket_pivot,half_at6,2022,17,12,13.0,0,,-0.04549067566883926,-0.03907613728269099,0.23529411764705882,-0.0175616717627673,-0.04253137826117418,-0.22251857117337526,-0.08201048115799903,-0.05149067566883926,-0.0560460685933891,-0.056072928995213656,-0.0027372121597958135
2021_2025,exit,pocket_pivot,half_at6,2023,33,27,15.0,0,,0.012740311042980597,0.032140088107279086,0.5757575757575758,-0.012077382403050705,0.006138863461854744,-0.12441886025806248,-0.07640723036996049,0.006740311042980597,0.005767614732916467,0.002085840845554924,-0.016608412147700796
2021_2025,exit,pocket_pivot,half_at6,2024,33,27,19.0,0,,0.05989842698489384,0.07738061681809927,0.7272727272727273,0.04131068890569004,0.05842854422215041,-0.1314285452706473,-0.06512211876321952,0.05389842698489384,0.0493046850569541,0.050765813279073764,0.03948564734325456
2021_2025,exit,pocket_pivot,half_at6,2025,46,37,19.0,0,,0.029963445772635714,0.04163261529209766,0.5434782608695652,0.01722590324920142,0.029560154687371755,-0.16369583955064904,-0.07850082714127349,0.023963445772635712,0.0184367134750792,0.02316509854898061,0.020046817997235337
2021_2025,exit,pocket_pivot,atr_2r,all,139,110,26.0,0,,0.05050967474112655,0.03747050194530077,0.5683453237410072,0.025747362099578806,0.04834931207021033,-0.22499446895223596,-0.07663318260024622,0.044509674741126555,0.042056281385602814,0.04364621612026144,0.025285144468040793
2021_2025,exit,pocket_pivot,atr_2r,2021,21,17,13.0,0,,0.0708758242762115,0.08275219224418606,0.6666666666666666,0.015751555491294287,0.06852985215030873,-0.13838731937318716,-0.054646664280717856,0.0648758242762115,0.056722380980642584,0.05322743933521122,0.012849130810722717
2021_2025,exit,pocket_pivot,atr_2r,2022,18,13,13.0,0,,-0.04819827681483556,-0.05005977389282967,0.2222222222222222,-0.02344444142123468,-0.044046462698908516,-0.22251857117337526,-0.07799663802766545,-0.05419827681483556,-0.061733159780348476,-0.056922688176848646,-0.009910503002694231
2021_2025,exit,pocket_pivot,atr_2r,2023,29,23,15.0,0,,0.039268183996400766,0.03294272016692368,0.5862068965517241,0.00709234257045329,0.03031797499647746,-0.15306832758031286,-0.06958638395483176,0.03326818399640077,0.031788040552294686,0.02216276897426447,0.0011984829423689637
2021_2025,exit,pocket_pivot,atr_2r,2024,32,25,19.0,0,,0.07660707838742364,0.0597385441528534,0.65625,0.0464747790099129,0.08005851029726571,-0.22499446895223596,-0.0857366166417845,0.07060707838742364,0.0535057110775954,0.06886588836811157,0.04696819389123172
2021_2025,exit,pocket_pivot,atr_2r,2025,39,32,19.0,0,,0.07204660557923102,0.04756637219363036,0.5897435897435898,0.050698198698618975,0.06335139605947106,-0.15643269882727673,-0.08561323281574232,0.06604660557923102,0.06077401747649979,0.04729864204156244,0.04656241411818585
2021_2025,pattern,strong_flag,common,all,125,78,27.0,0,,0.04895387316163457,0.08632265110393189,0.616,0.03820874861812285,0.04592944667244691,-0.4098891372308733,-0.06764178099304047,0.04295387316163457,0.04331874584988925,0.042542423158170035,0.032805333405344625
2021_2025,pattern,strong_flag,common,2021,6,5,5.0,0,,0.06888072160551219,0.046929007275184564,0.6666666666666666,0.04003263055804792,0.08908045545985,-0.11483977333555972,-0.06397323211127749,0.06288072160551218,0.021310814472261286,0.03466800500687081,0.061468200238425606
2021_2025,pattern,strong_flag,common,2022,8,7,7.0,0,,-0.03588299508691577,-0.048374110291415806,0.25,-0.005122646080051238,-0.032267315447505815,-0.12965441322774562,-0.07249534125751661,-0.041882995086915766,-0.053947840225562795,-0.05274035483602568,-0.003160001197112096
2021_2025,pattern,strong_flag,common,2023,32,19,19.0,0,,-0.0098570635990109,-0.07053128659056346,0.4375,-0.0077174831175495645,-0.018222561991020004,-0.4098891372308733,-0.09664132074187873,-0.0158570635990109,-0.020426396981969956,-0.028430692328993028,-0.029609445533744116
2021_2025,pattern,strong_flag,common,2024,22,17,16.0,0,,0.04459985502155584,0.12140356793376339,0.6363636363636364,0.031076683819652336,0.050470790942674704,-0.1684204508088084,-0.06845168062965111,0.03859985502155584,0.030159768929432694,0.04196623928075122,0.0384361134659389
2021_2025,pattern,strong_flag,common,2025,57,30,25.0,0,,0.09346040352562619,0.11928767123287676,0.7543859649122807,0.07263423470678446,0.09503970010293535,-0.12007829878469212,-0.05075370638262838,0.08746040352562619,0.08247662900532275,0.0902416963899987,0.07275868496749048
2021_2025,unique_pattern,strong_flag,common,all,89,62,27.0,0,,0.044755272862756455,0.06030539353987319,0.5955056179775281,0.0356188713809026,0.040032433546408876,-0.4098891372308733,-0.06898216480646989,0.03875527286275646,0.03669184918525726,0.03509234303904947,0.028788837266495056
2021_2025,unique_pattern,strong_flag,common,2021,4,4,4.0,0,,0.10126442725782664,0.10658361254754978,0.75,0.06821334197628787,0.10126442725782664,-0.11483977333555972,-0.05878933123083949,0.09526442725782663,0.03277581725317994,0.03277581725317994,0.06821334197628787
2021_2025,unique_pattern,strong_flag,common,2022,7,6,6.0,0,,-0.03111888135595431,-0.044540565793055875,0.2857142857142857,-0.005924588525662577,-0.026106569488149118,-0.12965441322774562,-0.06676302642508324,-0.03711888135595431,-0.051400515062548925,-0.04944206756250162,-0.003768493236502135
2021_2025,unique_pattern,strong_flag,common,2023,20,16,13.0,0,,-0.049722937800950856,-0.07898986118392698,0.35,-0.04120003959126822,-0.0564081930583749,-0.4098891372308733,-0.11624901524035965,-0.055722937800950854,-0.07304757131043305,-0.06937266442119733,-0.05792902094301444
2021_2025,unique_pattern,strong_flag,common,2024,15,12,12.0,0,,0.026330435461268807,0.056115662508205544,0.5333333333333333,0.014549378050881086,0.04830919607812393,-0.14402832021469136,-0.07106561214470018,0.02033043546126881,0.008446729518953089,0.035028023542585635,0.03451349386772395
2021_2025,unique_pattern,strong_flag,common,2025,43,24,21.0,0,,0.10222083649641121,0.1205403977926296,0.7674418604651163,0.08242926571481314,0.1065172218238104,-0.12007829878469212,-0.047580224904632165,0.09622083649641121,0.08791384301653024,0.09630588562070075,0.08530699627967075
2021_2025,exit,strong_flag,ma20_failure,all,127,80,27.0,0,,0.039664817763543296,0.01771137649430288,0.5275590551181102,0.030159481142441893,0.030823233743191514,-0.4098891372308733,-0.060650094772024384,0.0336648177635433,0.03397122760241644,0.027330739774475376,0.019873478276411734
2021_2025,exit,strong_flag,ma20_failure,2021,6,5,5.0,0,,0.037505266496718793,-0.008957498793550397,0.5,0.026618723430174258,0.05074437973756285,-0.042377257401439494,-0.054125312882320885,0.031505266496718795,-0.01633973165829079,-0.013252089645988119,0.039973432230878306
2021_2025,exit,strong_flag,ma20_failure,2022,8,7,7.0,0,,-0.03399494861883999,-0.048374110291415806,0.25,-0.008796582533302205,-0.03010954805541921,-0.12965441322774562,-0.06618221176314748,-0.03999494861883999,-0.05179007283347619,-0.05022295954525798,-0.007358785715113202
2021_2025,exit,strong_flag,ma20_failure,2023,33,20,19.0,0,,-0.011377434301922614,-0.03496646494452316,0.36363636363636365,-0.012614028937405297,-0.026207536657621565,-0.4098891372308733,-0.0806857875461897,-0.017377434301922616,-0.021703909879167618,-0.03629865880236451,-0.037627493370504486
2021_2025,exit,strong_flag,ma20_failure,2024,23,18,16.0,0,,0.03329890154385664,0.056115662508205544,0.5217391304347826,0.024560916103232754,0.035665568350105765,-0.1684204508088084,-0.06360967972867758,0.02729890154385664,0.022891699396955272,0.02679038898637961,0.02759485026291297
2021_2025,exit,strong_flag,ma20_failure,2025,57,30,25.0,0,,0.0823498323227219,0.11583556726959543,0.6666666666666666,0.06302239139185113,0.07683580466686563,-0.12007829878469212,-0.04776664634849378,0.0763498323227219,0.07096203703140375,0.07141008042165072,0.05657883878806653
2021_2025,exit,strong_flag,signal_low_failure,all,130,81,27.0,0,,0.04041628779922549,0.04927780790106784,0.5384615384615384,0.03152264046118776,0.042152334646448325,-0.4098891372308733,-0.06366746510573996,0.03441628779922549,0.03621894335090621,0.03884511061363185,0.02951528566453654
2021_2025,exit,strong_flag,signal_low_failure,2021,6,5,5.0,0,,0.07689487379494088,0.046929007275184564,0.6666666666666666,0.049872735960942584,0.0938889467735072,-0.06675486019898758,-0.05595907992184881,0.07089487379494087,0.030927797099575716,0.04067861914894233,0.06737226348016241
2021_2025,exit,strong_flag,signal_low_failure,2022,8,7,7.0,0,,-0.03649660388702944,-0.048374110291415806,0.25,-0.007897790311450464,-0.032968582647635726,-0.12965441322774562,-0.06718523082251725,-0.04249660388702944,-0.0546491074256927,-0.05355849990284391,-0.006331594604425498
2021_2025,exit,strong_flag,signal_low_failure,2023,32,19,19.0,0,,-0.014181669414588892,-0.0603065691610819,0.375,-0.012986052792031577,-0.026594532717288944,-0.4098891372308733,-0.09199041766422408,-0.02018166941458889,-0.025039309851919815,-0.03726777254005468,-0.03752744706559574
2021_2025,exit,strong_flag,signal_low_failure,2024,24,19,16.0,0,,0.03672165494493115,0.08810712612092564,0.5833333333333334,0.025945037372694647,0.04525532326849918,-0.1684204508088084,-0.0670252493081267,0.030721654944931148,0.02287810394512604,0.037405973587113,0.03382964635513758
2021_2025,exit,strong_flag,signal_low_failure,2025,60,31,25.0,0,,0.07762024508024,0.11228893931857342,0.6333333333333333,0.060912699318011604,0.09100385259855592,-0.10079038691182596,-0.047520579816412584,0.07162024508024,0.0705643936812736,0.08623125409257118,0.06995019990826874
2021_2025,exit,strong_flag,half_at6,all,125,78,27.0,0,,0.04309095474977777,0.07469380315917373,0.632,0.033437399105618014,0.0393564788622081,-0.19187530278609455,-0.06764178099304047,0.03709095474977777,0.03787786410041551,0.03588409212961643,0.02750215210567256
2021_2025,exit,strong_flag,half_at6,2021,6,5,5.0,0,,0.06449805428408519,0.059867963410081326,0.6666666666666666,0.04140886628097837,0.08141226215854083,-0.11483977333555972,-0.06397323211127749,0.05849805428408519,0.016051613686548883,0.025082763380234352,0.058111949458432635
2021_2025,exit,strong_flag,half_at6,2022,8,7,7.0,0,,-0.03588299508691577,-0.048374110291415806,0.25,-0.005122646080051238,-0.032267315447505815,-0.12965441322774562,-0.07249534125751661,-0.041882995086915766,-0.053947840225562795,-0.05274035483602568,-0.003160001197112096
2021_2025,exit,strong_flag,half_at6,2023,32,19,19.0,0,,0.0013965945253625843,-0.014760734622240253,0.46875,0.0017237566970912076,-0.004961799785265663,-0.19187530278609455,-0.09664132074187873,-0.004603405474637416,-0.007507861700581864,-0.011999358476109619,-0.017527604828929958
2021_2025,exit,strong_flag,half_at6,2024,22,17,16.0,0,,0.03060992430892122,0.09599921915762849,0.6363636363636364,0.01865316324779081,0.03446078309488712,-0.1684204508088084,-0.06845168062965111,0.02460992430892122,0.017910749623452498,0.025716271922593775,0.023976635627407213
2021_2025,exit,strong_flag,half_at6,2025,57,30,25.0,0,,0.08014623893166957,0.09883604928996259,0.7719298245614035,0.061520579884183774,0.07990187106330117,-0.12007829878469212,-0.05075370638262838,0.07414623893166956,0.06983533744971004,0.07555089635054735,0.06007166038046092
2021_2025,exit,strong_flag,atr_2r,all,115,75,27.0,0,,0.04904061803176197,0.043254136547163036,0.5652173913043478,0.037260098978386426,0.028679549358184897,-0.4098891372308733,-0.08548692110691748,0.04304061803176197,0.040349770960231596,0.023642713022652584,0.017436465468268793
2021_2025,exit,strong_flag,atr_2r,2021,6,5,5.0,0,,0.049617012557031104,0.046929007275184564,0.6666666666666666,0.032480920102533305,0.06596400460167269,-0.11483977333555972,-0.07221630879259348,0.043617012557031105,-0.0018056363859160207,0.005772441434149178,0.05240614769180807
2021_2025,exit,strong_flag,atr_2r,2022,8,7,7.0,0,,-0.04261188702304662,-0.048374110291415806,0.25,-0.009449697069843,-0.03995747766022679,-0.19858992046139867,-0.07479915016735411,-0.04861188702304662,-0.06163800243828377,-0.061712210750866824,-0.00810520232830268
2021_2025,exit,strong_flag,atr_2r,2023,30,18,19.0,0,,-0.03869327435954141,-0.07578373856668436,0.26666666666666666,-0.03413604916600193,-0.05679603880063206,-0.4098891372308733,-0.11494672626692767,-0.04469327435954141,-0.05641526769761215,-0.07519749503454749,-0.06253611664174061
2021_2025,exit,strong_flag,atr_2r,2024,23,18,16.0,0,,0.030284910914512464,0.04811484486297268,0.6086956521739131,0.01393341635549268,0.025049776350226472,-0.27354173865065823,-0.0930442093830048,0.024284910914512466,0.0006125056652728434,0.002911208006852971,0.009245642617135326
2021_2025,exit,strong_flag,atr_2r,2025,48,27,25.0,0,,0.1280647786301514,0.13909505428761648,0.7708333333333334,0.1014424236929523,0.09897337950312562,-0.20689853069367103,-0.06689346394550366,0.12206477863015139,0.11643654279520273,0.09013592701213484,0.07635811557044937
2021_2025,pattern,volume_climax_recovery,common,all,4,4,4.0,0,,0.09168601063274268,0.09604861807254972,0.75,0.08261456948872206,0.09168601063274268,-0.00980823104708994,-0.014353302406093144,0.08568601063274267,0.060763001699336495,0.060763001699336495,0.08261456948872206
2021_2025,pattern,volume_climax_recovery,common,2022,1,1,1.0,0,,0.04113775703733369,0.04113775703733369,1.0,0.0749618968546083,0.04113775703733369,0.04113775703733369,0.0,0.03513775703733369,,,0.0749618968546083
2021_2025,pattern,volume_climax_recovery,common,2023,2,2,2.0,0,,0.0705756240303379,0.0705756240303379,0.5,0.0397889436137967,0.0705756240303379,-0.00980823104708994,-0.026594570793324834,0.0645756240303379,-0.00980823104708994,-0.009808231047089944,0.0397889436137967
2021_2025,pattern,volume_climax_recovery,common,2025,1,1,1.0,0,,0.1844550374329612,0.1844550374329612,1.0,0.17591849387268654,0.1844550374329612,0.1844550374329612,-0.004224068037722906,0.1784550374329612,,,0.17591849387268654
2021_2025,unique_pattern,volume_climax_recovery,common,all,2,2,2.0,0,,0.16770725827036348,0.16770725827036348,1.0,0.15208775413537257,0.16770725827036348,0.15095947910776575,-0.003700436477108271,0.16170725827036347,0.15095947910776575,0.15095947910776575,0.15208775413537257
2021_2025,unique_pattern,volume_climax_recovery,common,2023,1,1,1.0,0,,0.15095947910776575,0.15095947910776575,1.0,0.1282570143980586,0.15095947910776575,0.15095947910776575,-0.0031768049164936363,0.14495947910776574,,,0.1282570143980586
2021_2025,unique_pattern,volume_climax_recovery,common,2025,1,1,1.0,0,,0.1844550374329612,0.1844550374329612,1.0,0.17591849387268654,0.1844550374329612,0.1844550374329612,-0.004224068037722906,0.1784550374329612,,,0.17591849387268654
2021_2025,exit,volume_climax_recovery,ma20_failure,all,4,4,4.0,0,,0.0843339520896915,0.09604861807254972,0.75,0.07845437257031496,0.0843339520896915,-0.03921646521929467,-0.012121708596402353,0.07833395208969149,0.05096025697526826,0.05096025697526826,0.07845437257031496
2021_2025,exit,volume_climax_recovery,ma20_failure,2022,1,1,1.0,0,,0.04113775703733369,0.04113775703733369,1.0,0.0749618968546083,0.04113775703733369,0.04113775703733369,0.0,0.03513775703733369,,,0.0749618968546083
2021_2025,exit,volume_climax_recovery,ma20_failure,2023,2,2,2.0,0,,0.05587150694423554,0.05587150694423554,0.5,0.03146854977698249,0.05587150694423554,-0.03921646521929467,-0.022131383173943253,0.04987150694423554,-0.03921646521929467,-0.03921646521929467,0.03146854977698249
2021_2025,exit,volume_climax_recovery,ma20_failure,2025,1,1,1.0,0,,0.1844550374329612,0.1844550374329612,1.0,0.17591849387268654,0.1844550374329612,0.1844550374329612,-0.004224068037722906,0.1784550374329612,,,0.17591849387268654
2021_2025,exit,volume_climax_recovery,signal_low_failure,all,4,4,4.0,0,,0.08460904487117193,0.09604861807254972,0.75,0.0757987881307278,0.08460904487117193,-0.03811609409337291,-0.014353302406093144,0.07860904487117193,0.05132704735057551,0.05132704735057551,0.0757987881307278
2021_2025,exit,volume_climax_recovery,signal_low_failure,2022,1,1,1.0,0,,0.04113775703733369,0.04113775703733369,1.0,0.0749618968546083,0.04113775703733369,0.04113775703733369,0.0,0.03513775703733369,,,0.0749618968546083
2021_2025,exit,volume_climax_recovery,signal_low_failure,2023,2,2,2.0,0,,0.05642169250719642,0.05642169250719642,0.5,0.02615738089780817,0.05642169250719642,-0.03811609409337291,-0.026594570793324834,0.05042169250719642,-0.03811609409337291,-0.03811609409337291,0.02615738089780817
2021_2025,exit,volume_climax_recovery,signal_low_failure,2025,1,1,1.0,0,,0.1844550374329612,0.1844550374329612,1.0,0.17591849387268654,0.1844550374329612,0.1844550374329612,-0.004224068037722906,0.1784550374329612,,,0.17591849387268654
2021_2025,exit,volume_climax_recovery,half_at6,all,4,4,4.0,0,,0.08982218030994996,0.09232095742696428,0.75,0.07766129563024991,0.08982218030994996,-0.00980823104708994,-0.014353302406093144,0.08382218030994995,0.058277894602279535,0.058277894602279535,0.07766129563024991
2021_2025,exit,volume_climax_recovery,half_at6,2022,1,1,1.0,0,,0.05292001872447061,0.05292001872447061,1.0,0.06857737626719179,0.05292001872447061,0.05292001872447061,0.0,0.04692001872447061,,,0.06857737626719179
2021_2025,exit,volume_climax_recovery,half_at6,2023,2,2,2.0,0,,0.060956832541184,0.060956832541184,0.5,0.03307465619056066,0.060956832541184,-0.00980823104708994,-0.026594570793324834,0.054956832541184004,-0.00980823104708994,-0.009808231047089944,0.03307465619056066
2021_2025,exit,volume_climax_recovery,half_at6,2025,1,1,1.0,0,,0.1844550374329612,0.1844550374329612,1.0,0.17591849387268654,0.1844550374329612,0.1844550374329612,-0.004224068037722906,0.1784550374329612,,,0.17591849387268654
2021_2025,exit,volume_climax_recovery,atr_2r,all,4,4,4.0,0,,0.05840791421230346,0.02488476643298987,0.75,0.05154860020389207,0.05840791421230346,-0.00980823104708994,-0.04654004969250103,0.05240791421230346,0.01332043393962993,0.01332043393962993,0.05154860020389207
2021_2025,exit,volume_climax_recovery,atr_2r,2022,1,1,1.0,0,,0.04113775703733369,0.04113775703733369,1.0,0.0749618968546083,0.04113775703733369,0.04113775703733369,0.0,0.03513775703733369,,,0.0749618968546083
2021_2025,exit,volume_climax_recovery,atr_2r,2023,2,2,2.0,0,,0.09193106199161705,0.09193106199161705,0.5,0.05715655772003547,0.09193106199161705,-0.00980823104708994,-0.026594570793324834,0.08593106199161704,-0.00980823104708994,-0.009808231047089944,0.05715655772003547
2021_2025,exit,volume_climax_recovery,atr_2r,2025,1,1,1.0,0,,0.008631775828646052,0.008631775828646052,1.0,0.016919388520889037,0.008631775828646052,0.008631775828646052,-0.13297105718335445,0.002631775828646052,,,0.016919388520889037
2021_2025,pattern,anchored_vwap_reclaim,common,all,83,69,26.0,0,,0.024698214120045865,0.009571972033191715,0.5301204819277109,0.018251901785204933,0.020409633480440243,-0.4098891372308733,-0.07593840046863978,0.018698214120045867,0.02006158972615623,0.015746052629965465,0.01449156952246461
2021_2025,pattern,anchored_vwap_reclaim,common,2021,13,12,10.0,0,,0.02937070125052534,0.049846196168980006,0.6153846153846154,0.004441781191397607,0.031120676367895266,-0.10676684206996212,-0.0627758604932117,0.023370701250525337,0.018841999548335042,0.01979390861253948,0.005293961972502749
2021_2025,pattern,anchored_vwap_reclaim,common,2022,5,5,4.0,0,,-0.04115122516282412,-0.03907613728269099,0.2,0.012494239957517616,-0.04115122516282412,-0.11489864657568472,-0.09733405514997143,-0.04715122516282412,-0.0432622636734451,-0.061171359399005004,0.012494239957517616
2021_2025,pattern,anchored_vwap_reclaim,common,2023,22,17,16.0,0,,-0.05997066510176392,-0.06234302600217262,0.2727272727272727,-0.0671112852945202,-0.06733641170339669,-0.4098891372308733,-0.1080139680196487,-0.06597066510176393,-0.0716007623141596,-0.07921748760007072,-0.07438698507464048
2021_2025,pattern,anchored_vwap_reclaim,common,2024,11,10,10.0,0,,0.04922006215682799,0.1104653923578176,0.5454545454545454,0.0392857880491988,0.031066622070493544,-0.16944119226117849,-0.05970963655965034,0.04322006215682799,0.028616143338536147,0.008879084187195888,0.022097022974207837
2021_2025,pattern,anchored_vwap_reclaim,common,2025,32,25,16.0,0,,0.08286946031358738,0.11362047213197468,0.71875,0.07621869065107845,0.08298501991210248,-0.19984057507387876,-0.061469296192095894,0.07686946031358738,0.07573585378230205,0.0723788486037432,0.07670112280476989
2021_2025,unique_pattern,anchored_vwap_reclaim,common,all,43,37,21.0,0,,0.027435683011677568,0.014072319727547859,0.5116279069767442,0.025819749828569293,0.015840349225410964,-0.4098891372308733,-0.0754654467982515,0.021435683011677566,0.01836774439077068,0.006904438611874465,0.015115777859499151
2021_2025,unique_pattern,anchored_vwap_reclaim,common,2021,3,3,3.0,0,,0.0620137322036645,0.12350884175413457,0.6666666666666666,0.0524853279851862,0.0620137322036645,-0.06946333835055818,-0.03797514944735373,0.0560137322036645,0.027022751701788195,0.027022751701788195,0.0524853279851862
2021_2025,unique_pattern,anchored_vwap_reclaim,common,2022,3,3,3.0,0,,-0.012315604431253457,-0.03679998779296878,0.3333333333333333,0.021424555718779992,-0.012315604431253457,-0.03907613728269099,-0.06363391660893584,-0.018315604431253456,-0.037938062537829886,-0.037938062537829886,0.021424555718779992
2021_2025,unique_pattern,anchored_vwap_reclaim,common,2023,11,10,10.0,0,,-0.1123792602081689,-0.10244327377026885,0.09090909090909091,-0.11293363228942878,-0.1128816394483673,-0.4098891372308733,-0.12949488443818397,-0.1183792602081689,-0.13871313413976236,-0.14219731928793763,-0.11712638187980431
2021_2025,unique_pattern,anchored_vwap_reclaim,common,2024,5,4,5.0,0,,0.08549853081125518,0.1104653923578176,0.6,0.08799142523166201,0.049184547759025865,-0.0811121785119826,-0.054878249187046625,0.07949853081125517,0.04305835092913238,-0.011338757328022994,0.05719592183980041
2021_2025,unique_pattern,anchored_vwap_reclaim,common,2025,21,17,13.0,0,,0.08758662830564211,0.11667469320521096,0.7142857142857143,0.08051582954961846,0.08053392596885543,-0.11913127229572773,-0.059112001876223286,0.0815866283056421,0.07746081114150977,0.06447147563486358,0.07529613300755361
2021_2025,exit,anchored_vwap_reclaim,ma20_failure,all,85,71,26.0,0,,0.017792928129186064,-0.02182067027212797,0.4470588235294118,0.013983895291767317,0.011596260188156949,-0.4098891372308733,-0.06879429292377694,0.011792928129186064,0.013016759720847646,0.00694001917209169,0.008958126430674647
2021_2025,exit,anchored_vwap_reclaim,ma20_failure,2021,13,12,10.0,0,,0.004590326505417148,-0.02562723135568423,0.38461538461538464,-0.008399152254011657,0.004275270394028058,-0.10676684206996212,-0.05428855945174594,-0.0014096734945828523,-0.0060267873864161825,-0.008426616623963257,-0.008617049260023954
2021_2025,exit,anchored_vwap_reclaim,ma20_failure,2022,5,5,4.0,0,,-0.029119742977725703,-0.038416793055865206,0.2,0.02464152932263053,-0.029119742977725703,-0.05540057987701841,-0.06403524496570387,-0.0351197429777257,-0.048703744538220906,-0.04613200666763198,0.02464152932263053
2021_2025,exit,anchored_vwap_reclaim,ma20_failure,2023,23,18,16.0,0,,-0.061979034956115,-0.049275594985775606,0.17391304347826086,-0.06610713474940659,-0.07212552925099022,-0.4098891372308733,-0.09958979628189826,-0.067979034956115,-0.07184619923156314,-0.08357225715348822,-0.07478939672923143
2021_2025,exit,anchored_vwap_reclaim,ma20_failure,2024,11,10,10.0,0,,0.05788949760443112,0.1104653923578176,0.5454545454545454,0.04674823497762586,0.04060300106285699,-0.1106176319127472,-0.04878388092591242,0.05188949760443112,0.038152522330899594,0.019475060845377496,0.030305714595477606
2021_2025,exit,anchored_vwap_reclaim,ma20_failure,2025,33,26,16.0,0,,0.07233505126184617,0.1091967017639277,0.6666666666666666,0.0660862408173239,0.06960997920802653,-0.19984057507387876,-0.060436345337912915,0.06633505126184616,0.06473440325898719,0.058893053123838586,0.06382215062524711
2021_2025,exit,anchored_vwap_reclaim,signal_low_failure,all,84,69,26.0,0,,0.026649393955284054,0.0021596812693027746,0.5119047619047619,0.021033699023020384,0.019846585915470238,-0.4098891372308733,-0.07278397944571441,0.020649393955284055,0.022142277757685836,0.015174724953745904,0.014728342394520878
2021_2025,exit,anchored_vwap_reclaim,signal_low_failure,2021,13,12,10.0,0,,0.030927843294006527,0.049846196168980006,0.5384615384615384,0.008720575984584148,0.030556811759248736,-0.10676679581163573,-0.05648843037252403,0.024927843294006526,0.020528903428772994,0.019178783584925085,0.007039355707496031
2021_2025,exit,anchored_vwap_reclaim,signal_low_failure,2022,5,5,4.0,0,,-0.04786375069474895,-0.05540057987701841,0.2,0.01585343338277385,-0.04786375069474895,-0.11489864657568472,-0.09481917710347972,-0.05386375069474895,-0.05444980622665315,-0.06956201631391104,0.01585343338277385
2021_2025,exit,anchored_vwap_reclaim,signal_low_failure,2023,22,17,16.0,0,,-0.056766307470902076,-0.052174037274651086,0.2727272727272727,-0.06511716677620961,-0.06418222241919715,-0.4098891372308733,-0.10522767277005816,-0.06276630747090207,-0.06666057576789743,-0.07586616148560871,-0.0724791839217533
2021_2025,exit,anchored_vwap_reclaim,signal_low_failure,2024,11,10,10.0,0,,0.05066545010756316,0.1104653923578176,0.5454545454545454,0.04115462905182672,0.032656548816302235,-0.16944119226117849,-0.05616717956796253,0.04466545010756316,0.030206070084344838,0.010645669460316655,0.02415274807709855
2021_2025,exit,anchored_vwap_reclaim,signal_low_failure,2025,33,25,16.0,0,,0.08385893018400521,0.11667469320521096,0.696969696969697,0.07739614584020506,0.08026334933974143,-0.19984057507387876,-0.059774576269422154,0.0778589301840052,0.07701927675827214,0.06954377509086711,0.0737253934286776
2021_2025,exit,anchored_vwap_reclaim,half_at6,all,83,69,26.0,0,,0.020163098561727412,0.014846037825041073,0.5421686746987951,0.013854405504332108,0.018071509119713988,-0.19984057507387876,-0.07593840046863978,0.014163098561727412,0.01658614075922493,0.014516940493982533,0.012275936825581934
2021_2025,exit,anchored_vwap_reclaim,half_at6,2021,13,12,10.0,0,,0.02827866540471657,0.049846196168980006,0.6153846153846154,0.000950175744797474,0.03070013362368895,-0.10676684206996212,-0.0627758604932117,0.02227866540471657,0.019727457282820757,0.021591676419709185,0.0018247023889331245
2021_2025,exit,anchored_vwap_reclaim,half_at6,2022,5,5,4.0,0,,-0.020501131094614534,-0.03679998779296878,0.2,0.025814179589971543,-0.020501131094614534,-0.05391066594467553,-0.09733405514997143,-0.026501131094614536,-0.0432622636734451,-0.035358741813743017,0.025814179589971543
2021_2025,exit,anchored_vwap_reclaim,half_at6,2023,22,17,16.0,0,,-0.052178471464654215,-0.06234302600217262,0.2727272727272727,-0.05604466993192376,-0.055879555777725305,-0.19783257343974991,-0.1080139680196487,-0.05817847146465421,-0.062288126632487416,-0.06609980248098599,-0.05887886481542511
2021_2025,exit,anchored_vwap_reclaim,half_at6,2024,11,10,10.0,0,,0.0321521370922497,0.09110360243927995,0.6363636363636364,0.021920857827186693,0.02008965885229073,-0.16944119226117849,-0.05970963655965034,0.0261521370922497,0.018932334128630796,0.005346629892340884,0.010391278909598633
2021_2025,exit,anchored_vwap_reclaim,half_at6,2025,32,25,16.0,0,,0.06883353281383682,0.11162924321603085,0.71875,0.06251080551970654,0.06920376163789974,-0.19984057507387876,-0.061469296192095894,0.06283353281383681,0.06400093552266888,0.06126299438658502,0.06372400908457355
2021_2025,exit,anchored_vwap_reclaim,atr_2r,all,80,67,26.0,0,,0.0314400182645936,0.0048399378236457825,0.5125,0.0204421036977011,0.038645059152009505,-0.4098891372308733,-0.09173653926235936,0.0254400182645936,0.023102696506870336,0.03396059345900051,0.027578773793071953
2021_2025,exit,anchored_vwap_reclaim,atr_2r,2021,13,12,10.0,0,,0.008929138506819739,0.03141914773045218,0.5384615384615384,-0.026895066748549364,0.012812720646534298,-0.13838731937318716,-0.07581438424532466,0.0029291385068197385,-0.0033030267573460246,-0.00017840671985430207,-0.022614872505807387
2021_2025,exit,anchored_vwap_reclaim,atr_2r,2022,5,5,4.0,0,,-0.05063115916717449,-0.04348806836155572,0.2,0.008374708413592691,-0.05063115916717449,-0.12063482433838846,-0.09404499542492231,-0.05663115916717449,-0.05715009442646113,-0.07302127690444296,0.008374708413592691
2021_2025,exit,anchored_vwap_reclaim,atr_2r,2023,22,17,16.0,0,,-0.0692609139873799,-0.07153550133856895,0.22727272727272727,-0.07905542522701751,-0.07455174188862027,-0.4098891372308733,-0.11607028793374807,-0.0752609139873799,-0.08182003608833718,-0.08688377592187077,-0.08385106930566874
2021_2025,exit,anchored_vwap_reclaim,atr_2r,2024,11,10,10.0,0,,0.09103605545006911,0.19474213353624004,0.5454545454545454,0.066793897903372,0.07540602144362592,-0.16944119226117849,-0.07381629129184114,0.0850360554500691,0.06983013368340979,0.0501072157021774,0.050882701723625676
2021_2025,exit,anchored_vwap_reclaim,atr_2r,2025,29,23,16.0,0,,0.1094697225581483,0.07455973953921924,0.7586206896551724,0.10164196894953657,0.13921484821445143,-0.22014795351657734,-0.08681329758352441,0.10346972255814829,0.0937818509249165,0.12973280518371727,0.13017060578685466
2021_2025,pattern,regression_reclaim,common,all,9,9,9.0,0,,0.029767405897678147,0.004192196243931082,0.6666666666666666,-0.0013512884217381257,0.029767405897678147,-0.15521948780012107,-0.07823342256686773,0.023767405897678145,0.002333978561024505,0.002333978561024505,-0.0013512884217381257
2021_2025,pattern,regression_reclaim,common,2021,1,1,1.0,0,,0.05550051749387652,0.05550051749387652,1.0,-0.019235944575408004,0.05550051749387652,0.05550051749387652,-0.09122735032747831,0.049500517493876524,,,-0.019235944575408004
2021_2025,pattern,regression_reclaim,common,2022,2,2,2.0,0,,-0.045042384209995845,-0.045042384209995845,0.5,-0.03948688420000085,-0.045042384209995845,-0.09021679129974158,-0.06476855724762492,-0.05104238420999584,-0.09021679129974158,-0.09021679129974158,-0.03948688420000085
2021_2025,pattern,regression_reclaim,common,2023,2,2,2.0,0,,0.00024383900882057885,0.00024383900882057885,0.5,-0.05363688228909674,0.00024383900882057885,-0.15521948780012107,-0.12604573357420396,-0.005756160991179421,-0.15521948780012107,-0.15521948780012107,-0.05363688228909674
2021_2025,pattern,regression_reclaim,common,2024,3,3,3.0,0,,0.12595317270486292,0.12443249727975036,1.0,0.09475022528352232,0.12595317270486292,0.004192196243931082,-0.05213152326866233,0.11995317270486291,0.06431234676184072,0.06431234676184072,0.09475022528352232
2021_2025,pattern,regression_reclaim,common,2025,1,1,1.0,0,,-0.0758562921270114,-0.0758562921270114,0.0,-0.0909287940926069,-0.0758562921270114,-0.0758562921270114,-0.07485030132468651,-0.0818562921270114,,,-0.0909287940926069
2021_2025,unique_pattern,regression_reclaim,common,all,2,2,2.0,0,,0.18683366093532883,0.18683366093532883,1.0,0.14710271394169394,0.18683366093532883,0.12443249727975036,-0.06857584801763089,0.18083366093532882,0.12443249727975036,0.12443249727975036,0.14710271394169394
2021_2025,unique_pattern,regression_reclaim,common,2024,2,2,2.0,0,,0.18683366093532883,0.18683366093532883,1.0,0.14710271394169394,0.18683366093532883,0.12443249727975036,-0.06857584801763089,0.18083366093532882,0.12443249727975036,0.12443249727975036,0.14710271394169394
2021_2025,exit,regression_reclaim,ma20_failure,all,9,9,9.0,0,,0.013153581430967318,-0.0019432010182227587,0.4444444444444444,-0.011939304969987297,0.013153581430967318,-0.15521948780012107,-0.07579506526451224,0.007153581430967318,-0.01635657396402518,-0.01635657396402518,-0.011939304969987297
2021_2025,exit,regression_reclaim,ma20_failure,2021,1,1,1.0,0,,-0.0878885054443671,-0.0878885054443671,0.0,-0.09516349811504832,-0.0878885054443671,-0.0878885054443671,-0.0838885054443671,-0.09388850544436711,,,-0.09516349811504832
2021_2025,exit,regression_reclaim,ma20_failure,2022,2,2,2.0,0,,-0.045042384209995845,-0.045042384209995845,0.5,-0.03948688420000085,-0.045042384209995845,-0.09021679129974158,-0.06476855724762492,-0.05104238420999584,-0.09021679129974158,-0.09021679129974158,-0.03948688420000085
2021_2025,exit,regression_reclaim,ma20_failure,2023,2,2,2.0,0,,0.00024383900882057885,0.00024383900882057885,0.5,-0.05363688228909674,0.00024383900882057885,-0.15521948780012107,-0.12604573357420396,-0.005756160991179421,-0.15521948780012107,-0.15521948780012107,-0.05363688228909674
2021_2025,exit,regression_reclaim,ma20_failure,2024,3,3,3.0,0,,0.12390804028414497,0.12443249727975036,0.6666666666666666,0.08829536015198824,0.12390804028414497,-0.0019432010182227587,-0.04726273298929958,0.11790804028414496,0.0612446481307638,0.0612446481307638,0.08829536015198824
2021_2025,exit,regression_reclaim,ma20_failure,2025,1,1,1.0,0,,-0.0758562921270114,-0.0758562921270114,0.0,-0.0909287940926069,-0.0758562921270114,-0.0758562921270114,-0.07485030132468651,-0.0818562921270114,,,-0.0909287940926069
2021_2025,exit,regression_reclaim,signal_low_failure,all,9,9,9.0,0,,0.029767405897678147,0.004192196243931082,0.6666666666666666,-0.0013512884217381257,0.029767405897678147,-0.15521948780012107,-0.07823342256686773,0.023767405897678145,0.002333978561024505,0.002333978561024505,-0.0013512884217381257
2021_2025,exit,regression_reclaim,signal_low_failure,2021,1,1,1.0,0,,0.05550051749387652,0.05550051749387652,1.0,-0.019235944575408004,0.05550051749387652,0.05550051749387652,-0.09122735032747831,0.049500517493876524,,,-0.019235944575408004
2021_2025,exit,regression_reclaim,signal_low_failure,2022,2,2,2.0,0,,-0.045042384209995845,-0.045042384209995845,0.5,-0.03948688420000085,-0.045042384209995845,-0.09021679129974158,-0.06476855724762492,-0.05104238420999584,-0.09021679129974158,-0.09021679129974158,-0.03948688420000085
2021_2025,exit,regression_reclaim,signal_low_failure,2023,2,2,2.0,0,,0.00024383900882057885,0.00024383900882057885,0.5,-0.05363688228909674,0.00024383900882057885,-0.15521948780012107,-0.12604573357420396,-0.005756160991179421,-0.15521948780012107,-0.15521948780012107,-0.05363688228909674
2021_2025,exit,regression_reclaim,signal_low_failure,2024,3,3,3.0,0,,0.12595317270486292,0.12443249727975036,1.0,0.09475022528352232,0.12595317270486292,0.004192196243931082,-0.05213152326866233,0.11995317270486291,0.06431234676184072,0.06431234676184072,0.09475022528352232
2021_2025,exit,regression_reclaim,signal_low_failure,2025,1,1,1.0,0,,-0.0758562921270114,-0.0758562921270114,0.0,-0.0909287940926069,-0.0758562921270114,-0.0758562921270114,-0.07485030132468651,-0.0818562921270114,,,-0.0909287940926069
2021_2025,exit,regression_reclaim,half_at6,all,9,9,9.0,0,,0.021971794994775404,0.030267658512606824,0.6666666666666666,-0.005554493863325639,0.021971794994775404,-0.15521948780012107,-0.07823342256686773,0.015971794994775405,-0.0005442139812396468,-0.0005442139812396468,-0.005554493863325639
2021_2025,exit,regression_reclaim,half_at6,2021,1,1,1.0,0,,0.05058922921919973,0.05058922921919973,1.0,-0.0009782070980348667,0.05058922921919973,0.05058922921919973,-0.09122735032747831,0.04458922921919973,,,-0.0009782070980348667
2021_2025,exit,regression_reclaim,half_at6,2022,2,2,2.0,0,,-0.045042384209995845,-0.045042384209995845,0.5,-0.03948688420000085,-0.045042384209995845,-0.09021679129974158,-0.06476855724762492,-0.05104238420999584,-0.09021679129974158,-0.09021679129974158,-0.03948688420000085
2021_2025,exit,regression_reclaim,half_at6,2023,2,2,2.0,0,,-0.021851018157235502,-0.021851018157235502,0.5,-0.0612922140757724,-0.021851018157235502,-0.15521948780012107,-0.12604573357420396,-0.0278510181572355,-0.15521948780012107,-0.15521948780012107,-0.0612922140757724
2021_2025,exit,regression_reclaim,half_at6,2024,3,3,3.0,0,,0.11893334086508434,0.12443249727975036,1.0,0.08115825099075251,0.11893334086508434,0.030267658512606824,-0.05213152326866233,0.11293334086508433,0.07735007789617859,0.07735007789617859,0.08115825099075251
2021_2025,exit,regression_reclaim,half_at6,2025,1,1,1.0,0,,-0.0758562921270114,-0.0758562921270114,0.0,-0.0909287940926069,-0.0758562921270114,-0.0758562921270114,-0.07485030132468651,-0.0818562921270114,,,-0.0909287940926069
2021_2025,exit,regression_reclaim,atr_2r,all,9,9,9.0,0,,0.06430275344333303,0.004192196243931082,0.6666666666666666,0.0332923045086987,0.06430275344333303,-0.15521948780012107,-0.082109758698688,0.05830275344333303,0.028755418049128997,0.028755418049128997,0.0332923045086987
2021_2025,exit,regression_reclaim,atr_2r,2021,1,1,1.0,0,,0.05550051749387652,0.05550051749387652,1.0,-0.019235944575408004,0.05550051749387652,0.05550051749387652,-0.09122735032747831,0.049500517493876524,,,-0.019235944575408004
2021_2025,exit,regression_reclaim,atr_2r,2022,2,2,2.0,0,,-0.07220852021523894,-0.07220852021523894,0.5,-0.0528577683572346,-0.07220852021523894,-0.14454906331022777,-0.08221206984081614,-0.07820852021523894,-0.14454906331022777,-0.14454906331022777,-0.0528577683572346
2021_2025,exit,regression_reclaim,atr_2r,2023,2,2,2.0,0,,0.027256509842521093,0.027256509842521093,0.5,-0.02715608328845226,0.027256509842521093,-0.15521948780012107,-0.12604573357420396,0.021256509842521094,-0.15521948780012107,-0.15521948780012107,-0.02715608328845226
2021_2025,exit,regression_reclaim,atr_2r,2024,3,3,3.0,0,,0.22966152545618926,0.33611094352767146,1.0,0.18994106084589232,0.22966152545618926,0.004192196243931082,-0.05213152326866233,0.22366152545618925,0.17015156988580127,0.17015156988580127,0.18994106084589232
2021_2025,exit,regression_reclaim,atr_2r,2025,1,1,1.0,0,,-0.0758562921270114,-0.0758562921270114,0.0,-0.0909287940926069,-0.0758562921270114,-0.0758562921270114,-0.07485030132468651,-0.0818562921270114,,,-0.0909287940926069
2021_2025,pattern,higher_low_breakout,common,all,62,52,27.0,0,,0.02211807903508973,0.03254140413710138,0.5645161290322581,0.007964635602834266,0.018443692873165277,-0.43768189770795896,-0.0751035899236541,0.01611807903508973,0.01328416605837582,0.012187037217487637,0.006413751017331552
2021_2025,pattern,higher_low_breakout,common,2021,3,3,3.0,0,,0.0074719959173601795,-0.022036073448160384,0.3333333333333333,-0.040468800474108835,0.0074719959173601795,-0.10633008556310253,-0.05934271472612932,0.0014719959173601794,-0.06418307950563146,-0.06418307950563146,-0.040468800474108835
2021_2025,pattern,higher_low_breakout,common,2022,7,7,5.0,0,,-0.08821738248453374,-0.11324055841003755,0.2857142857142857,-0.04258498448787023,-0.08821738248453374,-0.23672731087424537,-0.11076168274466276,-0.09421738248453375,-0.105359315189178,-0.10940849819560594,-0.04258498448787023
2021_2025,pattern,higher_low_breakout,common,2023,19,15,14.0,0,,-0.03249544928771086,-0.020000075225201416,0.42105263157894735,-0.04226436189494596,-0.02147143804251197,-0.43768189770795896,-0.09549840265477205,-0.038495449287710856,-0.04734610983338953,-0.033427988243087396,-0.0323784653859646
2021_2025,pattern,higher_low_breakout,common,2024,8,8,7.0,0,,-0.03183501780748592,-0.08630517559290424,0.375,-0.043475718196255744,-0.03183501780748592,-0.1333634762310868,-0.08087872293455646,-0.03783501780748592,-0.0534806731742396,-0.06443340079968966,-0.043475718196255744
2021_2025,pattern,higher_low_breakout,common,2025,25,19,20.0,0,,0.11354081074966448,0.11929846421397183,0.84,0.08256549287148647,0.112154180639043,-0.16369583955064904,-0.04966252871833625,0.10754081074966447,0.09489722908862393,0.09963312782383844,0.08349995116306178
2021_2025,unique_pattern,higher_low_breakout,common,all,43,41,25.0,0,,0.016184546403512134,0.03294272016692368,0.5813953488372093,0.005283801858855995,0.010020753037931008,-0.43768189770795896,-0.07610528212766457,0.010184546403512134,0.005634237441649202,0.0018329435810611582,0.0008159352920633579
2021_2025,unique_pattern,higher_low_breakout,common,2021,3,3,3.0,0,,0.0074719959173601795,-0.022036073448160384,0.3333333333333333,-0.040468800474108835,0.0074719959173601795,-0.10633008556310253,-0.05934271472612932,0.0014719959173601794,-0.06418307950563146,-0.06418307950563146,-0.040468800474108835
2021_2025,unique_pattern,higher_low_breakout,common,2022,5,5,3.0,0,,-0.08952992791151901,-0.1262222801098597,0.4,-0.04360614662055782,-0.08952992791151901,-0.23672731087424537,-0.11638871478301711,-0.09552992791151901,-0.11897484603724962,-0.12164473783487362,-0.04360614662055782
2021_2025,unique_pattern,higher_low_breakout,common,2023,12,11,11.0,0,,-0.03996615447959395,0.005043480419607286,0.5,-0.05160673793982834,-0.05594736996397159,-0.43768189770795896,-0.10372865406442257,-0.04596615447959395,-0.0667064184456243,-0.07512482854522476,-0.06393161584076469
2021_2025,unique_pattern,higher_low_breakout,common,2024,6,6,5.0,0,,-0.03555223635492213,-0.09253042896829855,0.3333333333333333,-0.045230745382529525,-0.03555223635492213,-0.1333634762310868,-0.0871648851639652,-0.041552236354922126,-0.06987932867877075,-0.08193341625349462,-0.045230745382529525
2021_2025,unique_pattern,higher_low_breakout,common,2025,17,16,14.0,0,,0.10671037759065863,0.11929846421397183,0.8235294117647058,0.08572387894288475,0.10405118838086913,-0.16369583955064904,-0.043813073743484705,0.10071037759065862,0.09172100066039314,0.08848572551874541,0.08422017050270639
2021_2025,exit,higher_low_breakout,ma20_failure,all,62,52,27.0,0,,0.019177805736636876,0.025724192803198823,0.5645161290322581,0.0065616614578852366,0.01660843884778127,-0.43768189770795896,-0.07365979125835331,0.013177805736636876,0.010295691558308988,0.01031579781905688,0.006035265052786615
2021_2025,exit,higher_low_breakout,ma20_failure,2021,3,3,3.0,0,,0.0074719959173601795,-0.022036073448160384,0.3333333333333333,-0.040468800474108835,0.0074719959173601795,-0.10633008556310253,-0.05934271472612932,0.0014719959173601794,-0.06418307950563146,-0.06418307950563146,-0.040468800474108835
2021_2025,exit,higher_low_breakout,ma20_failure,2022,7,7,5.0,0,,-0.08821738248453374,-0.11324055841003755,0.2857142857142857,-0.04258498448787023,-0.08821738248453374,-0.23672731087424537,-0.11076168274466276,-0.09421738248453375,-0.105359315189178,-0.10940849819560594,-0.04258498448787023
2021_2025,exit,higher_low_breakout,ma20_failure,2023,19,15,14.0,0,,-0.03692206694949196,-0.035781739469942786,0.47368421052631576,-0.044209696224596896,-0.02556974469711261,-0.43768189770795896,-0.0920400886810769,-0.04292206694949196,-0.05035146133562749,-0.03781903108730237,-0.03303347253593818
2021_2025,exit,higher_low_breakout,ma20_failure,2024,8,8,7.0,0,,-0.03206530653077601,-0.08630517559290424,0.375,-0.0421973084460512,-0.03206530653077601,-0.1333634762310868,-0.07790277896600149,-0.03806530653077601,-0.053787724805293056,-0.0646965879120212,-0.0421973084460512
2021_2025,exit,higher_low_breakout,ma20_failure,2025,25,19,20.0,0,,0.10968685478390788,0.11929846421397183,0.8,0.08015547996248212,0.11046384907511468,-0.16369583955064904,-0.04966252871833625,0.10368685478390788,0.09088269162429413,0.09784888895080299,0.08244292795735812
2021_2025,exit,higher_low_breakout,signal_low_failure,all,63,53,27.0,0,,0.013344283233290217,0.0060250528723562215,0.5079365079365079,0.0020016764122575094,0.010839290209689458,-0.43768189770795896,-0.07408659838571582,0.007344283233290217,0.004511339888429769,0.004556716342323391,0.0009566441264069229
2021_2025,exit,higher_low_breakout,signal_low_failure,2021,3,3,3.0,0,,-0.0013790109035441978,-0.048589093910873515,0.3333333333333333,-0.03372953761133857,-0.0013790109035441978,-0.10633008556310253,-0.05859120122176964,-0.007379010903544198,-0.07745958973698802,-0.07745958973698802,-0.03372953761133857
2021_2025,exit,higher_low_breakout,signal_low_failure,2022,7,7,5.0,0,,-0.08821738248453374,-0.11324055841003755,0.2857142857142857,-0.04258498448787023,-0.08821738248453374,-0.23672731087424537,-0.11076168274466276,-0.09421738248453375,-0.105359315189178,-0.10940849819560594,-0.04258498448787023
2021_2025,exit,higher_low_breakout,signal_low_failure,2023,19,15,14.0,0,,-0.035277397570567005,-0.020000075225201416,0.42105263157894735,-0.04493643290392057,-0.024333830622847382,-0.43768189770795896,-0.09290881799313612,-0.041277397570567004,-0.0485133014415349,-0.036494837436303905,-0.03513237726389547
2021_2025,exit,higher_low_breakout,signal_low_failure,2024,8,8,7.0,0,,-0.03183501780748592,-0.08630517559290424,0.375,-0.043475718196255744,-0.03183501780748592,-0.1333634762310868,-0.08087872293455646,-0.03783501780748592,-0.0534806731742396,-0.06443340079968966,-0.043475718196255744
2021_2025,exit,higher_low_breakout,signal_low_failure,2025,26,20,20.0,0,,0.09181920192693513,0.11157011396020944,0.6923076923076923,0.06642258034484104,0.09079143465092541,-0.16369583955064904,-0.05015588423369661,0.08581920192693512,0.07305249917942701,0.07780502956346229,0.0662388523738576
2021_2025,exit,higher_low_breakout,half_at6,all,62,52,27.0,0,,0.026714970988808158,0.03876284273740105,0.5967741935483871,0.015066498701581511,0.02331178605583828,-0.23672731087424537,-0.0751035899236541,0.02071497098880816,0.017956416896581437,0.018675111749688972,0.013568398163487585
2021_2025,exit,higher_low_breakout,half_at6,2021,3,3,3.0,0,,-0.004995349223826346,-0.022036073448160384,0.3333333333333333,-0.04867133498959445,-0.004995349223826346,-0.10633008556310253,-0.05934271472612932,-0.010995349223826346,-0.06418307950563146,-0.06418307950563146,-0.04867133498959445
2021_2025,exit,higher_low_breakout,half_at6,2022,7,7,5.0,0,,-0.07980349171023138,-0.11324055841003755,0.2857142857142857,-0.03719947181851073,-0.07980349171023138,-0.23672731087424537,-0.11076168274466276,-0.08580349171023138,-0.10392445504401542,-0.10392445504401542,-0.03719947181851073
2021_2025,exit,higher_low_breakout,half_at6,2023,19,15,14.0,0,,-0.010068364248910304,0.005382695021040166,0.5263157894736842,-0.014823557723792258,0.0017227663340500725,-0.19965216364400368,-0.09549840265477205,-0.016068364248910304,-0.020261719469370113,-0.008577054982485207,-0.004044888137940981
2021_2025,exit,higher_low_breakout,half_at6,2024,8,8,7.0,0,,-0.00929226963463755,-0.016144700352928167,0.375,-0.020719094864841185,-0.00929226963463755,-0.13014976655239008,-0.08087872293455646,-0.01529226963463755,-0.020927667100788677,-0.032040910646648914,-0.020719094864841185
2021_2025,exit,higher_low_breakout,half_at6,2025,25,19,20.0,0,,0.09982303075022404,0.10503749046256317,0.84,0.07151734331468779,0.09654315929542308,-0.16369583955064904,-0.04966252871833625,0.09382303075022404,0.08060787492254011,0.08747432505242142,0.07044174174671354
2021_2025,exit,higher_low_breakout,atr_2r,all,59,50,27.0,0,,0.03385724185682232,0.019406135148786866,0.5254237288135594,0.017960559641706057,0.0343799908103709,-0.43768189770795896,-0.08380993242264369,0.02785724185682232,0.02430532156537282,0.02583204434772493,0.021242260965663264
2021_2025,exit,higher_low_breakout,atr_2r,2021,3,3,3.0,0,,0.0074719959173601795,-0.022036073448160384,0.3333333333333333,-0.040468800474108835,0.0074719959173601795,-0.10633008556310253,-0.05934271472612932,0.0014719959173601794,-0.06418307950563146,-0.06418307950563146,-0.040468800474108835
2021_2025,exit,higher_low_breakout,atr_2r,2022,7,7,5.0,0,,-0.09965261213484145,-0.11324055841003755,0.2857142857142857,-0.043860449334577174,-0.09965261213484145,-0.23672731087424537,-0.12801701256180414,-0.10565261213484145,-0.11726555630270773,-0.12274959945429825,-0.043860449334577174
2021_2025,exit,higher_low_breakout,atr_2r,2023,18,14,14.0,0,,-0.01862361180455299,-0.02287254667963506,0.3888888888888889,-0.036624326151231804,-0.0038286190759664724,-0.43768189770795896,-0.08928475397222152,-0.02462361180455299,-0.042524227964502254,-0.022983969717228107,-0.02304929165148682
2021_2025,exit,higher_low_breakout,atr_2r,2024,7,7,7.0,0,,-0.015842385078414813,-0.08004626120873903,0.42857142857142855,-0.017802063486372303,-0.015842385078414813,-0.18706129706942232,-0.09284859029855938,-0.021842385078414815,-0.07536866795252077,-0.07536866795252077,-0.017802063486372303
2021_2025,exit,higher_low_breakout,atr_2r,2025,24,19,20.0,0,,0.129952136448966,0.11491542394650156,0.75,0.09466478669799178,0.13466574738540993,-0.16369583955064904,-0.06723221155146074,0.123952136448966,0.11121150018089329,0.11696776849126472,0.10199195381962901
2021_2025,pattern,breakout_acceptance,common,all,79,53,25.0,0,,0.03465667986369882,0.046980437988962676,0.6329113924050633,0.01662624728581619,0.013842787214988364,-0.4098891372308733,-0.06619971237723336,0.028656679863698818,0.0281714748650588,0.008432939374824129,-0.003743267558639728
2021_2025,pattern,breakout_acceptance,common,2021,8,6,7.0,0,,0.02344173645705118,0.02711500581380355,0.75,-0.004877219043119649,0.019005255087671025,-0.08329973787215517,-0.059288600216087284,0.01744173645705118,0.009605729477953573,0.0014467511342394768,-0.01898510502737023
2021_2025,pattern,breakout_acceptance,common,2022,7,4,6.0,0,,-0.03488277165453086,-0.03904319529418654,0.2857142857142857,-0.01584092879335281,-0.054296893855087694,-0.123244946338255,-0.061868725380394576,-0.04088277165453086,-0.055791720410888236,-0.0816983943489649,-0.037017362802917515
2021_2025,pattern,breakout_acceptance,common,2023,17,11,12.0,0,,-0.009454386961457029,0.008755867064468518,0.5294117647058824,-0.03634107685174173,-0.03798666606694751,-0.4098891372308733,-0.07664918362321403,-0.015454386961457029,-0.02127887141496753,-0.050560920774943605,-0.06024837693789093
2021_2025,pattern,breakout_acceptance,common,2024,12,11,10.0,0,,0.023256230250018856,0.025892136312480107,0.5833333333333334,0.007514432918957453,0.023799971803174644,-0.19517647058823528,-0.08214830384264428,0.017256230250018857,0.005123604206384661,0.003908457310492608,0.006844628416229116
2021_2025,pattern,breakout_acceptance,common,2025,35,21,19.0,0,,0.07646208670005873,0.11496744557216765,0.7428571428571429,0.0568857971694293,0.04727987639000997,-0.17257361525721815,-0.058102046591531564,0.07046208670005873,0.06281383425718928,0.03488612646433404,0.031001339738393613
2021_2025,unique_pattern,breakout_acceptance,common,all,76,51,25.0,0,,0.034685714410806756,0.05137238023166657,0.618421052631579,0.01757556811853118,0.018177631044843497,-0.4098891372308733,-0.06598161359395448,0.028685714410806758,0.02794148833951591,0.0077311302705879645,0.0019345961000598916
2021_2025,unique_pattern,breakout_acceptance,common,2021,7,5,6.0,0,,0.020079064809635252,0.007249573638644428,0.7142857142857143,-0.003982453341360269,0.013410218507412697,-0.08329973787215517,-0.05431302131000325,0.014079064809635252,0.0033766113927853896,-0.009936670579441323,-0.020554010241757216
2021_2025,unique_pattern,breakout_acceptance,common,2022,7,4,6.0,0,,-0.03488277165453086,-0.03904319529418654,0.2857142857142857,-0.01584092879335281,-0.054296893855087694,-0.123244946338255,-0.061868725380394576,-0.04088277165453086,-0.055791720410888236,-0.0816983943489649,-0.037017362802917515
2021_2025,unique_pattern,breakout_acceptance,common,2023,17,11,12.0,0,,-0.009454386961457029,0.008755867064468518,0.5294117647058824,-0.03634107685174173,-0.03798666606694751,-0.4098891372308733,-0.07664918362321403,-0.015454386961457029,-0.02127887141496753,-0.050560920774943605,-0.06024837693789093
2021_2025,unique_pattern,breakout_acceptance,common,2024,11,10,9.0,0,,0.02491807882070296,0.04680837665246651,0.5454545454545454,0.011876932460412548,0.025682379386242737,-0.19517647058823528,-0.08433334699211338,0.018918078820702962,0.005138375029773756,0.0037898530147147083,0.011576397461556887
2021_2025,unique_pattern,breakout_acceptance,common,2025,34,21,18.0,0,,0.07724605748390057,0.11771413774823192,0.7352941176470589,0.0576958500401892,0.058963104716395286,-0.17257361525721815,-0.0579596314058785,0.07124605748390056,0.06320797832409088,0.03488612646433405,0.042689146439273434
2021_2025,exit,breakout_acceptance,ma20_failure,all,79,53,25.0,0,,0.029624746347535723,0.0028725109016671836,0.5316455696202531,0.014892201568284219,0.008540681792430787,-0.4098891372308733,-0.06161546816434247,0.023624746347535724,0.023075029380739773,0.004053860788621042,-0.005490712943015154
2021_2025,exit,breakout_acceptance,ma20_failure,2021,8,6,7.0,0,,0.012527365070929344,-0.011377360227008523,0.5,-0.010288703022578838,0.0007997509899357515,-0.08329973787215517,-0.05234490530700142,0.006527365070929344,-0.0028678378204713803,-0.020399853783042855,-0.029267240112874137
2021_2025,exit,breakout_acceptance,ma20_failure,2022,7,4,6.0,0,,-0.03488277165453086,-0.03904319529418654,0.2857142857142857,-0.01584092879335281,-0.054296893855087694,-0.123244946338255,-0.061868725380394576,-0.04088277165453086,-0.055791720410888236,-0.0816983943489649,-0.037017362802917515
2021_2025,exit,breakout_acceptance,ma20_failure,2023,17,11,12.0,0,,-0.026976598393941724,-0.016408372109916743,0.35294117647058826,-0.04027467900143119,-0.05387541442209549,-0.4098891372308733,-0.06981140166822829,-0.03297659839394172,-0.03969381215624259,-0.06803854396560638,-0.061307144870476546
2021_2025,exit,breakout_acceptance,ma20_failure,2024,12,11,10.0,0,,0.021465670834585532,0.006076421719583395,0.5,0.011922551193350367,0.018394666124535206,-0.19517647058823528,-0.07560478343997704,0.015465670834585532,0.00317026666227558,-0.0020373789360107752,0.008619811346201696
2021_2025,exit,breakout_acceptance,ma20_failure,2025,35,21,19.0,0,,0.0767237018614739,0.11496744557216765,0.6857142857142857,0.05460797080950512,0.050253973131082444,-0.13639266925990334,-0.05490658386356215,0.07072370186147389,0.06308314398217547,0.040673903088109684,0.02915360831791119
2021_2025,exit,breakout_acceptance,signal_low_failure,all,80,53,25.0,0,,0.015034445226496006,-0.020736167916168276,0.4375,0.006758036662968872,-0.0016164804152433668,-0.4098891372308733,-0.052933241218138395,0.009034445226496006,0.009943021270128262,-0.005930549591113336,-0.009771159392778523
2021_2025,exit,breakout_acceptance,signal_low_failure,2021,8,6,7.0,0,,-0.007180570384404797,-0.029186150414000245,0.375,-0.01429446533049844,-0.022727037496181657,-0.08329973787215517,-0.05567401830132332,-0.013180570384404797,-0.025391192626567544,-0.048631999966383746,-0.032029050155632344
2021_2025,exit,breakout_acceptance,signal_low_failure,2022,7,4,6.0,0,,-0.026976946808077513,-0.03904319529418654,0.2857142857142857,-0.01126481341440065,-0.04046170037379433,-0.11117800427872204,-0.053864246297407284,-0.032976946808077515,-0.046568258090025995,-0.06325146970724042,-0.02900916088975123
2021_2025,exit,breakout_acceptance,signal_low_failure,2023,17,11,12.0,0,,-0.024527475752408264,-0.02240469017870594,0.29411764705882354,-0.03659668670986589,-0.050236708131796176,-0.4098891372308733,-0.059669088175777735,-0.030527475752408266,-0.03436170794120176,-0.06102392199604292,-0.057795791783027496
2021_2025,exit,breakout_acceptance,signal_low_failure,2024,12,11,10.0,0,,0.030856415264342463,0.013870365499417949,0.5,0.01774821315096507,0.031663179704787915,-0.20017647283217488,-0.06181759309914483,0.024856415264342464,0.013414715131101323,0.012557986002267207,0.017871795041384787
2021_2025,exit,breakout_acceptance,signal_low_failure,2025,36,21,19.0,0,,0.0415480253741748,0.03119595321315416,0.5277777777777778,0.03175048516217892,0.01984973224578379,-0.17257361525721815,-0.046000883632796516,0.0355480253741748,0.035687654315824185,0.012028291193862468,0.01092873623017177
2021_2025,exit,breakout_acceptance,half_at6,all,79,53,25.0,0,,0.03243816563684511,0.049807080049437014,0.6708860759493671,0.015370369428191635,0.013166693358405184,-0.19517647058823528,-0.06619971237723336,0.02643816563684511,0.025924518148117227,0.007743843713306658,-0.00283886443603818
2021_2025,exit,breakout_acceptance,half_at6,2021,8,6,7.0,0,,0.027777759246621243,0.02711500581380355,0.75,-0.00346530616390648,0.0215856787491107,-0.08329973787215517,-0.059288600216087284,0.021777759246621245,0.016172696129680395,0.007388407453805051,-0.017740571366747657
2021_2025,exit,breakout_acceptance,half_at6,2022,7,4,6.0,0,,-0.03488277165453086,-0.03904319529418654,0.2857142857142857,-0.01584092879335281,-0.054296893855087694,-0.123244946338255,-0.061868725380394576,-0.04088277165453086,-0.055791720410888236,-0.0816983943489649,-0.037017362802917515
2021_2025,exit,breakout_acceptance,half_at6,2023,17,11,12.0,0,,0.005427215584706276,0.008851984107127956,0.5882352941176471,-0.02281999782453367,-0.01821429250520397,-0.19187530278609455,-0.07664918362321403,-0.0005727844152937245,-0.0021187080065910263,-0.027655850752648488,-0.04054461181835702
2021_2025,exit,breakout_acceptance,half_at6,2024,12,11,10.0,0,,0.015595092322654472,0.03579407040566929,0.6666666666666666,0.0016843832924228151,0.012822702737096216,-0.19517647058823528,-0.08214830384264428,0.009595092322654472,0.0017430753632959267,-0.00269175487675401,-0.0018171904086108006
2021_2025,exit,breakout_acceptance,half_at6,2025,35,21,19.0,0,,0.06586196114593285,0.09325119697075346,0.7714285714285715,0.049159871405710244,0.040229320874778415,-0.17257361525721815,-0.058102046591531564,0.05986196114593285,0.051901940304412614,0.02748304317334091,0.027144423276132305
2021_2025,exit,breakout_acceptance,atr_2r,all,75,49,25.0,0,,0.055970873588349145,0.046980437988962676,0.6266666666666667,0.037702657776816535,0.03610281191099349,-0.4098891372308733,-0.06646585820341973,0.049970873588349146,0.04942314661308871,0.03034090789888483,0.018593250798159405
2021_2025,exit,breakout_acceptance,atr_2r,2021,8,6,7.0,0,,0.06284401229736011,0.02711500581380355,0.75,0.03024585455903639,0.04312788457837952,-0.10904639070612465,-0.062107856933524594,0.056844012297360115,0.009783639203359546,-0.0037025794325544203,0.0017563007474626082
2021_2025,exit,breakout_acceptance,atr_2r,2022,7,4,6.0,0,,0.01832691269393814,-0.024777866305744075,0.42857142857142855,0.0446186724118108,0.03882005375473306,-0.11117800427872204,-0.061868725380394576,0.01232691269393814,-0.02777284470904471,-0.031314209694031925,0.0687869393061188
2021_2025,exit,breakout_acceptance,atr_2r,2023,16,10,12.0,0,,-0.004545683255673644,-0.002592476127761697,0.5,-0.02693234910704708,-0.03926588628826359,-0.4098891372308733,-0.07681020061970144,-0.010545683255673644,-0.01860864376845203,-0.05337941598840549,-0.06029197245508204
2021_2025,exit,breakout_acceptance,atr_2r,2024,12,11,10.0,0,,0.04024069789501766,0.016499500145049473,0.5,0.020005283090679938,0.04068867075718712,-0.19517647058823528,-0.08211871107740577,0.034240697895017665,0.015474015477091192,0.013490117383684946,0.020762783446024936
2021_2025,exit,breakout_acceptance,atr_2r,2025,32,18,19.0,0,,0.09864429966375948,0.09959121061242848,0.75,0.07700799932908958,0.07222631920572495,-0.17257361525721815,-0.057518990290044626,0.09264429966375948,0.08335556994642254,0.058505199525358355,0.0555507130025059
2021_2025,pattern,obv_leads_price,common,all,128,88,26.0,0,,0.02659603301552991,0.025151546224843727,0.5703125,0.010985980986818904,0.03407226297473765,-0.43768189770795896,-0.06912835749623038,0.02059603301552991,0.02112325501866296,0.02737333380932651,0.015924924116892687
2021_2025,pattern,obv_leads_price,common,2021,12,10,9.0,0,,0.06500921438390736,0.09683793272120578,0.6666666666666666,0.02531300196143213,0.056797540285362234,-0.0883485711694234,-0.05103303080047839,0.05900921438390736,0.05006961882569102,0.04435135356468502,0.021174721438306555
2021_2025,pattern,obv_leads_price,common,2022,12,7,11.0,0,,-0.032034208487286574,-0.041937339782563865,0.16666666666666666,-0.001476397537997609,-0.0502449705291706,-0.12965441322774562,-0.06752646056455085,-0.03803420848728657,-0.05440972568998288,-0.06015500845059501,-0.02587194270998952
2021_2025,pattern,obv_leads_price,common,2023,29,21,17.0,0,,-0.02516933000976762,-0.01061729098668129,0.4482758620689655,-0.037720441232286996,-0.00903541412418385,-0.43768189770795896,-0.08051201465907525,-0.03116933000976762,-0.03373747255913806,-0.017498948100154073,-0.025919343347500175
2021_2025,pattern,obv_leads_price,common,2024,25,18,19.0,0,,0.015069355836512725,0.029852162356625914,0.56,0.001612708036074575,0.00907114773011155,-0.30318030910438476,-0.08329866245109009,0.009069355836512725,-0.003547948841911636,-0.007884793458139276,-0.0032089609571033734
2021_2025,pattern,obv_leads_price,common,2025,50,32,24.0,0,,0.06723537659197643,0.07018625420285785,0.72,0.04347482816132127,0.08776754906541681,-0.16369583955064904,-0.06016801753493407,0.06123537659197643,0.06019872625277246,0.07069943450734938,0.061650537949961934
2021_2025,unique_pattern,obv_leads_price,common,all,106,78,26.0,0,,0.029445789847920026,0.030996125231952498,0.5754716981132075,0.015066335550440456,0.02950024286420123,-0.43768189770795896,-0.06809803486473834,0.023445789847920027,0.023814120796387964,0.02507714581607603,0.014062022869504292
2021_2025,unique_pattern,obv_leads_price,common,2021,11,9,9.0,0,,0.07590693640185342,0.12577094552699708,0.7272727272727273,0.03934160313122019,0.06920457007412463,-0.0883485711694234,-0.042006517923904106,0.06990693640185341,0.06172910178560106,0.056753488736958055,0.03786098058770023
2021_2025,unique_pattern,obv_leads_price,common,2022,10,7,10.0,0,,-0.018920197814291072,-0.03681600087201664,0.2,0.0056269317638976135,-0.031179742384557865,-0.12965441322774562,-0.05967315382466374,-0.02492019781429107,-0.044810939876142625,-0.04295217877862859,-0.011177544128734184
2021_2025,unique_pattern,obv_leads_price,common,2023,20,16,14.0,0,,-0.03141321164238668,-0.01910869525370895,0.45,-0.04125176717838257,-0.016021298761765813,-0.43768189770795896,-0.08293918656621338,-0.03741321164238668,-0.045619291123650714,-0.027771736372231574,-0.030991077198073258
2021_2025,unique_pattern,obv_leads_price,common,2024,21,16,18.0,0,,-0.0033089573530069158,-0.014984325608579204,0.47619047619047616,-0.011249826177545521,0.0006972161324941412,-0.30318030910438476,-0.09263015039840258,-0.009308957353006915,-0.0237460430174006,-0.013967778896743313,-0.005665445191729797
2021_2025,unique_pattern,obv_leads_price,common,2025,44,30,24.0,0,,0.07211890315597559,0.08886242341520167,0.7272727272727273,0.049301961580918124,0.07138737771669419,-0.16369583955064904,-0.05808117205822634,0.06611890315597559,0.06430956593802813,0.06108767641141324,0.0473612041890007
2021_2025,exit,obv_leads_price,ma20_failure,all,130,89,26.0,0,,0.021762337990051846,-0.004355118454377468,0.49230769230769234,0.006925713137790176,0.030458497352521152,-0.43768189770795896,-0.06675042860395772,0.015762337990051847,0.01685017524900711,0.02379462686373722,0.01310001895847046
2021_2025,exit,obv_leads_price,ma20_failure,2021,12,10,9.0,0,,0.05483095507596222,0.032612549469381635,0.5,0.017072433972358702,0.04458362911582807,-0.06352383164056141,-0.04463003332293655,0.048830955075962225,0.03785570765615685,0.0307803411540915,0.011286039851418439
2021_2025,exit,obv_leads_price,ma20_failure,2022,12,7,11.0,0,,-0.035352855594302623,-0.051140794753550434,0.16666666666666666,-0.009126558701741125,-0.05166724786074891,-0.12965441322774562,-0.06577754820373981,-0.04135285559430262,-0.05803006798854585,-0.06181433200410303,-0.02915058320873674
2021_2025,exit,obv_leads_price,ma20_failure,2023,29,21,17.0,0,,-0.024775523562495596,-0.0265336419261547,0.3448275862068966,-0.03811111698334147,-0.007404984138866649,-0.43768189770795896,-0.07443111568213204,-0.030775523562495598,-0.03138305173955689,-0.015786996615571012,-0.024138565881489195
2021_2025,exit,obv_leads_price,ma20_failure,2024,27,19,19.0,0,,0.0029041451058131156,-0.013777780538765768,0.4444444444444444,-0.007758716339208582,0.0033745711708876476,-0.30318030910438476,-0.08119727723812123,-0.0030958548941868846,-0.015196992056793266,-0.012955849760195016,-0.007171119666715906
2021_2025,exit,obv_leads_price,ma20_failure,2025,50,32,24.0,0,,0.06470890020764486,0.07018625420285785,0.68,0.04239399876681691,0.0849383913409587,-0.16369583955064904,-0.060036717999665694,0.05870890020764486,0.05756698001909374,0.06777901363048938,0.05938301651342873
2021_2025,exit,obv_leads_price,signal_low_failure,all,133,92,26.0,0,,0.02013332450375337,-0.014984325608579204,0.46616541353383456,0.007216601924750442,0.030804434806315513,-0.43768189770795896,-0.06547887628159636,0.01413332450375337,0.015655414724948545,0.024364053866104612,0.015946850636862752
2021_2025,exit,obv_leads_price,signal_low_failure,2021,12,10,9.0,0,,0.06000538609974482,0.09683793272120578,0.5833333333333334,0.02985886184645149,0.05212059736750284,-0.06352383164056141,-0.0480143179763931,0.05400538609974482,0.04406502488469597,0.039154750322619024,0.025618863870914242
2021_2025,exit,obv_leads_price,signal_low_failure,2022,12,7,11.0,0,,-0.031269971524229785,-0.041937339782563865,0.16666666666666666,-0.007555738544636713,-0.04991744040214626,-0.12965441322774562,-0.06413975994873543,-0.037269971524229784,-0.05357601263937548,-0.05977288996906661,-0.028477374569977707
2021_2025,exit,obv_leads_price,signal_low_failure,2023,29,21,17.0,0,,-0.02431010729595839,-0.02557360141754716,0.3793103448275862,-0.03535083718004513,-0.006938066267716639,-0.43768189770795896,-0.07567218985940638,-0.030310107295958393,-0.03255560334474765,-0.015296732850863502,-0.02145947750851051
2021_2025,exit,obv_leads_price,signal_low_failure,2024,27,19,19.0,0,,0.007914713965616505,-0.02184642510640122,0.4074074074074074,-0.0006576761553935911,0.009726322910492614,-0.30318030910438476,-0.07400993594558636,0.0019147139656165053,-0.009785577688205604,-0.006251222923945328,0.0023390371625675896
2021_2025,exit,obv_leads_price,signal_low_failure,2025,53,35,24.0,0,,0.05328684940762576,0.03992922288599843,0.5849056603773585,0.032737775675225796,0.0749463819326775,-0.16369583955064904,-0.05981282705466335,0.04728684940762576,0.046117118610557284,0.05900718433171191,0.051899158956057456
2021_2025,exit,obv_leads_price,half_at6,all,128,88,26.0,0,,0.02185697120464814,0.03348020709766952,0.59375,0.007815057071850165,0.026816203123673797,-0.30318030910438476,-0.06912835749623038,0.015856971204648143,0.017803388638416764,0.0233100487974802,0.010582015667306741
2021_2025,exit,obv_leads_price,half_at6,2021,12,10,9.0,0,,0.04913604679630929,0.06724413677440622,0.6666666666666666,0.007291795461712829,0.04378315641019094,-0.0548657278134993,-0.05103303080047839,0.043136046796309294,0.03749451924026679,0.03489487783797636,0.004018489135248127
2021_2025,exit,obv_leads_price,half_at6,2022,12,7,11.0,0,,-0.032034208487286574,-0.041937339782563865,0.16666666666666666,-0.001476397537997609,-0.0502449705291706,-0.12965441322774562,-0.06752646056455085,-0.03803420848728657,-0.05440972568998288,-0.06015500845059501,-0.02587194270998952
2021_2025,exit,obv_leads_price,half_at6,2023,29,21,17.0,0,,-0.011316737164068235,0.004860284324008316,0.5172413793103449,-0.021934489423549534,0.0015261213567128729,-0.19965216364400368,-0.08051201465907525,-0.017316737164068237,-0.01798109302566196,-0.005693585813728683,-0.012595198997454538
2021_2025,exit,obv_leads_price,half_at6,2024,25,18,19.0,0,,0.010612216039483743,0.044029613972576986,0.56,-0.0022545846113567027,-0.0014665863725813358,-0.30318030910438476,-0.08329866245109009,0.004612216039483743,-0.002589403668508758,-0.012543300327669829,-0.012684201326637508
2021_2025,exit,obv_leads_price,half_at6,2025,50,32,24.0,0,,0.053107004625151485,0.0721176766485061,0.74,0.032460146773581854,0.07087684720940853,-0.16369583955064904,-0.06016801753493407,0.04710700462515149,0.0469352573536649,0.06245830584511471,0.04890471528645185
2021_2025,exit,obv_leads_price,atr_2r,all,122,84,26.0,0,,0.027090461977052754,0.02398284209132862,0.5491803278688525,0.012215886022412805,0.04199882548369837,-0.43768189770795896,-0.07953462208008158,0.021090461977052756,0.023468644311782944,0.035072557111628384,0.024679316739044426
2021_2025,exit,obv_leads_price,atr_2r,2021,12,10,9.0,0,,0.04802928927985806,0.05359751310234517,0.6666666666666666,0.007590013243884854,0.04064453355618749,-0.0883485711694234,-0.05103303080047839,0.042029289279858065,0.03254562986760613,0.0304310095792996,0.003809446658498461
2021_2025,exit,obv_leads_price,atr_2r,2022,12,7,11.0,0,,-0.07630843468220293,-0.0638558551476015,0.08333333333333333,-0.02739908096513242,-0.07744264285408757,-0.19858992046139867,-0.09045263902641247,-0.08230843468220293,-0.08683237201511833,-0.09188562616299815,-0.03695240071662776
2021_2025,exit,obv_leads_price,atr_2r,2023,28,20,17.0,0,,-0.014959305277389942,-0.02188114875201852,0.42857142857142855,-0.029275214511557984,0.008838855061005114,-0.43768189770795896,-0.0856293630089227,-0.020959305277389942,-0.026676475782220512,-0.011969792774014307,-0.010871991504144656
2021_2025,exit,obv_leads_price,atr_2r,2024,23,17,19.0,0,,0.020309806731030097,0.0357351406409101,0.6086956521739131,0.004038139326552161,0.029487252385395617,-0.30318030910438476,-0.08939052897105347,0.014309806731030097,0.00549973454030042,0.012747571413834369,0.015153620097616298
2021_2025,exit,obv_leads_price,atr_2r,2025,47,30,24.0,0,,0.0765132148719532,0.04756637219363036,0.6808510638297872,0.052231398068133116,0.09951647044251913,-0.2789445628346612,-0.07557003245240843,0.0705132148719532,0.0658009804343271,0.08167637975551953,0.0751154410978186
2021_2025,pattern,ma_cross_first_pullback,common,all,19,16,16.0,0,,0.07658968828854194,0.10098770065172524,0.6842105263157895,0.06223714874628033,0.07952444437027896,-0.16934617497370796,-0.06472239578846675,0.07058968828854194,0.058456678386871755,0.057960482893723866,0.06396402084377703
2021_2025,pattern,ma_cross_first_pullback,common,2023,8,7,7.0,0,,0.027473042347989057,0.08511729692409153,0.625,0.018567529132802865,0.044780892995577734,-0.16934617497370796,-0.07401933883751459,0.02147304234798906,0.009425363367456141,0.02660990929288744,0.02833631152710836
2021_2025,pattern,ma_cross_first_pullback,common,2024,7,5,7.0,0,,0.10546510794663509,0.12137781560296035,0.7142857142857143,0.07113130092071465,0.09235217517669607,-0.10709278553230805,-0.04825966254367442,0.09946510794663509,0.06700113879811448,0.0313779882614304,0.057804733227754625
2021_2025,pattern,ma_cross_first_pullback,common,2025,4,4,4.0,0,,0.12429099576798472,0.11212461904726134,0.75,0.13401162166797517,0.12429099576798472,-0.13006912154118921,-0.07493829286875767,0.11829099576798471,0.03139337218444449,0.03139337218444449,0.13401162166797517
2021_2025,unique_pattern,ma_cross_first_pullback,common,all,0,0,,0,,,,,,,,,,,,
2021_2025,exit,ma_cross_first_pullback,ma20_failure,all,19,16,16.0,0,,0.04300109261161915,-0.012747082793745364,0.47368421052631576,0.04605181733296982,0.03966832527542939,-0.10709278553230805,-0.0474973421955851,0.03700109261161915,0.026709546487944727,0.019896285437940767,0.044372554270329705
2021_2025,exit,ma_cross_first_pullback,ma20_failure,2023,8,7,7.0,0,,0.013719680750784127,-0.021210850991095206,0.375,0.03569158376689875,0.014640053347308366,-0.04335178596807976,-0.04100076128898855,0.007719680750784127,-0.006292764172206636,-0.008554403630093485,0.03593791997280301
2021_2025,exit,ma_cross_first_pullback,ma20_failure,2024,7,5,7.0,0,,0.08775117599887712,0.08593504959873233,0.5714285714285714,0.06714714301186674,0.08784154987067214,-0.10709278553230805,-0.044879942097068616,0.08175117599887712,0.04633488485906351,0.025739706628900474,0.06779471408149695
2021_2025,exit,ma_cross_first_pullback,ma20_failure,2025,4,4,4.0,0,,0.02325127040558775,0.01971233534683209,0.5,0.029855464527042352,0.02325127040558775,-0.09294253133572195,-0.06507095418118206,0.01725127040558775,-0.017839286880685923,-0.017839286880685923,0.029855464527042352
2021_2025,exit,ma_cross_first_pullback,signal_low_failure,all,19,16,16.0,0,,0.0436304618589656,0.06924689319645783,0.5263157894736842,0.03670503722428372,0.03852529634947449,-0.16934617497370796,-0.06027257624607294,0.037630461858965604,0.027373880693477095,0.018677054583588874,0.03274777744243616
2021_2025,exit,ma_cross_first_pullback,signal_low_failure,2023,8,7,7.0,0,,-0.0014440928438149703,-0.030089683399977748,0.375,0.009096551110900214,0.0074811576090987,-0.16934617497370796,-0.06838468676811707,-0.00744409284381497,-0.023622791137462747,-0.016906448658004763,0.015462368715859875
2021_2025,exit,ma_cross_first_pullback,signal_low_failure,2024,7,5,7.0,0,,0.10546510794663509,0.12137781560296035,0.7142857142857143,0.07113130092071465,0.09235217517669607,-0.10709278553230805,-0.04825966254367442,0.09946510794663509,0.06700113879811448,0.0313779882614304,0.057804733227754625
2021_2025,exit,ma_cross_first_pullback,signal_low_failure,2025,4,4,4.0,0,,0.02556894061110515,0.024347675757866893,0.5,0.03167604798229659,0.02556894061110515,-0.09294253133572195,-0.06507095418118206,0.019568940611105153,-0.014749059939996053,-0.014749059939996053,0.03167604798229659
2021_2025,exit,ma_cross_first_pullback,half_at6,all,19,16,16.0,0,,0.0573942687667612,0.08798689525217984,0.6842105263157895,0.04641334737933003,0.06019382232992742,-0.16934617497370796,-0.06472239578846675,0.0513942687667612,0.038194846669436525,0.037341152717348884,0.04808475747097678
2021_2025,exit,ma_cross_first_pullback,half_at6,2023,8,7,7.0,0,,0.019326595451696932,0.07402836770417365,0.625,0.015491712062206467,0.035470667971243874,-0.16934617497370796,-0.07401933883751459,0.013326595451696932,0.0001151383431222833,0.015747980097831276,0.024821092017855335
2021_2025,exit,ma_cross_first_pullback,half_at6,2024,7,5,7.0,0,,0.06911342325587104,0.10563205995565039,0.7142857142857143,0.037721444308852145,0.05254442026326831,-0.10709278553230805,-0.04825966254367442,0.06311342325587103,0.04706663778676229,0.01533199131145449,0.020347736372597444
2021_2025,exit,ma_cross_first_pullback,half_at6,2025,4,4,4.0,0,,0.11302109504094751,0.08958481759318693,0.75,0.12346744838691348,0.11302109504094751,-0.13006912154118921,-0.07493829286875767,0.1070210950409475,0.016366837881728213,0.016366837881728213,0.12346744838691348
2021_2025,exit,ma_cross_first_pullback,atr_2r,all,19,16,16.0,0,,0.09965291852687931,0.10098770065172524,0.6842105263157895,0.08625883794810693,0.10082588738985639,-0.17925771574153537,-0.0687494477322879,0.0936529185268793,0.08280119919400564,0.08068202211460646,0.08681093526283067
2021_2025,exit,ma_cross_first_pullback,atr_2r,2023,8,7,7.0,0,,0.039344361383956555,0.08511729692409153,0.625,0.029753388500912095,0.056722835674466295,-0.16934617497370796,-0.07412396518314066,0.03334436138395656,0.012675921520461866,0.028506068215474117,0.040196316202089695
2021_2025,exit,ma_cross_first_pullback,atr_2r,2024,7,5,7.0,0,,0.11924560170431443,0.12137781560296035,0.7142857142857143,0.09047708551952471,0.09444459990151692,-0.17925771574153537,-0.0645325495016924,0.11324560170431443,0.08304795974966152,0.033993519167456465,0.06800990728412018
2021_2025,exit,ma_cross_first_pullback,atr_2r,2025,4,4,4.0,0,,0.18598283725221337,0.21694500691298502,0.75,0.19188780359251548,0.18598283725221337,-0.09294253133572195,-0.06537998473412454,0.17998283725221337,0.1136491608300827,0.1136491608300827,0.19188780359251548
2021_2025,pattern,breadth_followthrough,common,all,10,6,8.0,0,,-0.022868353469073475,-0.024184602767168384,0.5,-0.0335989280154562,-0.024401192508464578,-0.2242072351640484,-0.09669871888295838,-0.028868353469073474,-0.04175140793126469,-0.0404702610186524,-0.035313307652145375
2021_2025,pattern,breadth_followthrough,common,2022,2,1,2.0,0,,-0.13957502529873944,-0.13957502529873944,0.0,-0.092098738079061,-0.13957502529873944,-0.22251857117337526,-0.1516136920594892,-0.14557502529873945,-0.22251857117337526,,-0.092098738079061
2021_2025,pattern,breadth_followthrough,common,2023,7,4,5.0,0,,0.01731283470853059,0.05427442779483749,0.7142857142857143,-0.01883578576196792,0.015972799325230498,-0.2242072351640484,-0.07496049966992555,0.011312834708530591,-0.004314882288488882,0.002649015752815826,-0.024959951042786678
2021_2025,pattern,breadth_followthrough,common,2025,1,1,1.0,0,,-0.07072332705297002,-0.07072332705297002,0.0,-0.019941303662664556,-0.07072332705297002,-0.07072332705297002,-0.13903630702112657,-0.07672332705297003,,,-0.019941303662664556
2021_2025,unique_pattern,breadth_followthrough,common,all,8,5,6.0,0,,-0.04229135529540877,-0.03372598193416232,0.5,-0.06071630411185204,-0.02757941406786658,-0.23672731087424537,-0.09614022070756573,-0.04829135529540877,-0.060305502917020505,-0.0480428745335426,-0.052035774266396016
2021_2025,unique_pattern,breadth_followthrough,common,2022,2,1,2.0,0,,-0.15622077431616843,-0.15622077431616843,0.0,-0.11997815788508004,-0.15622077431616843,-0.23672731087424537,-0.16795453405999516,-0.16222077431616844,-0.23672731087424537,,-0.11997815788508004
2021_2025,unique_pattern,breadth_followthrough,common,2023,6,4,4.0,0,,-0.004314882288488882,0.03126835084230217,0.6666666666666666,-0.040962352854109374,0.0045809259942088815,-0.2242072351640484,-0.07220211625675592,-0.010314882288488883,-0.016032744305154157,-0.011983574606000654,-0.03505017836172501
2021_2025,exit,breadth_followthrough,ma20_failure,all,10,6,8.0,0,,-0.04169806527901905,-0.05959409180058678,0.4,-0.04912608402923583,-0.0348621435139899,-0.2242072351640484,-0.09177458944582069,-0.04769806527901905,-0.0586814843656069,-0.05268945777575538,-0.0439395054375785
2021_2025,exit,breadth_followthrough,ma20_failure,2022,2,1,2.0,0,,-0.13957502529873944,-0.13957502529873944,0.0,-0.092098738079061,-0.13957502529873944,-0.22251857117337526,-0.1516136920594892,-0.14557502529873945,-0.22251857117337526,,-0.092098738079061
2021_2025,exit,breadth_followthrough,ma20_failure,2023,7,4,5.0,0,,-0.009586753591391653,0.008262273889766861,0.5714285714285714,-0.041017437210224536,0.00028137281694252253,-0.2242072351640484,-0.06792602904544312,-0.015586753591391653,-0.023915699454881256,-0.01771631217568913,-0.03789924772093636
2021_2025,exit,breadth_followthrough,ma20_failure,2025,1,1,1.0,0,,-0.07072332705297002,-0.07072332705297002,0.0,-0.019941303662664556,-0.07072332705297002,-0.07072332705297002,-0.13903630702112657,-0.07672332705297003,,,-0.019941303662664556
2021_2025,exit,breadth_followthrough,signal_low_failure,all,10,6,8.0,0,,-0.027750799238615086,-0.04007527816024703,0.4,-0.03355495003725326,-0.03575738512390191,-0.2242072351640484,-0.09430696662025301,-0.033750799238615084,-0.04717634767519981,-0.05602896195689798,-0.03894226708483147
2021_2025,exit,breadth_followthrough,signal_low_failure,2022,2,1,2.0,0,,-0.13957502529873944,-0.13957502529873944,0.0,-0.092098738079061,-0.13957502529873944,-0.22251857117337526,-0.1516136920594892,-0.14557502529873945,-0.22251857117337526,,-0.092098738079061
2021_2025,exit,breadth_followthrough,signal_low_failure,2023,7,4,5.0,0,,0.010337912180614004,0.008262273889766861,0.5714285714285714,-0.018772960078820868,-0.0010614895979254978,-0.2242072351640484,-0.07154371072320358,0.004337912180614004,-0.012452291904391566,-0.023282152477593483,-0.030403390191815823
2021_2025,exit,breadth_followthrough,signal_low_failure,2025,1,1,1.0,0,,-0.07072332705297002,-0.07072332705297002,0.0,-0.019941303662664556,-0.07072332705297002,-0.07072332705297002,-0.13903630702112657,-0.07672332705297003,,,-0.019941303662664556
2021_2025,exit,breadth_followthrough,half_at6,all,10,6,8.0,0,,-0.010196712692607218,-0.010303380396942563,0.5,-0.017915589639582192,-0.010356891528251913,-0.22251857117337526,-0.09669871888295838,-0.016196712692607217,-0.0229875539827118,-0.023283155392869792,-0.019410539276492823
2021_2025,exit,breadth_followthrough,half_at6,2022,2,1,2.0,0,,-0.13957502529873944,-0.13957502529873944,0.0,-0.092098738079061,-0.13957502529873944,-0.22251857117337526,-0.1516136920594892,-0.14557502529873945,-0.22251857117337526,,-0.092098738079061
2021_2025,exit,breadth_followthrough,half_at6,2023,7,4,5.0,0,,0.03541517867491096,0.05427442779483749,0.7142857142857143,0.0035689833464235187,0.0370392507955495,-0.09152575117288175,-0.07496049966992555,0.02941517867491096,0.023830898634340448,0.03129419179578683,-0.0011057984793078459
2021_2025,exit,breadth_followthrough,half_at6,2025,1,1,1.0,0,,-0.07072332705297002,-0.07072332705297002,0.0,-0.019941303662664556,-0.07072332705297002,-0.07072332705297002,-0.13903630702112657,-0.07672332705297003,,,-0.019941303662664556
2021_2025,exit,breadth_followthrough,atr_2r,all,10,6,8.0,0,,-0.07230537234155901,-0.07407861529849269,0.4,-0.06890150558586591,-0.06817847459058797,-0.2242072351640484,-0.11641646006080482,-0.07830537234155902,-0.09070600873666981,-0.09266905506767306,-0.05773208176075575
2021_2025,exit,breadth_followthrough,atr_2r,2022,2,1,2.0,0,,-0.13957502529873944,-0.13957502529873944,0.0,-0.092098738079061,-0.13957502529873944,-0.22251857117337526,-0.1516136920594892,-0.14557502529873945,-0.22251857117337526,,-0.092098738079061
2021_2025,exit,breadth_followthrough,atr_2r,2023,7,4,5.0,0,,-0.03308526550767562,0.008262273889766861,0.5714285714285714,-0.06605816094790974,-0.014297251995101644,-0.2242072351640484,-0.09323291460352683,-0.03908526550767562,-0.051985569016392695,-0.03715447859174802,-0.05297082485507615
2021_2025,exit,breadth_followthrough,atr_2r,2025,1,1,1.0,0,,-0.2123068142643818,-0.2123068142643818,0.0,-0.042410453065168885,-0.2123068142643818,-0.2123068142643818,-0.2083068142643818,-0.2183068142643818,,,-0.042410453065168885
2021_2025,pattern,narrow_range_breakout,common,all,34,31,19.0,0,,0.03329184747409363,0.015246208257245434,0.5294117647058824,0.008979230348748287,0.0374698056188218,-0.11324055841003755,-0.06487970025917332,0.027291847474093633,0.022039114238096236,0.02076934361164023,0.014696677854411302
2021_2025,pattern,narrow_range_breakout,common,2021,8,7,7.0,0,,0.026421769890935143,-0.008556637774969896,0.5,-0.023732023925614742,0.03141868527177872,-0.10676679581163573,-0.06397922473544196,0.020421769890935144,0.00795129106438175,-0.0019735780613451734,-0.018602747604295027
2021_2025,pattern,narrow_range_breakout,common,2022,6,6,6.0,0,,-0.05599311900256646,-0.052804903349286,0.16666666666666666,-0.02003685884103044,-0.05599311900256646,-0.11324055841003755,-0.0707027752556781,-0.06199311900256646,-0.07177737756369704,-0.07177737756369704,-0.02003685884103044
2021_2025,pattern,narrow_range_breakout,common,2023,5,5,5.0,0,,0.028006493127507005,0.06895340141413286,0.6,-0.012678076677778937,0.028006493127507005,-0.08539533916636388,-0.04920558244560036,0.022006493127507007,0.0138940798647251,0.0138940798647251,-0.012678076677778937
2021_2025,pattern,narrow_range_breakout,common,2024,5,5,5.0,0,,0.04623252496795114,0.08886196494077292,0.6,0.018164951216499015,0.04623252496795114,-0.09450551447177946,-0.06552677131322868,0.04023252496795114,0.008950468093398806,0.008950468093398806,0.018164951216499015
2021_2025,pattern,narrow_range_breakout,common,2025,10,8,8.0,0,,0.08853122785298102,0.06115239405040307,0.7,0.0587936803614942,0.11329960010239162,-0.10596683977599908,-0.06961975906001433,0.08253122785298102,0.038536512521726816,0.052559019283552014,0.08482537838367472
2021_2025,unique_pattern,narrow_range_breakout,common,all,0,0,,0,,,,,,,,,,,,
2021_2025,exit,narrow_range_breakout,ma20_failure,all,35,32,19.0,0,,0.02500550612577812,-0.016614501064777795,0.45714285714285713,0.008516858015821686,0.0301339333241865,-0.11324055841003755,-0.058906494556374256,0.019005506125778122,0.01359156230006456,0.013735554856119325,0.01419785460372073
2021_2025,exit,narrow_range_breakout,ma20_failure,2021,9,8,7.0,0,,0.029311511059483226,-0.016614501064777795,0.4444444444444444,-0.004601995987479531,0.03728905392764749,-0.10676679581163573,-0.05135609366792165,0.023311511059483224,0.017095355646744873,0.009505738021522547,0.0027160170552083807
2021_2025,exit,narrow_range_breakout,ma20_failure,2022,6,6,6.0,0,,-0.05868593879818627,-0.06088336273614542,0.16666666666666666,-0.01728083846526383,-0.05868593879818627,-0.11324055841003755,-0.06862855025594801,-0.06468593879818627,-0.07500876131844081,-0.07500876131844081,-0.01728083846526383
2021_2025,exit,narrow_range_breakout,ma20_failure,2023,5,5,5.0,0,,0.019450330717554577,0.06895340141413286,0.6,-0.02301038862941156,0.019450330717554577,-0.08539533916636388,-0.043590615568775484,0.013450330717554576,0.0031988768522845656,0.0031988768522845656,-0.02301038862941156
2021_2025,exit,narrow_range_breakout,ma20_failure,2024,5,5,5.0,0,,0.03110706355127595,0.013234657857396973,0.6,0.015495375852255711,0.03110706355127595,-0.09450551447177946,-0.06552677131322868,0.025107063551275947,-0.009956358677445182,-0.009956358677445182,0.015495375852255711
2021_2025,exit,narrow_range_breakout,ma20_failure,2025,10,8,8.0,0,,0.07107177763118502,0.0392861109034226,0.5,0.0480768089118437,0.09566276204971913,-0.10596683977599908,-0.06421642305160953,0.06507177763118502,0.019137123386397923,0.0324026329376406,0.07173291319434483
2021_2025,exit,narrow_range_breakout,signal_low_failure,all,35,32,19.0,0,,0.015680416087604312,-0.028224015375710506,0.45714285714285713,0.0002466795130662376,0.01921388685828909,-0.11324055841003755,-0.05931898956159868,0.009680416087604312,0.010395700311764426,0.012357164974023508,0.004397107088124096
2021_2025,exit,narrow_range_breakout,signal_low_failure,2021,8,7,7.0,0,,0.03651970227335166,-0.020495161830526406,0.375,0.005584619865529508,0.045164827481850654,-0.10676679581163573,-0.05038608955488516,0.030519702273351663,0.019491785215714912,0.01406358785040542,0.012328219355323735
2021_2025,exit,narrow_range_breakout,signal_low_failure,2022,6,6,6.0,0,,-0.05868593879818627,-0.06088336273614542,0.16666666666666666,-0.01728083846526383,-0.05868593879818627,-0.11324055841003755,-0.06862855025594801,-0.06468593879818627,-0.07500876131844081,-0.07500876131844081,-0.01728083846526383
2021_2025,exit,narrow_range_breakout,signal_low_failure,2023,5,5,5.0,0,,0.01757868850440325,0.06895340141413286,0.6,-0.022412319438537942,0.01757868850440325,-0.08539533916636388,-0.04546225778192681,0.01157868850440325,0.0008593240858454088,0.0008593240858454088,-0.022412319438537942
2021_2025,exit,narrow_range_breakout,signal_low_failure,2024,5,5,5.0,0,,0.04623252496795114,0.08886196494077292,0.6,0.018164951216499015,0.04623252496795114,-0.09450551447177946,-0.06552677131322868,0.04023252496795114,0.008950468093398806,0.008950468093398806,0.018164951216499015
2021_2025,exit,narrow_range_breakout,signal_low_failure,2025,11,9,8.0,0,,0.026337864573334847,0.04030375401359931,0.5454545454545454,0.008079881448623623,0.036861128057737995,-0.10596683977599908,-0.06421449738230975,0.02033786457333485,0.010620482649767202,0.021719950429683936,0.019925751470498052
2021_2025,exit,narrow_range_breakout,half_at6,all,34,31,19.0,0,,0.02409568483408742,0.015246208257245434,0.5294117647058824,0.0031334900611230416,0.027699035256961404,-0.11324055841003755,-0.06487970025917332,0.018095684834087418,0.012268191433089642,0.010672880904384488,0.008375615381720863
2021_2025,exit,narrow_range_breakout,half_at6,2021,8,7,7.0,0,,0.01362079064488135,-0.008556637774969896,0.5,-0.032688369054889574,0.0167889947048601,-0.10676679581163573,-0.06397922473544196,0.00762079064488135,-0.0031324053869165036,-0.009240285770804926,-0.028838570609180547
2021_2025,exit,narrow_range_breakout,half_at6,2022,6,6,6.0,0,,-0.05599311900256646,-0.052804903349286,0.16666666666666666,-0.02003685884103044,-0.05599311900256646,-0.11324055841003755,-0.0707027752556781,-0.06199311900256646,-0.07177737756369704,-0.07177737756369704,-0.02003685884103044
2021_2025,exit,narrow_range_breakout,half_at6,2023,5,5,5.0,0,,0.019550136676213924,0.05392684721882912,0.6,-0.013697741870520374,0.019550136676213924,-0.08539533916636388,-0.04920558244560036,0.013550136676213924,0.006543097477316212,0.006543097477316212,-0.013697741870520374
2021_2025,exit,narrow_range_breakout,half_at6,2024,5,5,5.0,0,,0.023387404620961318,0.07738061681809927,0.6,0.001776224574196661,0.023387404620961318,-0.09450551447177946,-0.06552677131322868,0.01738740462096132,-0.003025830443879246,-0.003025830443879246,0.001776224574196661
2021_2025,exit,narrow_range_breakout,half_at6,2025,10,8,8.0,0,,0.0831557966729444,0.05911593583494118,0.7,0.05478743540451012,0.1078022671951632,-0.10596683977599908,-0.06961975906001433,0.0771557966729444,0.03256381121057502,0.04627635310386239,0.08016785132817647
2021_2025,exit,narrow_range_breakout,atr_2r,all,34,31,19.0,0,,0.035593412979694206,0.009749680761362404,0.5,0.003424898668922982,0.03505558354193599,-0.18338472424867958,-0.08060183433538304,0.029593412979694207,0.02178758455703246,0.018274647465524894,0.004071194494959151
2021_2025,exit,narrow_range_breakout,atr_2r,2021,8,7,7.0,0,,0.04623958666790608,0.051181618050022915,0.5,-0.012567711345992924,0.057253775782296124,-0.13838731937318716,-0.0763932969986265,0.04023958666790608,0.030600224523777104,0.028167360867591796,-0.004444512969536447
2021_2025,exit,narrow_range_breakout,atr_2r,2022,6,6,6.0,0,,-0.058969125117651955,-0.057826656851589164,0.16666666666666666,-0.021158824853123703,-0.058969125117651955,-0.11962503702007177,-0.07197530880836944,-0.06496912511765196,-0.07534858490179963,-0.07534858490179963,-0.021158824853123703
2021_2025,exit,narrow_range_breakout,atr_2r,2023,5,5,5.0,0,,-0.019314552707814413,-0.06416037601646585,0.4,-0.07295710607268016,-0.019314552707814413,-0.10865119986227167,-0.06361284292671658,-0.025314552707814415,-0.04525722742942667,-0.04525722742942667,-0.07295710607268016
2021_2025,exit,narrow_range_breakout,atr_2r,2024,5,5,5.0,0,,-0.06103121288635451,-0.0835569219658796,0.4,-0.10356036303648523,-0.06103121288635451,-0.18338472424867958,-0.11354957762380016,-0.06703121288635451,-0.09850450734313637,-0.09850450734313637,-0.10356036303648523
2021_2025,exit,narrow_range_breakout,atr_2r,2025,10,8,8.0,0,,0.15958029266431106,0.05610101971524306,0.8,0.12265285401758938,0.1801862797500874,-0.15643269882727673,-0.08116520358112107,0.15358029266431106,0.1122788103503272,0.12900093888091863,0.14585736434938223
2021_2025,pattern,squeeze_breakout,common,all,38,35,22.0,0,,0.03606752907694135,0.01465038128970109,0.5526315789473685,0.014907568630843313,0.03159933734893934,-0.1736017408496615,-0.06473600342219347,0.03006752907694135,0.021880522548895495,0.01602911872347761,0.01029086126084278
2021_2025,pattern,squeeze_breakout,common,2021,3,3,3.0,0,,0.0016501860360754,-0.0548657278134993,0.3333333333333333,-0.01900999341217091,0.0016501860360754,-0.06722446843966456,-0.07380748963527566,-0.0043498139639246,-0.06104509812658193,-0.06104509812658193,-0.01900999341217091
2021_2025,pattern,squeeze_breakout,common,2022,2,2,2.0,0,,-0.06710315892905161,-0.06710315892905161,0.0,-0.05041475160375769,-0.06710315892905161,-0.11324055841003755,-0.0752383347402738,-0.07310315892905161,-0.11324055841003755,-0.11324055841003755,-0.05041475160375769
2021_2025,pattern,squeeze_breakout,common,2023,11,11,10.0,0,,0.0007034025826652943,0.00580397518738374,0.5454545454545454,-0.019693401548315923,0.0007034025826652943,-0.1736017408496615,-0.07667493169582804,-0.005296597417334706,-0.013818283635622574,-0.013818283635622574,-0.019693401548315923
2021_2025,pattern,squeeze_breakout,common,2024,6,5,4.0,0,,-0.0014940112337769775,-0.0014302643518760393,0.5,-0.020552145751586853,-0.0035134576654586294,-0.09256408997706944,-0.05536353952249604,-0.007494011233776978,-0.023746919845798777,-0.017191163493502,-0.022744003455771832
2021_2025,pattern,squeeze_breakout,common,2025,16,14,14.0,0,,0.093815531479187,0.09771858364612773,0.6875,0.06651796143481689,0.08893303049148062,-0.08556848706455455,-0.05702896911674332,0.087815531479187,0.06267078220349026,0.052621204328160816,0.06059907584884712
2021_2025,unique_pattern,squeeze_breakout,common,all,0,0,,0,,,,,,,,,,,,
2021_2025,exit,squeeze_breakout,ma20_failure,all,38,35,22.0,0,,0.03668206617816844,0.022531008194253913,0.5526315789473685,0.01583110352618809,0.032266549058843026,-0.1736017408496615,-0.06121164704421034,0.03068206617816844,0.02251166876096656,0.016715954307201995,0.011144417635134468
2021_2025,exit,squeeze_breakout,ma20_failure,2021,3,3,3.0,0,,0.021232496160516257,0.0001805657607201229,0.6666666666666666,-0.004002928699023449,0.021232496160516257,-0.06352383164056141,-0.056732673603738126,0.015232496160516256,-0.031671632939920646,-0.031671632939920646,-0.004002928699023449
2021_2025,exit,squeeze_breakout,ma20_failure,2022,2,2,2.0,0,,-0.06710315892905161,-0.06710315892905161,0.0,-0.05041475160375769,-0.06710315892905161,-0.11324055841003755,-0.0752383347402738,-0.07310315892905161,-0.11324055841003755,-0.11324055841003755,-0.05041475160375769
2021_2025,exit,squeeze_breakout,ma20_failure,2023,11,11,10.0,0,,-0.004129871251994922,-0.02219234908125067,0.45454545454545453,-0.02254735451760244,-0.004129871251994922,-0.1736017408496615,-0.07412947310216506,-0.010129871251994922,-0.019134884853748813,-0.019134884853748813,-0.02254735451760244
2021_2025,exit,squeeze_breakout,ma20_failure,2024,6,5,4.0,0,,-0.0041211272613756456,-0.008390457541511685,0.5,-0.022511474108933633,-0.006665996898577031,-0.09256408997706944,-0.051395614231089425,-0.010121127261375646,-0.026899459078917175,-0.02067126008831982,-0.02613916806916645
2021_2025,exit,squeeze_breakout,ma20_failure,2025,16,14,14.0,0,,0.09591141821794708,0.09771858364612773,0.6875,0.06859437297793511,0.09132832962149214,-0.07519433361075689,-0.05509812549236741,0.08991141821794707,0.06490639472483434,0.05520075723740398,0.0629721176124108
2021_2025,exit,squeeze_breakout,signal_low_failure,all,38,35,22.0,0,,0.03201502290229594,-0.0052140515960048504,0.5,0.014783153319210903,0.02719947350218147,-0.1736017408496615,-0.06303544098198417,0.026015022902295945,0.017718489180340757,0.011499847116520981,0.010155781779641876
2021_2025,exit,squeeze_breakout,signal_low_failure,2021,3,3,3.0,0,,-0.0012358485729453046,-0.06352383164056141,0.3333333333333333,-0.017626082322898973,-0.0012358485729453046,-0.06722446843966456,-0.07380748963527566,-0.0072358485729453045,-0.06537415004011299,-0.06537415004011299,-0.017626082322898973
2021_2025,exit,squeeze_breakout,signal_low_failure,2022,2,2,2.0,0,,-0.06710315892905161,-0.06710315892905161,0.0,-0.05041475160375769,-0.06710315892905161,-0.11324055841003755,-0.0752383347402738,-0.07310315892905161,-0.11324055841003755,-0.11324055841003755,-0.05041475160375769
2021_2025,exit,squeeze_breakout,signal_low_failure,2023,11,11,10.0,0,,-0.005363414884090958,-0.020000075225201416,0.45454545454545453,-0.025122453058157575,-0.005363414884090958,-0.1736017408496615,-0.07667493169582804,-0.011363414884090959,-0.020491782849054452,-0.020491782849054452,-0.025122453058157575
2021_2025,exit,squeeze_breakout,signal_low_failure,2024,6,5,4.0,0,,-0.010123745069197776,-0.027319465858138436,0.3333333333333333,-0.008849122683898147,-0.013869138267963588,-0.09256408997706944,-0.050376896228710964,-0.016123745069197774,-0.03410260044830373,-0.030135764246633195,-0.008700375774545388
2021_2025,exit,squeeze_breakout,signal_low_failure,2025,16,14,14.0,0,,0.09213904800027328,0.09771858364612773,0.6875,0.06530683100308429,0.08701704937272207,-0.07519433361075689,-0.054860124556415604,0.08613904800027328,0.06088253315931562,0.050557840046420846,0.05921492678400987
2021_2025,exit,squeeze_breakout,half_at6,all,38,35,22.0,0,,0.041172969836663874,0.026998728981734946,0.6052631578947368,0.02044854420493054,0.0375668801282927,-0.11342661354970418,-0.06473600342219347,0.035172969836663875,0.02712394819401593,0.022172177466929597,0.016626838174217957
2021_2025,exit,squeeze_breakout,half_at6,2021,3,3,3.0,0,,0.014076300123288199,-0.011167838730610221,0.3333333333333333,-0.019564416078140745,0.014076300123288199,-0.0548657278134993,-0.07380748963527566,0.008076300123288199,-0.03301678327205476,-0.03301678327205476,-0.019564416078140745
2021_2025,exit,squeeze_breakout,half_at6,2022,2,2,2.0,0,,-0.06710315892905161,-0.06710315892905161,0.0,-0.05041475160375769,-0.06710315892905161,-0.11324055841003755,-0.0752383347402738,-0.07310315892905161,-0.11324055841003755,-0.11324055841003755,-0.05041475160375769
2021_2025,exit,squeeze_breakout,half_at6,2023,11,11,10.0,0,,0.017143655955033824,0.01799992361650427,0.6363636363636364,-0.0006056035599123842,0.017143655955033824,-0.11342661354970418,-0.07667493169582804,0.011143655955033823,0.004265995073982809,0.004265995073982809,-0.0006056035599123842
2021_2025,exit,squeeze_breakout,half_at6,2024,6,5,4.0,0,,0.011973581380813688,0.009550045342511308,0.5,-0.008433628749843824,0.0066629126014663195,-0.07450734619488719,-0.05536353952249604,0.005973581380813688,-0.002798913956913184,-0.009710237405272187,-0.013905291585866264
2021_2025,exit,squeeze_breakout,half_at6,2025,16,14,14.0,0,,0.08725803546820074,0.08525090673323493,0.75,0.06211442768046233,0.08463738881898426,-0.08556848706455455,-0.05702896911674332,0.08125803546820073,0.05567611979177158,0.04799512868085704,0.05840358461628097
2021_2025,exit,squeeze_breakout,atr_2r,all,37,35,22.0,0,,0.05703185365364417,0.026115159764100285,0.6216216216216216,0.028759142386135906,0.04887882295029578,-0.21380925474641355,-0.07039992590545026,0.05103185365364417,0.043033105960283216,0.03381682448957984,0.020805634746739018
2021_2025,exit,squeeze_breakout,atr_2r,2021,3,3,3.0,0,,0.03303546407033379,0.03929010628927587,0.6666666666666666,0.0007047667201933727,0.03303546407033379,-0.06722446843966456,-0.07380748963527566,0.02703546407033379,-0.013967181075194346,-0.013967181075194346,0.0007047667201933727
2021_2025,exit,squeeze_breakout,atr_2r,2022,2,2,2.0,0,,-0.06710315892905161,-0.06710315892905161,0.0,-0.05041475160375769,-0.06710315892905161,-0.11324055841003755,-0.0752383347402738,-0.07310315892905161,-0.11324055841003755,-0.11324055841003755,-0.05041475160375769
2021_2025,exit,squeeze_breakout,atr_2r,2023,11,11,10.0,0,,-0.016267373618096645,-0.01356936889347082,0.45454545454545453,-0.04000540244935744,-0.016267373618096645,-0.21380925474641355,-0.09687183565054273,-0.022267373618096643,-0.04241320490594978,-0.04241320490594978,-0.04000540244935744
2021_2025,exit,squeeze_breakout,atr_2r,2024,5,5,4.0,0,,0.04579196053638288,0.05119736564671484,0.8,0.00826522878868623,0.04579196053638288,-0.04466321328239298,-0.04396191908189342,0.039791960536382884,0.022748132383145103,0.022748132383145103,0.00826522878868623
2021_2025,exit,squeeze_breakout,atr_2r,2025,16,14,14.0,0,,0.13095373862181778,0.11089338988239095,0.75,0.09759604714584152,0.12113143114461448,-0.07306907637929094,-0.05921864578436551,0.12495373862181777,0.10228486982229641,0.08729640503153575,0.0875461215844501
2021_2025,existing,S1,common,all,64,34,23.0,0,,0.04739573252007517,0.10990121780360229,0.625,0.030254691410288338,0.02787416136696234,-0.19152746473080418,-0.06838985030309593,0.041395732520075175,0.03962990141848658,0.02230138983340361,0.01281296771387754
2021_2025,existing,S1,common,2022,45,28,19.0,0,,0.032160551056406576,0.08674994701500016,0.5777777777777777,0.014725127560131097,0.014557284750847678,-0.15553067157646738,-0.06987602718545179,0.026160551056406578,0.02305531470388446,0.007896444801660326,0.003867441573305579
2021_2025,existing,S1,common,2025,19,6,15.0,0,,0.08347905703929027,0.12893945316145494,0.7368421052631579,0.06703523737118706,0.09001958557549745,-0.19152746473080418,-0.06486995768698993,0.07747905703929027,0.06684646798470664,0.06566837829571685,0.05455875636988002
2021_2025,filter,S1,efficient_trend,all,0,0,,0,,,,,,,,,,,,
2021_2025,filter,S1,up_volume_dominates,all,6,4,5.0,0,,0.04585670900889125,0.03131438673996001,0.6666666666666666,0.05233043096048049,0.046813117822891354,-0.12128843685787527,-0.048029875836253566,0.03985670900889125,-0.02025911526506527,-0.013703525489644227,0.06693800581773252
2021_2025,filter,S1,up_volume_dominates,2022,5,3,5.0,0,,0.009355441258569885,0.026394804471868486,0.6,0.017311721884044905,-0.013703525489644227,-0.12128843685787527,-0.050926425351613555,0.003355441258569885,-0.02025911526506527,-0.04252723392491187,0.013442682309423868
2021_2025,filter,S1,up_volume_dominates,2025,1,1,1.0,0,,0.2283630477604981,0.2283630477604981,1.0,0.22742397634265843,0.2283630477604981,0.2283630477604981,-0.03354712825945361,0.2223630477604981,,,0.22742397634265843
2021_2025,filter,S1,resistance_room,all,64,34,23.0,0,,0.04739573252007517,0.10990121780360229,0.625,0.030254691410288338,0.02787416136696234,-0.19152746473080418,-0.06838985030309593,0.041395732520075175,0.03962990141848658,0.02230138983340361,0.01281296771387754
2021_2025,filter,S1,resistance_room,2022,45,28,19.0,0,,0.032160551056406576,0.08674994701500016,0.5777777777777777,0.014725127560131097,0.014557284750847678,-0.15553067157646738,-0.06987602718545179,0.026160551056406578,0.02305531470388446,0.007896444801660326,0.003867441573305579
2021_2025,filter,S1,resistance_room,2025,19,6,15.0,0,,0.08347905703929027,0.12893945316145494,0.7368421052631579,0.06703523737118706,0.09001958557549745,-0.19152746473080418,-0.06486995768698993,0.07747905703929027,0.06684646798470664,0.06566837829571685,0.05455875636988002
2021_2025,filter,S1,no_range_shock,all,61,35,23.0,0,,0.03506941981383129,0.08821180425072139,0.5901639344262295,0.02138534655307074,0.01795919109738612,-0.19152746473080418,-0.07448017827314281,0.029069419813831293,0.026029856359089342,0.010821779736774546,0.008456510175186878
2021_2025,filter,S1,no_range_shock,2022,42,27,19.0,0,,0.027459142093978695,0.04833672756162899,0.5714285714285714,0.009415693373641948,0.010358088519621677,-0.15553067157646738,-0.07345945841455727,0.021459142093978693,0.01729185610184504,0.0018741775605151838,0.0016401387364434153
2021_2025,filter,S1,no_range_shock,2025,19,8,15.0,0,,0.05189213898403178,0.12476717510149937,0.631578947368421,0.04784457989707123,0.043612912297341114,-0.19152746473080418,-0.07673650638159506,0.04589213898403178,0.03154344192294716,0.01261030300293561,0.03146176378094605
2021_2025,filter,S1,above_vwap20,all,0,0,,0,,,,,,,,,,,,
2021_2025,filter,S1,broad_participation,all,7,7,5.0,0,,0.02019494985661206,0.011151500555948827,0.5714285714285714,0.019216570798313817,0.02019494985661206,-0.1325403339813055,-0.056926445746017795,0.01419494985661206,-0.008839219063770295,-0.008839219063770295,0.019216570798313817
2021_2025,filter,S1,broad_participation,2022,7,7,5.0,0,,0.02019494985661206,0.011151500555948827,0.5714285714285714,0.019216570798313817,0.02019494985661206,-0.1325403339813055,-0.056926445746017795,0.01419494985661206,-0.008839219063770295,-0.008839219063770295,0.019216570798313817
2021_2025,filter,S1,rs_vs_watchlist,all,13,11,9.0,0,,0.025375023711272718,0.04757008165050158,0.5384615384615384,0.005748570635255186,0.03802030104699076,-0.14907770932611353,-0.06325714029076779,0.01937502371127272,0.015957176181143118,0.01708864463021003,0.014270066495900695
2021_2025,filter,S1,rs_vs_watchlist,2022,8,7,7.0,0,,0.03869446139126305,0.04833672756162899,0.625,0.005482559661570505,0.04193275125039063,-0.13443480836279587,-0.052147422702836344,0.03269446139126305,0.022117933886508654,0.023133184138031764,0.01046884624135461
2021_2025,filter,S1,rs_vs_watchlist,2025,5,4,5.0,0,,0.0040639234232881846,-0.05967116196933253,0.4,0.006174188193150676,0.03117351319104099,-0.14907770932611353,-0.0810326884314581,-0.0019360765767118156,-0.056754312024589276,-0.04088093748354469,0.02092220194135634
2021_2025,filter,S1,down_day_resilience,all,8,8,5.0,0,,0.02291165935585869,0.021375125127467864,0.625,0.00646248588216658,0.02291165935585869,-0.10648018105363244,-0.047775805195250765,0.016911659355858692,0.004080445846046531,0.004080445846046531,0.00646248588216658
2021_2025,filter,S1,down_day_resilience,2022,7,7,5.0,0,,0.04139620798578599,0.031598749698986905,0.7142857142857143,0.0124483069966393,0.04139620798578599,-0.09388762314219357,-0.0399608943583391,0.035396207985785993,0.022507216995993024,0.022507216995993024,0.0124483069966393
2021_2025,filter,S1,down_day_resilience,2025,1,1,1.0,0,,-0.10648018105363244,-0.10648018105363244,0.0,-0.035438261919142455,-0.10648018105363244,-0.10648018105363244,-0.10248018105363244,-0.11248018105363244,,,-0.035438261919142455
2021_2025,exit,S1,ma20_failure,all,65,35,23.0,0,,0.04847129516422589,0.10437152131719052,0.6461538461538462,0.03326795881831247,0.02907999439522137,-0.19152746473080418,-0.06643421369990017,0.04247129516422589,0.04090330146719782,0.023706593584069045,0.015922688876690808
2021_2025,exit,S1,ma20_failure,2022,45,29,19.0,0,,0.03307762076629775,0.04757008165050158,0.6,0.019066253149926656,0.01489392704457312,-0.15553067157646738,-0.06785113667890705,0.02707762076629775,0.024037889393053576,0.009420711452121493,0.007218795514703856
2021_2025,exit,S1,ma20_failure,2025,20,6,15.0,0,,0.0831070625595642,0.12685331413147716,0.75,0.06522179657218055,0.09764598659002126,-0.19152746473080418,-0.06324613699713473,0.07710706255956419,0.06735717351026566,0.07482005951314541,0.05799150679296108
2021_2025,exit,S1,signal_low_failure,all,70,40,23.0,0,,0.045010396827389644,0.04833672756162899,0.6285714285714286,0.029621629471800973,0.030086820307169464,-0.19152746473080418,-0.05515705077069228,0.039010396827389646,0.03800426113412282,0.024733735113580402,0.015225954963571653
2021_2025,exit,S1,signal_low_failure,2022,51,34,19.0,0,,0.034764528181411916,0.03203080687680382,0.5882352941176471,0.019887444198360152,0.022928372551518462,-0.15553067157646738,-0.052144907395124195,0.028764528181411918,0.02774765473293342,0.016385076481651054,0.01121507410494071
2021_2025,exit,S1,signal_low_failure,2025,19,6,15.0,0,,0.07251246529817194,0.12476717510149937,0.7368421052631579,0.055750232047878996,0.07065135758919182,-0.19152746473080418,-0.06324227772616453,0.06651246529817194,0.05458968897992735,0.04242650471215009,0.037954279829147
2021_2025,exit,S1,half_at6,all,64,34,23.0,0,,0.0403040791632541,0.08942165919785744,0.625,0.0252154379408114,0.021842756587263444,-0.19152746473080418,-0.06838985030309593,0.0343040791632541,0.03328225659244401,0.015683174882433887,0.00858792677881557
2021_2025,exit,S1,half_at6,2022,45,28,19.0,0,,0.026805992872433737,0.07094409117813105,0.5777777777777777,0.010460413502579244,0.009261427958282165,-0.15553067157646738,-0.06987602718545179,0.02080599287243374,0.019695168734527535,0.002404445164925719,-0.00023894200915077827
2021_2025,exit,S1,half_at6,2025,19,6,15.0,0,,0.07227323090467072,0.11750690220845439,0.7368421052631579,0.06016154845241387,0.08055562352250943,-0.19152746473080418,-0.06486995768698993,0.06627323090467072,0.05486155002216761,0.05164495765768355,0.04977998112265853
2021_2025,exit,S1,atr_2r,all,60,33,23.0,0,,0.06878627740549094,0.04833672756162899,0.55,0.05519171655857897,0.04864920360743351,-0.22999707741785846,-0.08434387537735767,0.06278627740549093,0.05727507388362083,0.028683797530460894,0.04220235954874796
2021_2025,exit,S1,atr_2r,2022,42,28,19.0,0,,0.06519639517170621,0.04833672756162899,0.5714285714285714,0.05101086530809912,0.029345438371827456,-0.15553067157646738,-0.07639171200355752,0.05919639517170621,0.05887955321465858,0.004967780605207837,0.031264315703070235
2021_2025,exit,S1,atr_2r,2025,18,5,15.0,0,,0.0771626692843219,0.09668714402800316,0.5,0.06494703614303193,0.15675028892682744,-0.22999707741785846,-0.102898923249558,0.0711626692843219,0.047780877396181656,0.10512993709471785,0.1034554050845432
2021_2025,existing,S2_core,common,all,187,81,27.0,0,,0.027578882203042995,-0.005215476357475875,0.4919786096256685,0.023609409858756456,0.03565757910487248,-0.1661621665160441,-0.06765293809802002,0.021578882203042993,0.02445260801128766,0.033134462476491634,0.026848601156678278
2021_2025,existing,S2_core,common,2022,38,5,21.0,0,,-0.02907782805969267,-0.04013724564469573,0.21052631578947367,0.0003299620694332014,-0.027248280409573177,-0.11469064428325915,-0.05412512410566815,-0.03507782805969267,-0.034319072815635454,-0.035547410539079845,-0.0014402262270807216
2021_2025,existing,S2_core,common,2023,88,45,27.0,0,,0.005378335418448249,-0.029938061621255285,0.4090909090909091,-0.0010298915209515798,-0.006298691740880818,-0.1661621665160441,-0.07723634785805698,-0.0006216645815517513,-0.0013881095857749244,-0.011839728129885844,-0.01154902339678138
2021_2025,existing,S2_core,common,2025,61,31,26.0,0,,0.09490024461334286,0.12949487815585248,0.7868852459016393,0.07365658260315959,0.10670794960910238,-0.1320193208894188,-0.06225485404598918,0.08890024461334285,0.08750718759299408,0.10256316381324183,0.08714980250585504
2021_2025,filter,S2_core,efficient_trend,all,56,30,26.0,0,,0.04592075166983265,0.02033111174394664,0.5357142857142857,0.03877185627987984,0.04000713007304044,-0.1661621665160441,-0.06796518715518204,0.03992075166983265,0.03738891087541169,0.03172425274636806,0.035208566965994996
2021_2025,filter,S2_core,efficient_trend,2022,3,2,3.0,0,,-0.04019499665808294,-0.05031586551153022,0.0,-0.006133769352443769,-0.04272521387144476,-0.05200888884736965,-0.0426547537509823,-0.04619499665808294,-0.051162377179449936,-0.05031586551153022,-0.012799169064066113
2021_2025,filter,S2_core,efficient_trend,2023,27,14,19.0,0,,0.006093328026847062,-0.033145006517355746,0.37037037037037035,0.010593284412948642,-0.008340748988593046,-0.1661621665160441,-0.06994926083787521,9.332802684706206e-05,-0.004449642916218026,-0.03053700449129554,-0.0008638842278835467
2021_2025,filter,S2_core,efficient_trend,2025,26,14,19.0,0,,0.09721643179846179,0.07987851430130233,0.7692307692307693,0.07321563771465343,0.10017391541245753,-0.13150368884010033,-0.06882523756979297,0.09121643179846178,0.0795657424370295,0.08952934933802922,0.07813926616416798
2021_2025,filter,S2_core,up_volume_dominates,all,117,60,27.0,0,,0.036328749477295606,0.0009875261309126894,0.5128205128205128,0.03296457279038578,0.04977687124187889,-0.1661621665160441,-0.06378666849593206,0.030328749477295608,0.0290488969723939,0.04285526854472856,0.04081843723386817
2021_2025,filter,S2_core,up_volume_dominates,2022,21,5,18.0,0,,-0.01756014294539229,-0.041234050776144504,0.2857142857142857,0.010166587033902597,-0.017216570991117053,-0.10608060358530691,-0.04853263030833229,-0.02356014294539229,-0.027700593793923915,-0.029005022141719097,0.008386846123673764
2021_2025,filter,S2_core,up_volume_dominates,2023,54,30,24.0,0,,0.018858949479610688,-0.021700617573769673,0.42592592592592593,0.01638654896612778,0.033976688088391944,-0.1661621665160441,-0.07285637250122175,0.012858949479610688,0.007319770345482956,0.019349972837172765,0.02794605887171637
2021_2025,filter,S2_core,up_volume_dominates,2025,42,25,23.0,0,,0.08573436711423443,0.08630267147597848,0.7380952380952381,0.06567816772838764,0.08213577947266242,-0.11640725188894252,-0.05975263958293092,0.07973436711423443,0.07469170129179457,0.07554137074963754,0.06275160949048919
2021_2025,filter,S2_core,resistance_room,all,151,66,27.0,0,,0.024112999461821525,-0.01826023561534895,0.4503311258278146,0.022471681518465455,0.02816458358496773,-0.1661621665160441,-0.06741665318752527,0.018112999461821523,0.02009182618884758,0.025317617015161185,0.021971691066583712
2021_2025,filter,S2_core,resistance_room,2022,35,5,19.0,0,,-0.02958775790832208,-0.041234050776144504,0.17142857142857143,0.00027550959115860705,-0.02701151888047294,-0.11469064428325915,-0.05470468746466036,-0.03558775790832208,-0.03530646337357245,-0.035978485781292494,-0.0014081017656821203
2021_2025,filter,S2_core,resistance_room,2023,68,36,24.0,0,,-0.0023720366087891685,-0.035165053885230835,0.36764705882352944,-0.007582428853214648,-0.018564633840380665,-0.1661621665160441,-0.07862988674397048,-0.008372036608789168,-0.011737393928534422,-0.024830186494356983,-0.021450325891161477
2021_2025,filter,S2_core,resistance_room,2025,48,25,25.0,0,,0.10079026947758306,0.13342830114471926,0.7708333333333334,0.0812330465753402,0.10648987717055756,-0.12118748399289292,-0.060800380655483516,0.09479026947758305,0.0914776440231855,0.10204289661006442,0.08917535405218996
2021_2025,filter,S2_core,no_range_shock,all,179,79,27.0,0,,0.028970829428032044,-0.0034747263008285643,0.4972067039106145,0.02570434944345947,0.04516949839856366,-0.16040017558607023,-0.06713226303911135,0.022970829428032045,0.023761240106084148,0.04110478478179959,0.03689498759274653
2021_2025,filter,S2_core,no_range_shock,2022,37,5,20.0,0,,-0.027700319569465646,-0.039040440513246955,0.21621621621621623,0.0013561769530455947,-0.026102173034912003,-0.11469064428325915,-0.052710561149891665,-0.03370031956946565,-0.03304889033278943,-0.034114776320753375,-0.0005572236537502211
2021_2025,filter,S2_core,no_range_shock,2023,83,42,27.0,0,,0.004822432937649817,-0.03347592888504647,0.42168674698795183,1.6143428971189815e-05,-3.629687998504158e-05,-0.16040017558607023,-0.0774545866871045,-0.0011775670623501832,-0.002400415040551959,-0.005830033617919807,-0.003800405830212991
2021_2025,filter,S2_core,no_range_shock,2025,59,32,26.0,0,,0.09848183657394965,0.12044280200033963,0.7796610169491526,0.07711118811037203,0.1156383033631394,-0.1320193208894188,-0.06165514621059771,0.09248183657394965,0.08864849274937706,0.10768414668110646,0.09615959946764605
2021_2025,filter,S2_core,above_vwap20,all,169,75,27.0,0,,0.031438727472199064,0.004264482402250195,0.5088757396449705,0.028278997902761654,0.04465891048277617,-0.21663477446409818,-0.06552094974323137,0.025438727472199066,0.02835295019917215,0.04175414218115926,0.037521547525929504
2021_2025,filter,S2_core,above_vwap20,2022,34,5,20.0,0,,-0.02876813757495588,-0.038443128625068435,0.20588235294117646,0.00019604313296521278,-0.029205622018052324,-0.11469064428325915,-0.05243097561407549,-0.03476813757495588,-0.034635300165414856,-0.03780237375341918,-0.003029221113696916
2021_2025,filter,S2_core,above_vwap20,2023,76,40,27.0,0,,0.004851370383923986,-0.03034648699018966,0.42105263157894735,-0.0003473796490639035,0.006520897220360059,-0.21663477446409818,-0.07750628137939775,-0.001148629616076014,-0.0026830102475636063,0.0016975841832303708,0.002654646136405106
2021_2025,filter,S2_core,above_vwap20,2025,59,30,26.0,0,,0.10038233001986305,0.12949487815585248,0.7966101694915254,0.08133705139618234,0.10782035024946908,-0.1320193208894188,-0.057625592388022125,0.09438233001986304,0.09065079834417866,0.10258616354074639,0.09076921081856645
2021_2025,filter,S2_core,broad_participation,all,158,61,27.0,0,,0.03381438851992286,0.0125783294617321,0.5126582278481012,0.031157775058670685,0.054696119909763856,-0.21663477446409818,-0.0674183026150559,0.027814388519922864,0.028847679168411033,0.051756863183511276,0.04899340057911861
2021_2025,filter,S2_core,broad_participation,2022,27,3,16.0,0,,-0.02975359681163237,-0.041234050776144504,0.14814814814814814,0.0018269366206071697,-0.0340859193571228,-0.11469064428325915,-0.05333905647955754,-0.03575359681163237,-0.03723828237785633,-0.052068064286081586,-0.0020543506751742407
2021_2025,filter,S2_core,broad_participation,2023,70,27,27.0,0,,0.0051015082663996075,-0.023359119686498838,0.4142857142857143,0.005436423310297698,0.004843504988325555,-0.21663477446409818,-0.07734844559179196,-0.0008984917336003926,-0.0014952783848664222,-0.0024559796532164567,0.01085617072852785
2021_2025,filter,S2_core,broad_participation,2025,61,31,26.0,0,,0.09490024461334286,0.12949487815585248,0.7868852459016393,0.07365658260315959,0.10670794960910238,-0.1320193208894188,-0.06225485404598918,0.08890024461334285,0.08750718759299408,0.10256316381324183,0.08714980250585504
2021_2025,filter,S2_core,rs_vs_watchlist,all,106,60,27.0,0,,0.03371831463247249,0.004421078497643286,0.5094339622641509,0.027941245701802023,0.0338665399689441,-0.21663477446409818,-0.07290793209818149,0.027718314632472492,0.027975403241564004,0.02994511266895795,0.02498771423129755
2021_2025,filter,S2_core,rs_vs_watchlist,2022,16,5,14.0,0,,-0.028432050606744377,-0.04901014149105826,0.25,0.00014386219108215902,-0.03317321479167936,-0.10608060358530691,-0.057873463103490286,-0.034432050606744376,-0.03974075035614232,-0.040831086804883454,-0.007569797676888548
2021_2025,filter,S2_core,rs_vs_watchlist,2023,63,38,26.0,0,,0.018665543326102825,-0.00980823104708994,0.4603174603174603,0.009318030821130486,0.011424506659629862,-0.21663477446409818,-0.0753639069235308,0.012665543326102825,0.010407599026130086,0.004564878443183992,0.0018497374357028982
2021_2025,filter,S2_core,rs_vs_watchlist,2025,27,17,16.0,0,,0.10567129374835246,0.13368120136012607,0.7777777777777778,0.08786793731861033,0.1037486599428887,-0.1320193208894188,-0.07608663913218348,0.09967129374835246,0.09009520017609997,0.09417186010303756,0.08628363645326977
2021_2025,filter,S2_core,down_day_resilience,all,78,53,25.0,0,,0.036094686779426406,0.02198430600010926,0.5641025641025641,0.0251130940161225,0.041640177981112116,-0.1661621665160441,-0.05813898005262457,0.030094686779426408,0.029797365572227348,0.035475236009476566,0.029564661242188685
2021_2025,filter,S2_core,down_day_resilience,2022,10,5,7.0,0,,-0.024611447704834345,-0.035147805468324744,0.3,-0.0012492396964179687,-0.03152028354678728,-0.05200888884736965,-0.04427164441950489,-0.030611447704834344,-0.029733855115869408,-0.03876492274876835,-0.006326140567399746
2021_2025,filter,S2_core,down_day_resilience,2023,37,25,23.0,0,,0.002118739606495719,-0.01917027190997411,0.43243243243243246,-0.010117028690781378,-0.00722302019439951,-0.1661621665160441,-0.070265097984305,-0.0038812603935042813,-0.015500041108733272,-0.015300096434924878,-0.018931518504593233
2021_2025,filter,S2_core,down_day_resilience,2025,31,23,19.0,0,,0.0962292477549439,0.1082413844452812,0.8064516129032258,0.07566592876711761,0.11065679806925507,-0.11640725188894252,-0.04813920562872198,0.0902292477549439,0.08330205166161908,0.09922223614030483,0.09008024831686218
2021_2025,exit,S2_core,ma20_failure,all,210,84,27.0,0,,0.017323133730340126,-0.018330130014705733,0.4238095238095238,0.014217285774643922,0.02218873192335721,-0.1661621665160441,-0.06020534272690062,0.011323133730340126,0.014727377123363514,0.020224151142063333,0.015258137218301262
2021_2025,exit,S2_core,ma20_failure,2022,38,5,21.0,0,,-0.02907782805969267,-0.04013724564469573,0.21052631578947367,0.0003299620694332014,-0.027248280409573177,-0.11469064428325915,-0.05412512410566815,-0.03507782805969267,-0.034319072815635454,-0.035547410539079845,-0.0014402262270807216
2021_2025,exit,S2_core,ma20_failure,2023,105,47,27.0,0,,0.002658612120470386,-0.025428766447152414,0.3523809523809524,-0.0029431012808977357,-0.004632912129046608,-0.1661621665160441,-0.06390479587878688,-0.003341387879529614,-0.003076638112664842,-0.008737702353928989,-0.009059976810972729
2021_2025,exit,S2_core,ma20_failure,2025,67,32,26.0,0,,0.0666218101043337,0.07772629583011392,0.6567164179104478,0.048986822216880964,0.06930755480234568,-0.14462496216501952,-0.057856174468076414,0.0606218101043337,0.05947238804781951,0.06556751022271977,0.05358448648713837
2021_2025,exit,S2_core,signal_low_failure,all,211,85,27.0,0,,0.018148065004990614,-0.02386753084718018,0.4265402843601896,0.014974422188936255,0.021272468783589286,-0.1661621665160441,-0.060876571752194006,0.012148065004990613,0.014542566402474552,0.01923028044965116,0.014282583242461198
2021_2025,exit,S2_core,signal_low_failure,2022,38,5,21.0,0,,-0.02907782805969267,-0.04013724564469573,0.21052631578947367,0.0003299620694332014,-0.027248280409573177,-0.11469064428325915,-0.05412512410566815,-0.03507782805969267,-0.034319072815635454,-0.035547410539079845,-0.0014402262270807216
2021_2025,exit,S2_core,signal_low_failure,2023,103,48,27.0,0,,0.00533836117038747,-0.030365810955089053,0.36893203883495146,-0.000542278356612886,-0.005337141114999697,-0.1661621665160441,-0.06682478398950133,-0.0006616388296125297,-0.0004044800149356576,-0.00936957897309635,-0.010188769291114346
2021_2025,exit,S2_core,signal_low_failure,2025,70,32,26.0,0,,0.06263354259673473,0.08139834733453544,0.6285714285714286,0.04575598848511736,0.06876825069290439,-0.14462496216501952,-0.05578927389684157,0.05663354259673473,0.05868127257088069,0.06476670107543704,0.05344630102244044
2021_2025,exit,S2_core,half_at6,all,187,81,27.0,0,,0.02106061146892248,0.004860284324008316,0.5133689839572193,0.01840732659176796,0.029619651240798888,-0.1661621665160441,-0.06765293809802002,0.01506061146892248,0.018193173579175315,0.027853552766355223,0.022989293028340713
2021_2025,exit,S2_core,half_at6,2022,38,5,21.0,0,,-0.02974276772417036,-0.04013724564469573,0.21052631578947367,-0.001208954758553394,-0.027707693268666855,-0.11469064428325915,-0.05412512410566815,-0.03574276772417036,-0.035001983822396325,-0.03612167661294694,-0.0025034778536896416
2021_2025,exit,S2_core,half_at6,2023,88,45,27.0,0,,0.0026869286746694756,-0.016461922013717347,0.4431818181818182,-0.002663069300060758,-0.00707394332349491,-0.1661621665160441,-0.07723634785805698,-0.0033130713253305246,-0.002784282951026925,-0.011118976789853706,-0.010485480615572505
2021_2025,exit,S2_core,half_at6,2025,61,31,26.0,0,,0.07921491466944366,0.10052562326933911,0.8032786885245902,0.06102394183427843,0.09213089246468757,-0.1320193208894188,-0.06225485404598918,0.07321491466944366,0.07098329953793948,0.08968137128046984,0.07569344362144545
2021_2025,exit,S2_core,atr_2r,all,170,75,27.0,0,,0.053633764542766485,0.002364937379892077,0.5117647058823529,0.04737583478306474,0.0719438567714341,-0.19927555743954217,-0.06895670129668131,0.04763376454276649,0.04681081001337549,0.06673311839256857,0.05885048727642713
2021_2025,exit,S2_core,atr_2r,2022,38,5,21.0,0,,-0.028482132609116074,-0.04013724564469573,0.21052631578947367,0.000602546360480884,-0.026682369731525418,-0.11469064428325915,-0.05375096738537618,-0.034482132609116076,-0.03370727748801626,-0.034840022191520145,-0.001181271150585423
2021_2025,exit,S2_core,atr_2r,2023,75,41,27.0,0,,0.03217952027692714,-0.01681383958408555,0.44,0.02392064841273422,0.02739085930037131,-0.19927555743954217,-0.08196719086923487,0.02617952027692714,0.02023510257829621,0.01663716836269351,0.017981833948866
2021_2025,exit,S2_core,atr_2r,2025,57,29,26.0,0,,0.13660696474819614,0.12044280200033963,0.8070175438596491,0.10942011439416953,0.15193709914482623,-0.16959691504108454,-0.061974792010507256,0.13060696474819614,0.12427514402384601,0.1445123452768521,0.12698061067522262
2021_2025,existing,S3,common,all,116,47,27.0,0,,0.03925573106806719,0.06874014781346993,0.6379310344827587,0.015427537122943504,0.026202124583949996,-0.25008294768854844,-0.06730399368569497,0.033255731068067194,0.0333826560186398,0.02099951743576791,0.007865369799732923
2021_2025,existing,S3,common,2021,28,8,15.0,0,,0.07696212629229218,0.09486254567168151,0.8214285714285714,0.03381074913590031,0.09961989732980704,-0.1331290805376547,-0.04147680179434129,0.07096212629229218,0.06742107226458442,0.08721037362786521,0.04605216077025759
2021_2025,existing,S3,common,2022,14,8,12.0,0,,-0.07213852623603305,-0.08710207667743752,0.21428571428571427,-0.038160660557883676,-0.07136257533743803,-0.14224292667873029,-0.10923278606888867,-0.07813852623603305,-0.08021055491890364,-0.0842652539885677,-0.0355506380676767
2021_2025,existing,S3,common,2023,18,7,15.0,0,,0.08392047211304224,0.12799569844039616,0.8333333333333334,0.0335344250510853,0.08649878661206188,-0.15042373410993226,-0.05806877757528481,0.07792047211304223,0.07631075960658787,0.07623226547952106,0.03182346893176093
2021_2025,existing,S3,common,2024,31,12,15.0,0,,0.1176976439500083,0.12065149680148801,0.9032258064516129,0.06100241767735917,0.08718179551298692,-0.10254542125355115,-0.029035564513727383,0.1116976439500083,0.10804705250045302,0.07852071234033678,0.039213426705891084
2021_2025,existing,S3,common,2025,25,12,12.0,0,,-0.07002123301875768,-0.09745796162597453,0.2,-0.04470208082604243,-0.05385264774446488,-0.25008294768854844,-0.1268525326421577,-0.07602123301875768,-0.08952753886153667,-0.08288671148490041,-0.03397210033551828
2021_2025,filter,S3,efficient_trend,all,0,0,,0,,,,,,,,,,,,
2021_2025,filter,S3,up_volume_dominates,all,7,4,6.0,0,,-0.07530163886276513,-0.08778353305036446,0.0,-0.05849789165607931,-0.06735823245459402,-0.15074341296168892,-0.08947065520961647,-0.08130163886276513,-0.09780324928998774,-0.08185236795368078,-0.05824943399844677
2021_2025,filter,S3,up_volume_dominates,2021,1,1,1.0,0,,-0.023875825957333726,-0.023875825957333726,0.0,-0.08406925893556783,-0.023875825957333726,-0.023875825957333726,-0.02459648020619931,-0.029875825957333728,,,-0.08406925893556783
2021_2025,filter,S3,up_volume_dominates,2022,3,2,3.0,0,,-0.053180806025192116,-0.04288004746794838,0.0,-0.026531822449431714,-0.0654963472627802,-0.10244297097554445,-0.0636430910394904,-0.059180806025192115,-0.07266150922174641,-0.10244297097554445,-0.03349415264432759
2021_2025,filter,S3,up_volume_dominates,2025,3,1,3.0,0,,-0.11456440933548195,-0.10516628199439249,0.0,-0.08194017176956407,-0.11456440933548195,-0.15074341296168892,-0.1369229443808816,-0.12056440933548196,-0.1279548474780407,,-0.08194017176956407
2021_2025,filter,S3,resistance_room,all,116,47,27.0,0,,0.03925573106806719,0.06874014781346993,0.6379310344827587,0.015427537122943504,0.026202124583949996,-0.25008294768854844,-0.06730399368569497,0.033255731068067194,0.0333826560186398,0.02099951743576791,0.007865369799732923
2021_2025,filter,S3,resistance_room,2021,28,8,15.0,0,,0.07696212629229218,0.09486254567168151,0.8214285714285714,0.03381074913590031,0.09961989732980704,-0.1331290805376547,-0.04147680179434129,0.07096212629229218,0.06742107226458442,0.08721037362786521,0.04605216077025759
2021_2025,filter,S3,resistance_room,2022,14,8,12.0,0,,-0.07213852623603305,-0.08710207667743752,0.21428571428571427,-0.038160660557883676,-0.07136257533743803,-0.14224292667873029,-0.10923278606888867,-0.07813852623603305,-0.08021055491890364,-0.0842652539885677,-0.0355506380676767
2021_2025,filter,S3,resistance_room,2023,18,7,15.0,0,,0.08392047211304224,0.12799569844039616,0.8333333333333334,0.0335344250510853,0.08649878661206188,-0.15042373410993226,-0.05806877757528481,0.07792047211304223,0.07631075960658787,0.07623226547952106,0.03182346893176093
2021_2025,filter,S3,resistance_room,2024,31,12,15.0,0,,0.1176976439500083,0.12065149680148801,0.9032258064516129,0.06100241767735917,0.08718179551298692,-0.10254542125355115,-0.029035564513727383,0.1116976439500083,0.10804705250045302,0.07852071234033678,0.039213426705891084
2021_2025,filter,S3,resistance_room,2025,25,12,12.0,0,,-0.07002123301875768,-0.09745796162597453,0.2,-0.04470208082604243,-0.05385264774446488,-0.25008294768854844,-0.1268525326421577,-0.07602123301875768,-0.08952753886153667,-0.08288671148490041,-0.03397210033551828
2021_2025,filter,S3,no_range_shock,all,114,49,27.0,0,,0.041172919955517806,0.07451740071204538,0.6403508771929824,0.017035776610549832,0.03927950211550337,-0.25008294768854844,-0.06706202610581039,0.03517291995551781,0.03529168330741446,0.0345661156304029,0.015113484175943595
2021_2025,filter,S3,no_range_shock,2021,28,10,15.0,0,,0.08106226828434472,0.09486254567168151,0.8214285714285714,0.03777248626430294,0.10415725887050269,-0.1331290805376547,-0.04134223288301039,0.07506226828434472,0.07201323129568324,0.09500955838462523,0.050318012089692374
2021_2025,filter,S3,no_range_shock,2022,14,8,12.0,0,,-0.07321975028659974,-0.09334736709056174,0.21428571428571427,-0.03684090863877061,-0.0732547174259297,-0.14224292667873029,-0.11031401011945537,-0.07921975028659975,-0.08137495005028315,-0.08642770208970105,-0.033241072209228846
2021_2025,filter,S3,no_range_shock,2023,18,8,15.0,0,,0.0841179088384383,0.12799569844039616,0.8333333333333334,0.03325039936865565,0.0925481996054426,-0.15042373410993226,-0.05789683039590579,0.07811790883843829,0.07653287592265842,0.08461252620517627,0.02954217178697275
2021_2025,filter,S3,no_range_shock,2024,29,12,15.0,0,,0.12485022031451307,0.12299064689566919,0.9310344827586207,0.06487357753170686,0.10148286824988706,-0.10138719290158238,-0.02610692058592854,0.11885022031451306,0.11501459071050961,0.0941218825987733,0.04753021083717456
2021_2025,filter,S3,no_range_shock,2025,25,11,12.0,0,,-0.06742931524931978,-0.09745796162597453,0.2,-0.043184771916412554,-0.04445629649819177,-0.25008294768854844,-0.12575394678189947,-0.07342931524931978,-0.08952753886153667,-0.07545413148804354,-0.027580974813066695
2021_2025,filter,S3,above_vwap20,all,0,0,,0,,,,,,,,,,,,
2021_2025,filter,S3,broad_participation,all,7,4,6.0,0,,-0.07988834295073777,-0.08851499680262953,0.14285714285714285,-0.04848065128866562,-0.08525815922883138,-0.12243263526724046,-0.11442314724974015,-0.08588834295073777,-0.10037833617054866,-0.10610031556602485,-0.05839878293850516
2021_2025,filter,S3,broad_participation,2022,6,3,5.0,0,,-0.07651217838688441,-0.08811952031857695,0.16666666666666666,-0.03681917481291821,-0.08029576886048923,-0.12243263526724046,-0.11488489545228982,-0.08251217838688442,-0.10042493733788682,-0.10907780818210835,-0.03838187387029018
2021_2025,filter,S3,broad_participation,2025,1,1,1.0,0,,-0.10014533033385786,-0.10014533033385786,0.0,-0.11844951014315008,-0.10014533033385786,-0.10014533033385786,-0.11165265803444213,-0.10614533033385787,,,-0.11844951014315008
2021_2025,filter,S3,rs_vs_watchlist,all,50,25,20.0,0,,0.045332083429803556,0.0824244249711068,0.66,0.013856073533250498,0.03519873244480945,-0.15615567189994572,-0.05616757848840969,0.03933208342980356,0.03620392795655368,0.030889648797033643,0.011381021859451206
2021_2025,filter,S3,rs_vs_watchlist,2021,12,7,8.0,0,,0.08879967509556581,0.088483779444547,0.8333333333333334,0.04471912773081634,0.0822809723802432,-0.04485428063607477,-0.03359156000494188,0.08279967509556581,0.08251594603472713,0.07348245497822957,0.033240713601383205
2021_2025,filter,S3,rs_vs_watchlist,2022,6,4,6.0,0,,-0.09137045698392399,-0.10975967468643594,0.0,-0.05438549968543738,-0.09361817835780924,-0.12416899270086235,-0.11044980656285076,-0.09737045698392399,-0.10205276606169153,-0.11053088865442952,-0.04865618740414729
2021_2025,filter,S3,rs_vs_watchlist,2023,10,5,10.0,0,,0.09964351962483566,0.12310547955229989,0.9,0.036308498888859106,0.10732963495984324,-0.10043440189164465,-0.04594509787981545,0.09364351962483565,0.09430044191688192,0.09999471035294438,0.04103776658323671
2021_2025,filter,S3,rs_vs_watchlist,2024,13,4,9.0,0,,0.1077637370394302,0.12299064689566919,0.9230769230769231,0.034492769836705836,0.1004738421532242,-0.10138719290158238,-0.021458309604154232,0.10176373703943019,0.0955087562116853,0.08775954287382266,0.03279580456027548
2021_2025,filter,S3,rs_vs_watchlist,2025,9,5,7.0,0,,-0.07201477394600193,-0.09213922773961636,0.2222222222222222,-0.036555983862268215,-0.05201386510446846,-0.15615567189994572,-0.11157470681465748,-0.07801477394600194,-0.09607489548711277,-0.09513388097630676,-0.017981350052819717
2021_2025,filter,S3,down_day_resilience,all,27,20,16.0,0,,0.05994378482552284,0.07995888330063705,0.7037037037037037,0.027519524036674483,0.04529326390373305,-0.14224292667873029,-0.05088160913034003,0.05394378482552284,0.052448410896797984,0.034867784139426934,0.018419757268135894
2021_2025,filter,S3,down_day_resilience,2021,8,5,6.0,0,,0.07337087637019427,0.08057675518548557,0.75,0.03877537967542538,0.06999923968738901,-0.04485428063607477,-0.039476659985740015,0.06737087637019426,0.0601650922076687,0.050725799152279094,0.03096226725038993
2021_2025,filter,S3,down_day_resilience,2022,4,4,4.0,0,,-0.09803793567332553,-0.10351438427331172,0.0,-0.05540606628911321,-0.09803793567332553,-0.14224292667873029,-0.10181860630536435,-0.10403793567332553,-0.11642389840845124,-0.11642389840845124,-0.05540606628911321
2021_2025,filter,S3,down_day_resilience,2023,6,4,6.0,0,,0.11713467066878773,0.12833177747834523,1.0,0.05182899945409525,0.12068778493046933,0.04617159048067898,-0.037608161193459,0.11113467066878772,0.11101536100326141,0.11536060211147954,0.04769879451497963
2021_2025,filter,S3,down_day_resilience,2024,6,4,4.0,0,,0.1141325054087667,0.10214614983518944,1.0,0.04579326977546146,0.10730145426340068,0.035999972432247285,-0.015976567881610632,0.10813250540876669,0.08599430509604625,0.09459802578376486,0.04392453371034549
2021_2025,filter,S3,down_day_resilience,2025,3,3,3.0,0,,0.01202128851851266,-0.10127269952947449,0.3333333333333333,0.02290492045530686,0.01202128851851266,-0.1060408143405367,-0.1097357889871285,0.0060212885185126595,-0.10365675693500559,-0.10365675693500559,0.02290492045530686
2021_2025,exit,S3,ma20_failure,all,117,48,27.0,0,,0.035542806450063844,0.04617159048067898,0.6410256410256411,0.014729464619396499,0.02299711740496332,-0.25008294768854844,-0.06611972661352536,0.029542806450063845,0.02931880368129376,0.01783701238378539,0.00754269905500442
2021_2025,exit,S3,ma20_failure,2021,28,8,15.0,0,,0.0752734524017683,0.08887580602144207,0.8571428571428571,0.03299062278426241,0.08751215666536177,-0.1331290805376547,-0.037420395189207145,0.0692734524017683,0.06963017235274391,0.0735064302810801,0.037675190443251634
2021_2025,exit,S3,ma20_failure,2022,15,8,13.0,0,,-0.07451596177159678,-0.08772404383452437,0.2,-0.0348677716603467,-0.07260509264058321,-0.14224292667873029,-0.10878387977674743,-0.08051596177159678,-0.08291364592443422,-0.08568527376359077,-0.03175363638105727
2021_2025,exit,S3,ma20_failure,2023,18,7,15.0,0,,0.07317896005832633,0.12310547955229989,0.7777777777777778,0.027683440744118,0.0646212833093641,-0.15042373410993226,-0.057893873802674585,0.06717896005832633,0.06422655854503248,0.05070851162637365,0.020368074800875262
2021_2025,exit,S3,ma20_failure,2024,31,13,15.0,0,,0.11601004596480877,0.11808098149681201,0.9354838709677419,0.06219331176356832,0.090222975347395,-0.10254542125355115,-0.027195990559076507,0.11001004596480876,0.10624306844730869,0.0824888495934957,0.04352937558162981
2021_2025,exit,S3,ma20_failure,2025,25,12,12.0,0,,-0.06979766367908144,-0.09745796162597453,0.2,-0.04414672402597995,-0.05338687828680606,-0.25008294768854844,-0.1268525326421577,-0.07579766367908145,-0.08926138488573161,-0.08237859934927261,-0.03281510700205476
2021_2025,exit,S3,signal_low_failure,all,123,50,27.0,0,,0.025820667382237664,-0.004486701047985205,0.4959349593495935,0.00948550944406714,0.009880585265985675,-0.1727979722103945,-0.05682460323126148,0.019820667382237665,0.021989088000645557,0.004663412446917506,-0.0026261727676700776
2021_2025,exit,S3,signal_low_failure,2021,30,9,15.0,0,,0.061316848706679306,0.08014767163765546,0.7,0.02480284440555778,0.06455068400433633,-0.1331290805376547,-0.034375679471717685,0.05531684870667931,0.0507441752455855,0.056300276584669365,0.017175405860573742
2021_2025,exit,S3,signal_low_failure,2022,16,9,13.0,0,,-0.06395616223851824,-0.06501039054009256,0.0625,-0.02420589135589498,-0.057735605647127146,-0.12243263526724046,-0.08613950308248183,-0.06995616223851825,-0.07236640246034097,-0.07009477598268475,-0.019218031280781686
2021_2025,exit,S3,signal_low_failure,2023,20,8,15.0,0,,0.03246517013909797,-0.0059654296784378245,0.45,0.009234783248035495,0.039041383410275465,-0.10043440189164465,-0.03926202687791493,0.026465170139097972,0.01998372546958917,0.02346187912498527,0.014616259717768709
2021_2025,exit,S3,signal_low_failure,2024,31,13,15.0,0,,0.1063367677835059,0.11808098149681201,0.8064516129032258,0.057489396396329356,0.06608494610791685,-0.10254542125355115,-0.027942646910218614,0.10033676778350589,0.09590266763281251,0.0567105797110623,0.02785594986814305
2021_2025,exit,S3,signal_low_failure,2025,26,11,12.0,0,,-0.06100030697844218,-0.09563266620080008,0.19230769230769232,-0.04449770623457982,-0.06715834623642924,-0.1727979722103945,-0.11263312200764795,-0.06700030697844218,-0.07191255140390372,-0.10042638620010477,-0.05381658505724016
2021_2025,exit,S3,half_at6,all,116,47,27.0,0,,0.03276853342705143,0.0702930238560247,0.6551724137931034,0.013603792251670977,0.01989239731013307,-0.25008294768854844,-0.06730399368569497,0.026768533427051433,0.027012984970393814,0.01574525536191551,0.005959068679183239
2021_2025,exit,S3,half_at6,2021,28,8,15.0,0,,0.06669575637647597,0.08683198827401939,0.8571428571428571,0.029342599664540354,0.08092624074726414,-0.11228029751160273,-0.04147680179434129,0.06069575637647597,0.0604953502037532,0.07392209894150217,0.03546473092653055
2021_2025,exit,S3,half_at6,2022,14,8,12.0,0,,-0.0696566827528247,-0.08710207667743752,0.21428571428571427,-0.036230985510556125,-0.0699148333055665,-0.14224292667873029,-0.10923278606888867,-0.07565668275282471,-0.07794437397486097,-0.0826106916664288,-0.03442499429006897
2021_2025,exit,S3,half_at6,2023,18,7,15.0,0,,0.06285105253409712,0.09761756482025058,0.8333333333333334,0.023407058319943316,0.06114912414671497,-0.15042373410993226,-0.05806877757528481,0.05685105253409712,0.05701411222667024,0.05341757060802785,0.02030426870179831
2021_2025,exit,S3,half_at6,2024,31,12,15.0,0,,0.10401839172050617,0.09777085816806552,0.9354838709677419,0.0555392197031107,0.07513100914793958,-0.10254542125355115,-0.029035564513727383,0.09801839172050616,0.09484284422296746,0.06640723644965403,0.034145889324927965
2021_2025,exit,S3,half_at6,2025,25,12,12.0,0,,-0.05788107325653014,-0.08949605669115202,0.2,-0.035174478112836874,-0.04023038039663388,-0.25008294768854844,-0.1268525326421577,-0.06388107325653014,-0.06947316710852816,-0.0630386810625225,-0.023343518165150356
2021_2025,exit,S3,atr_2r,all,108,42,27.0,0,,0.05233141249631198,0.0631524863887617,0.6388888888888888,0.02212796472211964,0.025493945060468155,-0.2803772201310941,-0.07600992495918432,0.04633141249631198,0.045478549564054255,0.01912649450070918,0.0054284954915899426
2021_2025,exit,S3,atr_2r,2021,28,8,15.0,0,,0.08416611363735893,0.08590211176110785,0.8214285714285714,0.03631172845019811,0.09559196593638045,-0.1301260803297365,-0.0457728314627606,0.07816611363735892,0.06684936787042321,0.0826070234639491,0.03997194703813865
2021_2025,exit,S3,atr_2r,2022,12,7,11.0,0,,-0.07984879300522844,-0.08182542061383385,0.16666666666666666,-0.044604428767351746,-0.07257514564241105,-0.17001561008428656,-0.12367323717145877,-0.08584879300522845,-0.08757746855628896,-0.0878303657862245,-0.03781762494175626
2021_2025,exit,S3,atr_2r,2023,18,7,15.0,0,,0.11517742295501598,0.1277125531905665,0.8888888888888888,0.05307504201562486,0.1211988769298659,-0.1701264315547797,-0.06110450461113887,0.10917742295501598,0.09410414586095392,0.09363878674974586,0.05562413336869435
2021_2025,exit,S3,atr_2r,2024,29,10,15.0,0,,0.1556195311936347,0.15818547180732367,0.8620689655172413,0.08155832447280581,0.11113191317666368,-0.10138719290158238,-0.03261604995571572,0.1496195311936347,0.14146131524524835,0.09529397868482535,0.04698299425689923
2021_2025,exit,S3,atr_2r,2025,21,10,12.0,0,,-0.11108729209463372,-0.1471236127262564,0.14285714285714285,-0.06724748701909627,-0.11456752857302022,-0.2803772201310941,-0.1617908208028976,-0.11708729209463373,-0.12952582979469007,-0.15679970434783647,-0.06862542672158906
2021_2025,proxy,S3,common,all,104,39,27.0,0,,0.06020591113599579,0.11241658109303354,0.7403846153846154,0.026958913312634756,0.06686582950457845,-0.3150207169960668,-0.08782005105813676,0.054205911135995793,0.05562297515179208,0.06163803413890088,0.03252188358523504
2021_2025,proxy,S3,common,2021,28,8,15.0,0,,0.0784988903008481,0.09486254567168151,0.8214285714285714,0.03166635142742457,0.10023713419449584,-0.11219735023515853,-0.04539053727730315,0.07249889030084809,0.06914224795416703,0.08791578718750956,0.04440724792316084
2021_2025,proxy,S3,common,2022,11,6,11.0,0,,-0.07896444350681568,-0.04288004746794838,0.18181818181818182,-0.04050069485878938,-0.0561594199457191,-0.31411386602824354,-0.1766968300504759,-0.08496444350681569,-0.08984608838082629,-0.07336170498152102,-0.02183829912197545
2021_2025,proxy,S3,common,2023,18,7,15.0,0,,0.10371722391194386,0.12799569844039616,0.9444444444444444,0.036730601099768355,0.10700269087850597,-0.1335546379460969,-0.06578666246575536,0.09771722391194386,0.0985821053803522,0.10015348712370582,0.033951030032314186
2021_2025,proxy,S3,common,2024,30,11,15.0,0,,0.11978937648075096,0.1236620316327055,0.9333333333333333,0.060175045931103614,0.09011235255710134,-0.27240857581993905,-0.034423558057157244,0.11378937648075095,0.10994353051733606,0.08087821677159764,0.03497614094596975
2021_2025,proxy,S3,common,2025,17,7,12.0,0,,-0.031090389208395894,-0.06874657314505961,0.4117647058823529,-0.00610737704330173,0.057510297502750066,-0.3150207169960668,-0.21775402762518742,-0.03709038920839589,-0.04530015494641499,0.02284167151982075,0.060247215791266566
2021_2025,proxy,S3,ma20_failure,all,106,40,27.0,0,,0.05282350441677585,0.08887580602144207,0.7358490566037735,0.023991410823283245,0.05540485971092592,-0.3150207169960668,-0.0871946680001161,0.04682350441677585,0.04799386636008464,0.050017239359915665,0.02600408760592664
2021_2025,proxy,S3,ma20_failure,2021,28,8,15.0,0,,0.07778570282777163,0.08887580602144207,0.8571428571428571,0.03160224192860301,0.08898294414531704,-0.11100636196280045,-0.04058898541577411,0.07178570282777162,0.07244389282986764,0.07518733025817184,0.03669179234236918
2021_2025,proxy,S3,ma20_failure,2022,13,6,13.0,0,,-0.0762924782331453,-0.07241887966165061,0.23076923076923078,-0.031247955574796878,-0.05824639824054098,-0.31411386602824354,-0.1775561039629191,-0.08229247823314531,-0.08623781944991804,-0.07586607893530727,-0.01423120668601824
2021_2025,proxy,S3,ma20_failure,2023,18,7,15.0,0,,0.09344429786177894,0.12310547955229989,0.8888888888888888,0.031591178221978974,0.08572765529594516,-0.12512008986417933,-0.06561175869314513,0.08744429786177893,0.08702506357391666,0.07533261227738487,0.023410500596085838
2021_2025,proxy,S3,ma20_failure,2024,30,12,15.0,0,,0.11804552522937811,0.12120719893327692,0.9666666666666667,0.06140563648685307,0.09316275095736722,-0.27240857581993905,-0.032522664970684664,0.1120455252293781,0.10807511846229371,0.08499277519038365,0.04000485937468016
2021_2025,proxy,S3,ma20_failure,2025,17,7,12.0,0,,-0.0476628889624612,-0.08318020074334187,0.35294117647058826,-0.020374123933042016,0.019394660879674848,-0.3150207169960668,-0.2141895446620901,-0.0536628889624612,-0.06290843593510938,-0.021626571207100338,0.026869226992208405
2021_2025,proxy,S3,signal_low_failure,all,118,46,27.0,0,,0.026229608671705092,0.008705779543031648,0.5169491525423728,0.0098834593756689,0.010585466783504022,-0.27845060296661983,-0.060348290500737596,0.02022960867170509,0.022239925718311043,0.0049202093031302015,-0.003503842732308489
2021_2025,proxy,S3,signal_low_failure,2021,30,9,15.0,0,,0.061316848706679306,0.08014767163765546,0.7,0.02480284440555778,0.06455068400433633,-0.1331290805376547,-0.034375679471717685,0.05531684870667931,0.0507441752455855,0.056300276584669365,0.017175405860573742
2021_2025,proxy,S3,signal_low_failure,2022,15,8,13.0,0,,-0.06355809789594222,-0.06161720368900603,0.06666666666666667,-0.022938985280882073,-0.052360356433587496,-0.1339397518019526,-0.0844059475983415,-0.06955809789594222,-0.07255403900520115,-0.06571722978657624,-0.01329871419985549
2021_2025,proxy,S3,signal_low_failure,2023,20,8,15.0,0,,0.02898056865594122,-0.0059654296784378245,0.45,0.006823053709598265,0.03686350748330249,-0.1701264315547797,-0.0418552172415075,0.022980568655941218,0.016111946043859446,0.020972878065587588,0.01310892875624544
2021_2025,proxy,S3,signal_low_failure,2024,30,12,15.0,0,,0.0998437455930439,0.11779926377763161,0.8,0.05086960794582058,0.04649807215879611,-0.27240857581993905,-0.03329420986686484,0.0938437455930439,0.08857321170907848,0.034490865730489255,0.008837024864522236
2021_2025,proxy,S3,signal_low_failure,2025,23,9,12.0,0,,-0.059389735235225505,-0.09596885759140528,0.2608695652173913,-0.038969637356137156,-0.05866963981123501,-0.27845060296661983,-0.1299046973967081,-0.06538973523522551,-0.07220689409438086,-0.09919360146268014,-0.04669793702852673
2021_2025,proxy,S3,half_at6,all,104,39,27.0,0,,0.04874372560696989,0.09290668355650744,0.7596153846153846,0.02158089437449898,0.0514300825448146,-0.3150207169960668,-0.08782005105813676,0.042743725606969894,0.04382157059991976,0.04723979716630602,0.023574043673153133
2021_2025,proxy,S3,half_at6,2021,28,8,15.0,0,,0.06748688722983967,0.08683198827401939,0.8214285714285714,0.027526789659954757,0.08125078337396856,-0.11100636196280045,-0.04539053727730315,0.06148688722983967,0.061381416759520545,0.07429300480059295,0.03412174669773876
2021_2025,proxy,S3,half_at6,2022,11,6,11.0,0,,-0.07597201940888755,-0.04288004746794838,0.18181818181818182,-0.03822242891200135,-0.05433071633031858,-0.31411386602824354,-0.1766968300504759,-0.08197201940888756,-0.08737755166314097,-0.07116726064304038,-0.020446025487827212
2021_2025,proxy,S3,half_at6,2023,18,7,15.0,0,,0.08262206830134183,0.10067801211679478,0.9444444444444444,0.026389822125741494,0.08161993922960017,-0.1335546379460969,-0.06578666246575536,0.07662206830134183,0.07925650496482055,0.07730018820472724,0.022157442632928136
2021_2025,proxy,S3,half_at6,2024,30,11,15.0,0,,0.10567285043611592,0.09858381330933241,0.9666666666666667,0.05465765584691324,0.07701704359300561,-0.27240857581993905,-0.034423558057157244,0.09967285043611591,0.09628778043620868,0.06760949706939812,0.029796776046372823
2021_2025,proxy,S3,half_at6,2025,17,7,12.0,0,,-0.03776328872473586,-0.06874657314505961,0.47058823529411764,-0.012978638304092257,0.03760345658680985,-0.3150207169960668,-0.21775402762518742,-0.04376328872473586,-0.050567755037913095,0.00876054486325468,0.04088903537963247
2021_2025,proxy,S3,atr_2r,all,108,42,27.0,0,,0.05233141249631198,0.0631524863887617,0.6388888888888888,0.02212796472211964,0.025493945060468155,-0.2803772201310941,-0.07600992495918432,0.04633141249631198,0.045478549564054255,0.01912649450070918,0.0054284954915899426
2021_2025,proxy,S3,atr_2r,2021,28,8,15.0,0,,0.08416611363735893,0.08590211176110785,0.8214285714285714,0.03631172845019811,0.09559196593638045,-0.1301260803297365,-0.0457728314627606,0.07816611363735892,0.06684936787042321,0.0826070234639491,0.03997194703813865
2021_2025,proxy,S3,atr_2r,2022,12,7,11.0,0,,-0.07984879300522844,-0.08182542061383385,0.16666666666666666,-0.044604428767351746,-0.07257514564241105,-0.17001561008428656,-0.12367323717145877,-0.08584879300522845,-0.08757746855628896,-0.0878303657862245,-0.03781762494175626
2021_2025,proxy,S3,atr_2r,2023,18,7,15.0,0,,0.11517742295501598,0.1277125531905665,0.8888888888888888,0.05307504201562486,0.1211988769298659,-0.1701264315547797,-0.06110450461113887,0.10917742295501598,0.09410414586095392,0.09363878674974586,0.05562413336869435
2021_2025,proxy,S3,atr_2r,2024,29,10,15.0,0,,0.1556195311936347,0.15818547180732367,0.8620689655172413,0.08155832447280581,0.11113191317666368,-0.10138719290158238,-0.03261604995571572,0.1496195311936347,0.14146131524524835,0.09529397868482535,0.04698299425689923
2021_2025,proxy,S3,atr_2r,2025,21,10,12.0,0,,-0.11108729209463372,-0.1471236127262564,0.14285714285714285,-0.06724748701909627,-0.11456752857302022,-0.2803772201310941,-0.1617908208028976,-0.11708729209463373,-0.12952582979469007,-0.15679970434783647,-0.06862542672158906
2021_2025,existing,S4,common,all,148,107,25.0,0,,0.016377379618965057,0.006558293882713898,0.5135135135135135,0.006040732861620323,0.022631333964368602,-0.22659970035990296,-0.0700123480756567,0.010377379618965057,0.011816491569062133,0.019873903786189615,0.009789539205146492
2021_2025,existing,S4,common,2021,15,13,11.0,0,,0.08205465245255116,0.12944686115813986,0.8,0.029254250804024388,0.09409965159805596,-0.09052591091182882,-0.03682107742967911,0.07605465245255115,0.0737967101360579,0.08546913549093922,0.04307323074845989
2021_2025,existing,S4,common,2022,79,55,22.0,0,,-0.020326930521426576,-0.04954325847286278,0.3670886075949367,-0.010165466434394825,-0.016317071132641584,-0.17559130183842875,-0.08404516419052284,-0.026326930521426574,-0.02630177188575945,-0.019739610193375178,-0.008499602785411538
2021_2025,existing,S4,common,2023,14,11,13.0,0,,0.08882822623995361,0.1099137892787102,0.7857142857142857,0.024371181348075106,0.08153008840044026,-0.056167527998330025,-0.031072175871906835,0.0828282262399536,0.07958547071125933,0.06878469242918635,0.021715622557482193
2021_2025,existing,S4,common,2024,13,10,11.0,0,,0.07917111755787844,0.06923814922337268,0.7692307692307693,0.05432179973520333,0.07573978209055153,-0.12914853640862856,-0.05297218114372389,0.07317111755787843,0.05952546628342322,0.04916432089490825,0.05100652488094676
2021_2025,existing,S4,common,2025,27,18,17.0,0,,0.01948297082961074,0.02601979022191148,0.5185185185185185,0.007811356086886615,0.024525965688757867,-0.22659970035990296,-0.07578868761576275,0.01348297082961074,0.008750279442566202,0.012337563056053576,0.011448319526475492
2021_2025,filter,S4,efficient_trend,all,1,1,1.0,0,,-0.11006494122730448,-0.11006494122730448,0.0,-0.016141180148443235,-0.11006494122730448,-0.11006494122730448,-0.12453678937282786,-0.11606494122730449,,,-0.016141180148443235
2021_2025,filter,S4,efficient_trend,2022,1,1,1.0,0,,-0.11006494122730448,-0.11006494122730448,0.0,-0.016141180148443235,-0.11006494122730448,-0.11006494122730448,-0.12453678937282786,-0.11606494122730449,,,-0.016141180148443235
2021_2025,filter,S4,up_volume_dominates,all,83,70,21.0,0,,0.020000878988507373,0.013777342581939637,0.5180722891566265,0.004345794373816443,0.025107222734926177,-0.17559130183842875,-0.06737649106326563,0.014000878988507373,0.01447098631105216,0.020907053023094077,0.006696066504629653
2021_2025,filter,S4,up_volume_dominates,2021,10,10,9.0,0,,0.09002484695793594,0.13165450365033748,0.8,0.04314300807469128,0.09002484695793594,-0.09052591091182882,-0.04420339842531875,0.08402484695793594,0.07806473607732252,0.07806473607732252,0.04314300807469128
2021_2025,filter,S4,up_volume_dominates,2022,45,37,19.0,0,,-0.018973650284849382,-0.03526015937700566,0.35555555555555557,-0.014677409921610497,-0.011136072488564285,-0.17559130183842875,-0.08194905840033695,-0.02497365028484938,-0.02707741682668352,-0.016923052487136683,-0.012049089480694634
2021_2025,filter,S4,up_volume_dominates,2023,9,6,9.0,0,,0.09751138037809895,0.12741378537800774,0.8888888888888888,0.023160738597643584,0.08847303807473043,-0.028489772086439876,-0.02915546423791092,0.09151138037809894,0.09264980477118948,0.07888684864300158,0.01768699277300749
2021_2025,filter,S4,up_volume_dominates,2024,9,8,8.0,0,,0.06982810983767042,0.10337334301846934,0.7777777777777778,0.039563639609436776,0.06985095260246059,-0.12914853640862856,-0.04245256786177191,0.06382810983767041,0.03919175696096158,0.034841241138334804,0.04186192569494018
2021_2025,filter,S4,up_volume_dominates,2025,10,9,8.0,0,,0.010758333734305047,-0.0720626173312337,0.4,0.002523489488860109,0.01996066163047602,-0.13197999443019814,-0.08180348570855504,0.004758333734305047,-0.02496248612403555,-0.006510356971305829,0.004677058129477539
2021_2025,filter,S4,resistance_room,all,142,101,25.0,0,,0.01787439733601203,0.011529475829336503,0.5211267605633803,0.0061999934562121765,0.02510757398311208,-0.22659970035990296,-0.06959186079655741,0.01187439733601203,0.013612633279405262,0.022209460394429788,0.010236151507059362
2021_2025,filter,S4,resistance_room,2021,15,13,11.0,0,,0.08205465245255116,0.12944686115813986,0.8,0.029254250804024388,0.09409965159805596,-0.09052591091182882,-0.03682107742967911,0.07605465245255115,0.0737967101360579,0.08546913549093922,0.04307323074845989
2021_2025,filter,S4,resistance_room,2022,73,49,22.0,0,,-0.02043171606966876,-0.04317677509695683,0.3698630136986301,-0.011187688233628357,-0.015982177024253207,-0.17559130183842875,-0.08438061217760637,-0.026431716069668758,-0.02500878288875411,-0.019770961874432596,-0.009818521345618645
2021_2025,filter,S4,resistance_room,2023,14,11,13.0,0,,0.08882822623995361,0.1099137892787102,0.7857142857142857,0.024371181348075106,0.08153008840044026,-0.056167527998330025,-0.031072175871906835,0.0828282262399536,0.07958547071125933,0.06878469242918635,0.021715622557482193
2021_2025,filter,S4,resistance_room,2024,13,10,11.0,0,,0.07917111755787844,0.06923814922337268,0.7692307692307693,0.05432179973520333,0.07573978209055153,-0.12914853640862856,-0.05297218114372389,0.07317111755787843,0.05952546628342322,0.04916432089490825,0.05100652488094676
2021_2025,filter,S4,resistance_room,2025,27,18,17.0,0,,0.01948297082961074,0.02601979022191148,0.5185185185185185,0.007811356086886615,0.024525965688757867,-0.22659970035990296,-0.07578868761576275,0.01348297082961074,0.008750279442566202,0.012337563056053576,0.011448319526475492
2021_2025,filter,S4,no_range_shock,all,141,102,25.0,0,,0.01470278910575682,0.003834978688694427,0.5106382978723404,0.004503114118020006,0.020506907041995114,-0.22659970035990296,-0.06977642132854162,0.00870278910575682,0.010985447299407121,0.01759193648942733,0.0070477718609149404
2021_2025,filter,S4,no_range_shock,2021,14,12,10.0,0,,0.07629665616778436,0.09922355505294433,0.7857142857142857,0.02213350638231539,0.08838573919462007,-0.09052591091182882,-0.034391628509812464,0.07029665616778435,0.06696056472811726,0.07845118413199857,0.03591727725183568
2021_2025,filter,S4,no_range_shock,2022,76,52,22.0,0,,-0.02105239163733183,-0.04979853416762997,0.3684210526315789,-0.010869229209607026,-0.016681829867173894,-0.17559130183842875,-0.08392020135322964,-0.027052391637331828,-0.024660159705484092,-0.020261463703478432,-0.008871440249732502
2021_2025,filter,S4,no_range_shock,2023,13,11,12.0,0,,0.08553449574941728,0.10652627451201835,0.7692307692307693,0.02289849087003343,0.07897550807355266,-0.056167527998330025,-0.0334623432466689,0.07953449574941727,0.07524703305245375,0.06597465406960998,0.016126039685840397
2021_2025,filter,S4,no_range_shock,2024,13,10,11.0,0,,0.07917111755787844,0.06923814922337268,0.7692307692307693,0.05432179973520333,0.07573978209055153,-0.12914853640862856,-0.05297218114372389,0.07317111755787843,0.05952546628342322,0.04916432089490825,0.05100652488094676
2021_2025,filter,S4,no_range_shock,2025,25,17,17.0,0,,0.01854995476020422,0.02601979022191148,0.52,0.00589070573401846,0.01602367007802992,-0.22659970035990296,-0.07421633953065732,0.01254995476020422,0.004838095067711128,0.0025420988051111128,0.0036310947308043433
2021_2025,filter,S4,above_vwap20,all,72,58,22.0,0,,0.01234649366554457,0.0013151271805618737,0.5,0.0007319440730106729,0.01932083111385083,-0.16760118894673148,-0.07032315418182532,0.006346493665544569,0.008817981078366737,0.01413489950442118,0.006687495220105694
2021_2025,filter,S4,above_vwap20,2021,7,7,6.0,0,,0.04382021711092025,0.027168942660978693,0.7142857142857143,-0.003475379160771103,0.04382021711092025,-0.09052591091182882,-0.04448429524533474,0.03782021711092025,0.02616094344225604,0.02616094344225604,-0.003475379160771103
2021_2025,filter,S4,above_vwap20,2022,47,37,19.0,0,,-0.021609086260481702,-0.05005380986239716,0.3829787234042553,-0.01459051428763821,-0.014186516147393195,-0.16760118894673148,-0.08702001261295621,-0.027609086260481704,-0.027648930424944138,-0.020058230692044172,-0.009281938138473283
2021_2025,filter,S4,above_vwap20,2023,6,4,6.0,0,,0.09440896909743518,0.11480425301226038,0.8333333333333334,0.017668709689343365,0.08702580563779702,-0.006651354715609622,-0.010891294397738227,0.08840896909743517,0.08600996587024727,0.07056641243927113,0.018825589278662125
2021_2025,filter,S4,above_vwap20,2024,5,5,4.0,0,,0.12275738687607626,0.12434335371402416,0.8,0.08935487005801879,0.12275738687607626,-0.0793860042190343,-0.027224446266630807,0.11675738687607626,0.07471700038226006,0.07471700038226006,0.08935487005801879
2021_2025,filter,S4,above_vwap20,2025,7,5,6.0,0,,0.05965604706005926,0.12929960107120886,0.5714285714285714,0.02999931292500113,0.07537552506977704,-0.11569228186974156,-0.0657809205493649,0.05365604706005926,0.022061820617015983,0.03628720372603861,0.04671147612205941
2021_2025,filter,S4,broad_participation,all,67,44,22.0,0,,-0.00484824779847315,-0.026514050145735043,0.3880597014925373,-0.006488266825678503,-0.0006936027902634212,-0.22659970035990296,-0.07518309482869422,-0.01084824779847315,-0.009712708430631921,-0.005306613201280169,-0.0033365568113945905
2021_2025,filter,S4,broad_participation,2021,4,3,4.0,0,,0.09424448590630749,0.13188481855119394,0.75,0.04185845637281119,0.11742521324475658,-0.08445753836061465,-0.049414585020666424,0.08824448590630748,0.05977069958059108,0.0773048974254065,0.06336388009806525
2021_2025,filter,S4,broad_participation,2022,45,29,20.0,0,,-0.03418628360461684,-0.056698193506314665,0.26666666666666666,-0.01604788166372341,-0.025308536246787697,-0.16760118894673148,-0.08405026979081652,-0.04018628360461684,-0.03909647279694334,-0.03223027104656485,-0.008741895795228726
2021_2025,filter,S4,broad_participation,2023,7,5,7.0,0,,0.08499505868980525,0.12741378537800774,0.7142857142857143,0.020626732295121956,0.0703495109790583,-0.028489772086439876,-0.02388342958139538,0.07899505868980525,0.076426904265877,0.05383589241547919,0.00481863625993269
2021_2025,filter,S4,broad_participation,2024,3,3,3.0,0,,-0.0025788362292155087,-0.05338273462252485,0.3333333333333333,-0.0034920252642262803,-0.0025788362292155087,-0.0793860042190343,-0.09733256487666857,-0.008578836229215509,-0.06638436942077958,-0.06638436942077958,-0.0034920252642262803
2021_2025,filter,S4,broad_participation,2025,8,4,8.0,0,,0.031167914242979544,0.11876811335264914,0.625,-0.0017380097771657471,0.0017855856108344934,-0.22659970035990296,-0.0747706463941662,0.025167914242979546,0.01195231593121274,-0.04678200310164668,-0.024250566860227328
2021_2025,filter,S4,rs_vs_watchlist,all,62,54,20.0,0,,0.001660087884613225,0.018580306937642236,0.532258064516129,-0.00862057872073811,0.006538808532412682,-0.17559130183842875,-0.07842689821245502,-0.004339912115386775,-0.005291730107016752,0.0022899405718029057,-0.003338144330162276
2021_2025,filter,S4,rs_vs_watchlist,2021,5,5,5.0,0,,0.016488623045817507,0.027168942660978693,0.6,-0.04925785746954274,0.016488623045817507,-0.09052591091182882,-0.06732595969060973,0.010488623045817507,-0.012854757728361893,-0.012854757728361893,-0.04925785746954274
2021_2025,filter,S4,rs_vs_watchlist,2022,38,33,17.0,0,,-0.012359411053130183,-0.00728271929408025,0.5,-0.013797945716907636,-0.006720799490381271,-0.17559130183842875,-0.08634620863879894,-0.018359411053130183,-0.02101073539992457,-0.012196450666548578,-0.009159416198784765
2021_2025,filter,S4,rs_vs_watchlist,2023,3,2,3.0,0,,0.10453965085144785,0.10652627451201835,1.0,0.015584972513108752,0.10503630676659048,0.075445955425399,-0.011526253622558583,0.09853965085144785,0.09098611496870868,0.10354633902116261,0.032362085782384586
2021_2025,filter,S4,rs_vs_watchlist,2024,2,2,2.0,0,,0.11385834836624675,0.11385834836624675,1.0,0.08568381594492458,0.11385834836624675,0.10337334301846934,-0.009971325732830716,0.10785834836624675,0.10337334301846934,0.10337334301846934,0.08568381594492458
2021_2025,filter,S4,rs_vs_watchlist,2025,14,12,11.0,0,,-0.003656835403639837,-0.0720626173312337,0.42857142857142855,0.0012866281768046939,0.004554134869842061,-0.13861540445025478,-0.08501146786510473,-0.009656835403639838,-0.021763423545822193,-0.016098108364238736,0.011016535385352475
2021_2025,filter,S4,down_day_resilience,all,47,40,18.0,0,,0.017155136882004738,0.013777342581939637,0.5319148936170213,0.0013160259860142203,0.02352767845462756,-0.15996333787417416,-0.06604174957300304,0.011155136882004738,0.012666154265829965,0.019567269562076318,0.008296688118846544
2021_2025,filter,S4,down_day_resilience,2021,9,8,7.0,0,,0.05436697307486033,0.06420592481042453,0.6666666666666666,-0.00781441484848481,0.06511492133405551,-0.09052591091182882,-0.04420755489771311,0.048366973074860334,0.04244086231885469,0.05302050164993409,0.005482973251423842
2021_2025,filter,S4,down_day_resilience,2022,30,25,12.0,0,,-0.010173215851847824,-0.016267777875152763,0.43333333333333335,-0.005616152695300791,-0.003938041792083738,-0.15996333787417416,-0.07900092359623864,-0.016173215851847826,-0.01618280683774504,-0.011122961789544417,-0.001225322044841093
2021_2025,filter,S4,down_day_resilience,2023,4,3,4.0,0,,0.07128229511697592,0.09098611496870868,0.75,-0.02555413068166912,0.06052761381558036,-0.028489772086439876,-0.02344060635002268,0.06528229511697592,0.051160819283659155,0.03752828346736137,-0.028082422900411186
2021_2025,filter,S4,down_day_resilience,2024,1,1,1.0,0,,0.12503223015391263,0.12503223015391263,1.0,0.10725544679335974,0.12503223015391263,0.12503223015391263,-0.07258067152130476,0.11903223015391262,,,0.10725544679335974
2021_2025,filter,S4,down_day_resilience,2025,3,3,3.0,0,,0.07067458023803268,0.1599928795719312,0.6666666666666666,0.09854287059045737,0.07067458023803268,-0.12595276412195922,-0.05657447701439015,0.06467458023803267,0.017020057724985993,0.017020057724985993,0.09854287059045737
2021_2025,exit,S4,ma20_failure,all,161,112,25.0,0,,0.006496950827016407,-0.025857947158554825,0.38509316770186336,0.0014688051931172732,0.011870422845781797,-0.22659970035990296,-0.054969398954959676,0.0004969508270164071,0.0022383263734032954,0.009140256088974957,0.003280288937492471
2021_2025,exit,S4,ma20_failure,2021,16,13,11.0,0,,0.03636750001682726,-0.0008418147238234384,0.5,-0.004211967873017482,0.04793003449634914,-0.08445753836061465,-0.030732132443157256,0.03036750001682726,0.025614277025718626,0.03545205029742351,0.009573524155881653
2021_2025,exit,S4,ma20_failure,2022,89,59,22.0,0,,-0.024542182918957132,-0.046349738111282734,0.24719101123595505,-0.010034230349111767,-0.021492407181657493,-0.17559130183842875,-0.06453697821678367,-0.030542182918957134,-0.028535262491952956,-0.024768138997668356,-0.01102202356040236
2021_2025,exit,S4,ma20_failure,2023,14,11,13.0,0,,0.07704214622033707,0.1099137892787102,0.7142857142857143,0.016167260568230844,0.06957758975245959,-0.056167527998330025,-0.027329904051722215,0.07104214622033707,0.06689276915167228,0.05563694391640761,0.011803675631867726
2021_2025,exit,S4,ma20_failure,2024,14,10,11.0,0,,0.07788785675155233,0.05633150099230788,0.6428571428571429,0.05619882769326166,0.07402204384296088,-0.06122071765160175,-0.03951759025559648,0.07188785675155232,0.05965469705156857,0.04725572284202974,0.05457075885325412
2021_2025,exit,S4,ma20_failure,2025,28,19,17.0,0,,0.017120118609326405,-0.00938697005749128,0.4642857142857143,0.006563942409650462,0.02467763201506053,-0.22659970035990296,-0.05995368325220661,0.011120118609326405,0.005487935490449054,0.013174788768967736,0.011457258765965697
2021_2025,exit,S4,signal_low_failure,all,160,113,25.0,0,,0.008187813043411221,-0.025371276954681218,0.39375,0.0032261893939300296,0.014774739846002763,-0.1443508796390538,-0.05726117617567489,0.002187813043411221,0.006283392958466348,0.012094880979883671,0.005849575978719521
2021_2025,exit,S4,signal_low_failure,2021,16,13,11.0,0,,0.04204985103050018,0.003635804722933459,0.5,0.0036514686541876534,0.054732150943797936,-0.08445753836061465,-0.030511482231368063,0.03604985103050018,0.03167545144030307,0.0428210097821597,0.017026026151516757
2021_2025,exit,S4,signal_low_failure,2022,89,60,22.0,0,,-0.01967837121003056,-0.041264951248157544,0.2696629213483146,-0.00537160091770415,-0.014578806418245068,-0.1443508796390538,-0.06793892670763499,-0.02567837121003056,-0.023627751180891207,-0.017681837682062315,-0.0055206465346838
2021_2025,exit,S4,signal_low_failure,2023,14,11,13.0,0,,0.06961681201806673,0.10436049757926569,0.6428571428571429,0.009289473615166863,0.0570791975725842,-0.056167527998330025,-0.02798073325884162,0.06361681201806672,0.05889625539538113,0.04188871251854468,0.0025207218065080683
2021_2025,exit,S4,signal_low_failure,2024,13,10,11.0,0,,0.0628083098112804,0.033971976753714994,0.6923076923076923,0.0432403080629641,0.06864923206702572,-0.12914853640862856,-0.05271577113184551,0.0568083098112804,0.041799091224608675,0.04128593197987957,0.04620454515630975
2021_2025,exit,S4,signal_low_failure,2025,28,19,17.0,0,,0.021338718298247617,-0.01642804282471155,0.4642857142857143,0.008702237528807225,0.027283817444997884,-0.11569228186974156,-0.05535731089602875,0.015338718298247617,0.01442814847091701,0.015925762278346054,0.014796270856417361
2021_2025,exit,S4,half_at6,all,148,107,25.0,0,,0.01132752858663329,0.02168631411029912,0.5337837837837838,0.005126502486635557,0.017093102629586708,-0.22659970035990296,-0.0700123480756567,0.00532752858663329,0.007911383005004555,0.0153543073696701,0.00787093751655996
2021_2025,exit,S4,half_at6,2021,15,13,11.0,0,,0.06740901045449886,0.10039560963033833,0.8,0.019657610303862823,0.07764140526134805,-0.09052591091182882,-0.03682107742967911,0.06140901045449886,0.0606048968841569,0.07055597232985321,0.03162338480644182
2021_2025,exit,S4,half_at6,2022,79,55,22.0,0,,-0.01840711181406248,-0.026514050145735043,0.4050632911392405,-0.006713040574214389,-0.013537049082708572,-0.17559130183842875,-0.08404516419052284,-0.02440711181406248,-0.023097061709232092,-0.016168767760007356,-0.004489061862343424
2021_2025,exit,S4,half_at6,2023,14,11,13.0,0,,0.06973688300566729,0.0960768314100347,0.7857142857142857,0.018270734605456435,0.06481633084322691,-0.056167527998330025,-0.031072175871906835,0.06373688300566728,0.06445748748063773,0.05746106144444446,0.014473450492081602
2021_2025,exit,S4,half_at6,2024,13,10,11.0,0,,0.07227170937786859,0.0731533975758134,0.7692307692307693,0.04887304265192298,0.06426818502376416,-0.0793860042190343,-0.05297218114372389,0.06627170937786858,0.06057212695470674,0.04903071667298829,0.04214393720696229
2021_2025,exit,S4,half_at6,2025,27,18,17.0,0,,0.007542678641612831,0.044038092887030866,0.5185185185185185,0.003816614069469196,0.011583329055782592,-0.22659970035990296,-0.07578868761576275,0.001542678641612831,-0.0014952955520318766,0.002058714538441312,0.005407632596363319
2021_2025,exit,S4,atr_2r,all,148,107,25.0,0,,0.026925792647952272,-0.0003397046129339741,0.5,0.010277318541446196,0.0281586150321809,-0.24217529375990443,-0.0754425468614792,0.020925792647952274,0.02103158106632961,0.02331620065619638,0.010262915414017195
2021_2025,exit,S4,atr_2r,2021,16,13,11.0,0,,0.07357328143688019,0.07795466126731465,0.6875,0.024666491275913312,0.08987864764333925,-0.08445753836061465,-0.04012667384156225,0.06757328143688018,0.05680039101985968,0.07027131513926854,0.04337548748305765
2021_2025,exit,S4,atr_2r,2022,80,55,22.0,0,,-0.007022685806088042,-0.0523754827176206,0.3625,0.0035179108433862015,0.00034492116841199956,-0.18366902766816595,-0.08577276817202997,-0.013022685806088043,-0.015068159982135346,-0.009675627307849639,0.007280886509224367
2021_2025,exit,S4,atr_2r,2023,14,11,13.0,0,,0.09619372898798097,0.09886941719400277,0.7857142857142857,0.005077550256691979,0.07200639002092381,-0.15793088656888088,-0.03794815730957641,0.09019372898798096,0.08297354904054677,0.057088323013149464,-0.011817912837743583
2021_2025,exit,S4,atr_2r,2024,13,10,11.0,0,,0.1040680823489715,0.033971976753714994,0.7692307692307693,0.06986412438211267,0.10010583335198571,-0.12914853640862856,-0.05582118380637413,0.09806808234897149,0.0850181939646681,0.07054307086831987,0.06442911750156699
2021_2025,exit,S4,atr_2r,2025,25,18,17.0,0,,0.026802495881021345,0.017794237970217622,0.52,-0.005374916172505002,0.0018027833926259678,-0.24217529375990443,-0.09618796433818388,0.020802495881021343,0.015639064521441263,-0.011983008891323043,-0.021138459988207802
2021_2025,proxy,S4,common,all,96,78,25.0,0,,0.0487064226852563,0.14976746246565353,0.7083333333333334,0.011527851772530273,0.06352681950646029,-0.3685683232855729,-0.14719304009954828,0.042706422685256304,0.040041335316006114,0.05926939090213707,0.020590056810887238
2021_2025,proxy,S4,common,2021,14,12,11.0,0,,0.12221606903788437,0.16309247202229138,0.8571428571428571,0.04491961183487263,0.11948256913846174,-0.10878650299978965,-0.06875816018406443,0.11621606903788437,0.11201466792606955,0.11237499861618948,0.055441685936820924
2021_2025,proxy,S4,common,2022,43,34,22.0,0,,-0.04466222758476028,-0.004,0.4883720930232558,-0.034315430199740884,-0.017389217807579595,-0.3618947137267303,-0.19763152061768385,-0.05066222758476028,-0.058264806727611626,-0.02977521901506226,-0.021349304188894542
2021_2025,proxy,S4,common,2023,9,8,8.0,0,,0.1698643164847834,0.1569450197782687,1.0,0.05667264273587655,0.16502036517699706,0.11330130404540206,-0.05648631375469801,0.1638643164847834,0.1585615017808964,0.15873983904328529,0.05194742126443101
2021_2025,proxy,S4,common,2024,12,10,11.0,0,,0.10432634571238557,0.15748108377518355,0.8333333333333334,0.05065170365676303,0.13420462343248118,-0.3685683232855729,-0.11197302319023461,0.09832634571238556,0.08356812778072861,0.11412525571927452,0.0725102646306349
2021_2025,proxy,S4,common,2025,18,14,16.0,0,,0.1169206889159577,0.16527687481372366,0.8888888888888888,0.04641602636441679,0.10359466725423426,-0.3237279043964223,-0.1565393954635683,0.11092068891595769,0.10468395659868458,0.09411970083000375,0.03756560900056933
2021_2025,proxy,S4,ma20_failure,all,157,109,25.0,0,,0.013196985837181525,-0.02483341197834765,0.3885350318471338,0.004440239529890593,0.012085276546257242,-0.3080482202719952,-0.06431605885396688,0.007196985837181525,0.00989087500351652,0.009281261210099057,0.002531347861818756
2021_2025,proxy,S4,ma20_failure,2021,16,13,11.0,0,,0.042768764969317016,-0.011558530067534486,0.4375,-0.012621004939731291,0.05406491913195051,-0.09239262517624403,-0.03278437666652429,0.03676876496931702,0.03244229297504104,0.04209817531932499,0.002106306310963206
2021_2025,proxy,S4,ma20_failure,2022,87,58,22.0,0,,-0.028466002054765373,-0.04460143352656598,0.25287356321839083,-0.009628319149578216,-0.02865338564005133,-0.3080482202719952,-0.07711191667436226,-0.034466002054765375,-0.03393443192990999,-0.03349818248167109,-0.011887420301408878
2021_2025,proxy,S4,ma20_failure,2023,14,11,13.0,0,,0.10102387390671211,0.14302632525717762,0.7142857142857143,0.02495676339803455,0.08783007531087496,-0.056167527998330025,-0.027329904051722215,0.0950238739067121,0.08877287696754538,0.0757146780306645,0.018196006428592804
2021_2025,proxy,S4,ma20_failure,2024,14,10,11.0,0,,0.09052542863697054,0.03145737131257709,0.6428571428571429,0.06502482777313127,0.08250194654784533,-0.06122071765160175,-0.03951759025559648,0.08452542863697053,0.0718991736889981,0.05667783695856802,0.05838608855761007
2021_2025,proxy,S4,ma20_failure,2025,26,17,17.0,0,,0.04547994154159455,-0.0016876037883615212,0.5,0.018345199032519507,0.028541015767740124,-0.09367737849346203,-0.07417190547832428,0.03947994154159455,0.03811135302149975,0.019200852674216007,0.009058138593342124
2021_2025,proxy,S4,signal_low_failure,all,158,113,25.0,0,,0.01649489115071608,-0.02817255299103016,0.3670886075949367,0.005403348551320873,0.022002736373298946,-0.21763173152913284,-0.06499171122407259,0.01049489115071608,0.014128772216086471,0.01736477385085929,0.006906938587470271
2021_2025,proxy,S4,signal_low_failure,2021,16,13,11.0,0,,0.056894893510560714,0.04911879387793183,0.5,0.002885400935641075,0.0670024573101108,-0.09239262517624403,-0.03528440363740171,0.050894893510560715,0.047510163419034315,0.05611384167899863,0.014775110953892705
2021_2025,proxy,S4,signal_low_failure,2022,88,60,22.0,0,,-0.024746562432005893,-0.0489735928106545,0.2159090909090909,-0.006888782737711879,-0.015710733630271558,-0.21763173152913284,-0.07664264067676453,-0.030746562432005894,-0.03152201528183033,-0.025154212825471763,-0.004673005132315144
2021_2025,proxy,S4,signal_low_failure,2023,14,11,13.0,0,,0.08138988340750275,0.12513215958834112,0.5714285714285714,0.0113795487581942,0.06563402248716742,-0.056167527998330025,-0.03211977969583265,0.07538988340750274,0.0676285795068584,0.05129901992458621,0.00502724822136704
2021_2025,proxy,S4,signal_low_failure,2024,13,10,11.0,0,,0.09131787739659519,0.14424794263833274,0.6923076923076923,0.04865222525790854,0.0991795439523593,-0.13172282145486236,-0.055870430880042274,0.08531787739659519,0.07268445610869971,0.07520850074136132,0.049171640923044865
2021_2025,proxy,S4,signal_low_failure,2025,27,19,17.0,0,,0.05729560095555222,0.010125050036661646,0.5185185185185185,0.023036404669983572,0.044429031372905214,-0.14006813745292124,-0.06605907475805761,0.051295600955552224,0.044694085235665,0.03402348809113712,0.01693535717141884
2021_2025,proxy,S4,half_at6,all,96,78,25.0,0,,0.03935713856366103,0.11360132268353007,0.7083333333333334,0.013586033624997643,0.05125165103152413,-0.3618947137267303,-0.14719304009954828,0.03335713856366103,0.03224903727507967,0.04683480465479914,0.02152590027899958
2021_2025,proxy,S4,half_at6,2021,14,12,11.0,0,,0.09307671660033225,0.1207523253701922,0.8571428571428571,0.031772388020775436,0.09054777005905179,-0.10878650299978965,-0.06875816018406443,0.08707671660033224,0.08454610029271063,0.08399151275175774,0.04075655600539669
2021_2025,proxy,S4,half_at6,2022,43,34,22.0,0,,-0.03733504758428017,-0.0017272749439743405,0.4883720930232558,-0.02636752330840369,-0.013553775388161804,-0.3618947137267303,-0.19763152061768385,-0.04333504758428017,-0.04795867285403824,-0.025823551067783324,-0.013643691699786558
2021_2025,proxy,S4,half_at6,2023,9,8,8.0,0,,0.12559768641988608,0.1281184376641843,1.0,0.04829192540417407,0.12455441700862095,0.0975844690254487,-0.05648631375469801,0.11959768641988608,0.12230774531136121,0.1225809016054166,0.046532899564512294
2021_2025,proxy,S4,half_at6,2024,12,10,11.0,0,,0.10322100406070316,0.11376082420001465,0.8333333333333334,0.060358811812070055,0.1174214552845488,-0.15534360988742008,-0.11197302319023461,0.09722100406070315,0.08781684800183877,0.10477487262168991,0.07047877816045556
2021_2025,proxy,S4,half_at6,2025,18,14,16.0,0,,0.09508817162908009,0.12631284776931173,0.8888888888888888,0.0463509015326594,0.08580242957380767,-0.28751627531226487,-0.1565393954635683,0.08908817162908009,0.08385073871509054,0.07954758525310528,0.04119829209780688
2021_2025,proxy,S4,atr_2r,all,141,102,25.0,0,,0.027941858237331856,-0.059373902443904725,0.4326241134751773,0.0071061167156059,0.033629371154197917,-0.24217529375990443,-0.08706339431663034,0.021941858237331857,0.019165617748316075,0.028601399196451948,0.009537454303782443
2021_2025,proxy,S4,atr_2r,2021,15,12,11.0,0,,0.09555192078478007,0.12944686115813986,0.6666666666666666,0.0345722118237453,0.11218292567482462,-0.12837810709221475,-0.054738922227319235,0.08955192078478007,0.07915086957710812,0.09282077003688251,0.057724491847168574
2021_2025,proxy,S4,atr_2r,2022,76,52,22.0,0,,-0.01922127692953802,-0.08885993157458738,0.27631578947368424,-0.0042033995384787,-0.006869492739116723,-0.1917671526841056,-0.0961352324182907,-0.025221276929538017,-0.027946365101645106,-0.017620944339619804,0.0013532362724868795
2021_2025,proxy,S4,atr_2r,2023,13,10,12.0,0,,0.10274941617263601,0.1556509276210516,0.6923076923076923,-0.0005682798446650949,0.08495894594868654,-0.15793088656888088,-0.05664790816188119,0.09674941617263601,0.0790803839690589,0.06295260592115241,-0.015867190528178837
2021_2025,proxy,S4,atr_2r,2024,13,10,11.0,0,,0.09826644680996234,0.14777338623890524,0.6153846153846154,0.038030845068835924,0.10749070297544114,-0.17021252367511597,-0.07119713532183392,0.09226644680996234,0.0787330887974082,0.07874848156104813,0.044696320454162095
2021_2025,proxy,S4,atr_2r,2025,24,18,17.0,0,,0.0564222511484667,0.17171269798029043,0.5416666666666666,0.013159345689767213,0.028706549045726955,-0.24217529375990443,-0.10360798067319586,0.0504222511484667,0.04551068209190957,0.013788988252433309,-0.004362952700520232
2021_2025,existing,S5,common,all,26,24,19.0,0,,0.0255626657249841,0.04484506653013609,0.5769230769230769,0.006809978034026332,0.018487554450060176,-0.12554940559455052,-0.05965672356795864,0.0195626657249841,0.012265787337858691,0.012426177690323083,-0.0005926761860715913
2021_2025,existing,S5,common,2021,4,3,4.0,0,,0.059877627433449376,0.04484506653013609,0.75,0.02131624092770923,0.027203763269928054,-0.09955009276389548,-0.05190947960649317,0.05387762743344938,-0.0032866532345411,-0.03814396505711459,-0.012354060299529753
2021_2025,existing,S5,common,2023,9,8,9.0,0,,0.04109472429083886,0.0869090618580739,0.6666666666666666,0.0294448146883194,0.038352967061677595,-0.09212709908025607,-0.04961506962577481,0.03509472429083886,0.028264315227489525,0.023297962813683886,0.024505852431737245
2021_2025,existing,S5,common,2024,3,3,3.0,0,,-0.08846126888838508,-0.07857268274646723,0.0,-0.08613370921661001,-0.08846126888838508,-0.1157646226030623,-0.09179814854494099,-0.09446126888838509,-0.09716865267476477,-0.09716865267476477,-0.08613370921661001
2021_2025,existing,S5,common,2025,10,10,10.0,0,,0.03206500871633946,0.10349721186256433,0.6,0.008519226062880313,0.03206500871633946,-0.12554940559455052,-0.06215068220741558,0.02606500871633946,0.01890997277392577,0.01890997277392577,0.008519226062880313
2021_2025,filter,S5,efficient_trend,all,11,11,11.0,0,,0.03066371908270041,0.12053955276325956,0.5454545454545454,0.00939333388790643,0.03066371908270041,-0.1157646226030623,-0.05934654750883973,0.02466371908270041,0.018684057771164185,0.018684057771164185,0.00939333388790643
2021_2025,filter,S5,efficient_trend,2023,5,5,5.0,0,,0.0014586104986442194,-0.08615478286540212,0.4,-0.003372363677135537,0.0014586104986442194,-0.09212709908025607,-0.0726042817193275,-0.0045413895013557805,-0.03411123607610311,-0.03411123607610311,-0.003372363677135537
2021_2025,filter,S5,efficient_trend,2024,2,2,2.0,0,,-0.09716865267476477,-0.09716865267476477,0.0,-0.09498954298323686,-0.09716865267476477,-0.1157646226030623,-0.09316865267476476,-0.10316865267476477,-0.1157646226030623,-0.1157646226030623,-0.09498954298323686
2021_2025,filter,S5,efficient_trend,2025,4,4,4.0,0,,0.13108629069150324,0.12667263890234537,1.0,0.07754189427978053,0.13108629069150324,0.12053955276325956,-0.025863327162767513,0.12508629069150323,0.12462827685598343,0.12462827685598343,0.07754189427978053
2021_2025,filter,S5,up_volume_dominates,all,15,15,13.0,0,,-0.0001814643777165855,0.0048008603778479965,0.5333333333333333,-0.012465950491319303,-0.0001814643777165855,-0.12554940559455052,-0.0651983929337182,-0.006181464377716586,-0.010259536937128675,-0.010461425890241596,-0.012465950491319303
2021_2025,filter,S5,up_volume_dominates,2021,3,3,3.0,0,,-0.0032866532345411,0.0232621626496663,0.6666666666666666,-0.04892252801975346,-0.0032866532345411,-0.09955009276389548,-0.044386988370559134,-0.0092866532345411,-0.03814396505711459,-0.03814396505711459,-0.04892252801975346
2021_2025,filter,S5,up_volume_dominates,2023,5,5,5.0,0,,0.013232053788966903,0.0048008603778479965,0.6,0.0024253221829721124,0.013232053788966903,-0.09212709908025607,-0.05596589439036907,0.007232053788966903,-0.01939443196319976,-0.01939443196319976,0.0024253221829721124
2021_2025,filter,S5,up_volume_dominates,2025,7,7,7.0,0,,-0.008431753558137143,-0.09921602782301542,0.42857142857142855,-0.007478326317912819,-0.008431753558137143,-0.12554940559455052,-0.08071220813460715,-0.014431753558137143,-0.03332230439350211,-0.03332230439350211,-0.007478326317912819
2021_2025,filter,S5,resistance_room,all,20,18,15.0,0,,0.02317911430745858,0.03561441539422694,0.55,0.007766272807727609,0.013480793561168294,-0.12554940559455052,-0.06570324999066063,0.01717911430745858,0.005185104078232978,0.0049855920104127024,-0.0019976778442139242
2021_2025,filter,S5,resistance_room,2021,3,2,3.0,0,,0.07208278236137707,0.06642797041060589,0.6666666666666666,0.04479997792786102,0.029174563580058932,-0.09955009276389548,-0.0631049260662631,0.06608278236137706,-0.016561061176644798,-0.09955009276389548,0.006036394587078442
2021_2025,filter,S5,resistance_room,2023,7,6,7.0,0,,0.04685936871090057,0.0869090618580739,0.7142857142857143,0.03345524655180517,0.044164466475362506,-0.09212709908025607,-0.04970808184313919,0.040859368710900575,0.030712930696445078,0.024249760410908296,0.02753836885360993
2021_2025,filter,S5,resistance_room,2024,2,2,2.0,0,,-0.09716865267476477,-0.09716865267476477,0.0,-0.09498954298323686,-0.09716865267476477,-0.1157646226030623,-0.09316865267476476,-0.10316865267476477,-0.1157646226030623,-0.1157646226030623,-0.09498954298323686
2021_2025,filter,S5,resistance_room,2025,8,8,8.0,0,,0.014206957929783243,0.010831957740270903,0.5,-0.0029102646906491725,0.014206957929783243,-0.12554940559455052,-0.07380704292036495,0.008206957929783243,-0.005257809822828101,-0.005257809822828101,-0.0029102646906491725
2021_2025,filter,S5,no_range_shock,all,26,24,19.0,0,,0.0255626657249841,0.04484506653013609,0.5769230769230769,0.006809978034026332,0.018487554450060176,-0.12554940559455052,-0.05965672356795864,0.0195626657249841,0.012265787337858691,0.012426177690323083,-0.0005926761860715913
2021_2025,filter,S5,no_range_shock,2021,4,3,4.0,0,,0.059877627433449376,0.04484506653013609,0.75,0.02131624092770923,0.027203763269928054,-0.09955009276389548,-0.05190947960649317,0.05387762743344938,-0.0032866532345411,-0.03814396505711459,-0.012354060299529753
2021_2025,filter,S5,no_range_shock,2023,9,8,9.0,0,,0.04109472429083886,0.0869090618580739,0.6666666666666666,0.0294448146883194,0.038352967061677595,-0.09212709908025607,-0.04961506962577481,0.03509472429083886,0.028264315227489525,0.023297962813683886,0.024505852431737245
2021_2025,filter,S5,no_range_shock,2024,3,3,3.0,0,,-0.08846126888838508,-0.07857268274646723,0.0,-0.08613370921661001,-0.08846126888838508,-0.1157646226030623,-0.09179814854494099,-0.09446126888838509,-0.09716865267476477,-0.09716865267476477,-0.08613370921661001
2021_2025,filter,S5,no_range_shock,2025,10,10,10.0,0,,0.03206500871633946,0.10349721186256433,0.6,0.008519226062880313,0.03206500871633946,-0.12554940559455052,-0.06215068220741558,0.02606500871633946,0.01890997277392577,0.01890997277392577,0.008519226062880313
2021_2025,filter,S5,above_vwap20,all,25,24,18.0,0,,0.021734904199167064,0.0232621626496663,0.56,0.0026638118512853424,0.016061391043965135,-0.12554940559455052,-0.060400283566406233,0.015734904199167066,0.007527051836443416,0.009894528918745649,-0.0023221603469705254
2021_2025,filter,S5,above_vwap20,2021,4,3,4.0,0,,0.059877627433449376,0.04484506653013609,0.75,0.02131624092770923,0.027203763269928054,-0.09955009276389548,-0.05190947960649317,0.05387762743344938,-0.0032866532345411,-0.03814396505711459,-0.012354060299529753
2021_2025,filter,S5,above_vwap20,2023,8,8,8.0,0,,0.03107447684339247,0.045854961117960946,0.625,0.019317399949040442,0.03107447684339247,-0.09212709908025607,-0.05068348787815055,0.025074476843392472,0.014979688278500889,0.014979688278500889,0.019317399949040442
2021_2025,filter,S5,above_vwap20,2024,3,3,3.0,0,,-0.08846126888838508,-0.07857268274646723,0.0,-0.08613370921661001,-0.08846126888838508,-0.1157646226030623,-0.09179814854494099,-0.09446126888838509,-0.09716865267476477,-0.09716865267476477,-0.08613370921661001
2021_2025,filter,S5,above_vwap20,2025,10,10,10.0,0,,0.03206500871633946,0.10349721186256433,0.6,0.008519226062880313,0.03206500871633946,-0.12554940559455052,-0.06215068220741558,0.02606500871633946,0.01890997277392577,0.01890997277392577,0.008519226062880313
2021_2025,filter,S5,broad_participation,all,23,22,17.0,0,,0.02800569338626899,0.06642797041060589,0.5652173913043478,0.0032242110818773537,0.022101442180007883,-0.12554940559455052,-0.06003476546934389,0.02200569338626899,0.013041930244914703,0.015634881335055244,-0.00218955862392032
2021_2025,filter,S5,broad_participation,2021,4,3,4.0,0,,0.059877627433449376,0.04484506653013609,0.75,0.02131624092770923,0.027203763269928054,-0.09955009276389548,-0.05190947960649317,0.05387762743344938,-0.0032866532345411,-0.03814396505711459,-0.012354060299529753
2021_2025,filter,S5,broad_participation,2023,7,7,7.0,0,,0.03482785062418454,0.0869090618580739,0.5714285714285714,0.018155758101845904,0.03482785062418454,-0.09212709908025607,-0.05452807602289335,0.02882785062418454,0.01667615959527637,0.01667615959527637,0.018155758101845904
2021_2025,filter,S5,broad_participation,2024,3,3,3.0,0,,-0.08846126888838508,-0.07857268274646723,0.0,-0.08613370921661001,-0.08846126888838508,-0.1157646226030623,-0.09179814854494099,-0.09446126888838509,-0.09716865267476477,-0.09716865267476477,-0.08613370921661001
2021_2025,filter,S5,broad_participation,2025,9,9,9.0,0,,0.04735658782736142,0.12053955276325956,0.6666666666666666,0.013355856901027882,0.04735658782736142,-0.12554940559455052,-0.05734118995265117,0.04135658782736142,0.034468619781023765,0.034468619781023765,0.013355856901027882
2021_2025,filter,S5,rs_vs_watchlist,all,17,16,13.0,0,,0.044092025974103145,0.0869090618580739,0.6470588235294118,0.024395626876541503,0.036979076352233756,-0.12554940559455052,-0.05421305377095592,0.03809202597410315,0.025287601921251693,0.02891773344744845,0.01827490701823621
2021_2025,filter,S5,rs_vs_watchlist,2021,4,3,4.0,0,,0.059877627433449376,0.04484506653013609,0.75,0.02131624092770923,0.027203763269928054,-0.09955009276389548,-0.05190947960649317,0.05387762743344938,-0.0032866532345411,-0.03814396505711459,-0.012354060299529753
2021_2025,filter,S5,rs_vs_watchlist,2023,4,4,4.0,0,,0.12055029615062673,0.12577706297339974,1.0,0.09413594818877902,0.12055029615062673,0.0869090618580739,-0.027037680824884752,0.11455029615062673,0.11282106260162446,0.11282106260162446,0.09413594818877902
2021_2025,filter,S5,rs_vs_watchlist,2024,3,3,3.0,0,,-0.08846126888838508,-0.07857268274646723,0.0,-0.08613370921661001,-0.08846126888838508,-0.1157646226030623,-0.09179814854494099,-0.09446126888838509,-0.09716865267476477,-0.09716865267476477,-0.08613370921661001
2021_2025,filter,S5,rs_vs_watchlist,2025,6,6,6.0,0,,0.04887275898143404,0.12070974803340839,0.6666666666666666,0.03521967134751377,0.04887275898143404,-0.12554940559455052,-0.05507313779098599,0.04287275898143404,0.02855524433810832,0.02855524433810832,0.03521967134751377
2021_2025,filter,S5,down_day_resilience,all,16,15,12.0,0,,0.0038932915373610863,-0.036179845315308434,0.5,-0.002605522150474507,-0.0063737703550823975,-0.12554940559455052,-0.062469716036448145,-0.002106708462638914,-0.02199698201022862,-0.01810755537501781,-0.010934366601134553
2021_2025,filter,S5,down_day_resilience,2021,3,2,3.0,0,,0.07208278236137707,0.06642797041060589,0.6666666666666666,0.04479997792786102,0.029174563580058932,-0.09955009276389548,-0.0631049260662631,0.06608278236137706,-0.016561061176644798,-0.09955009276389548,0.006036394587078442
2021_2025,filter,S5,down_day_resilience,2023,6,6,6.0,0,,-0.005956798368592216,-0.036179845315308434,0.5,-0.015082581951446072,-0.005956798368592216,-0.09212709908025607,-0.056134625056082355,-0.011956798368592217,-0.03320764245758856,-0.03320764245758856,-0.015082581951446072
2021_2025,filter,S5,down_day_resilience,2024,1,1,1.0,0,,-0.1157646226030623,-0.1157646226030623,0.0,-0.0850588360654213,-0.1157646226030623,-0.1157646226030623,-0.1117646226030623,-0.12176462260306231,,,-0.0850588360654213
2021_2025,filter,S5,down_day_resilience,2025,6,6,6.0,0,,-0.0004083782786230376,-0.006380578430573158,0.5,-8.899340284623802e-05,-0.0004083782786230376,-0.12554940559455052,-0.0602713842408041,-0.006408378278623038,-0.02466604259505909,-0.02466604259505909,-8.899340284623802e-05
2021_2025,exit,S5,ma20_failure,all,26,24,19.0,0,,0.028922751281539146,0.008467470867281172,0.5384615384615384,0.006841246103454302,0.022127647136328144,-0.12554940559455052,-0.04879602703938341,0.022922751281539144,0.015905880024126656,0.016224535275994004,-0.0005588024441912897
2021_2025,exit,S5,ma20_failure,2021,4,3,4.0,0,,0.059877627433449376,0.04484506653013609,0.75,0.02131624092770923,0.027203763269928054,-0.09955009276389548,-0.05190947960649317,0.05387762743344938,-0.0032866532345411,-0.03814396505711459,-0.012354060299529753
2021_2025,exit,S5,ma20_failure,2023,9,8,9.0,0,,0.04818499989608513,0.012134081356714347,0.6666666666666666,0.02349082007682836,0.04632952711757965,-0.02289633917277589,-0.02855271077555684,0.04218499989608513,0.036633298862963334,0.03286251553993967,0.017807608493809822
2021_2025,exit,S5,ma20_failure,2024,3,3,3.0,0,,-0.06299845830382478,-0.07104650131562573,0.0,-0.06349185440219796,-0.06299845830382478,-0.1157646226030623,-0.07693789179233079,-0.06899845830382478,-0.09340556195934402,-0.09340556195934402,-0.06349185440219796
2021_2025,exit,S5,ma20_failure,2025,10,10,10.0,0,,0.026781139943292842,0.03586579732136097,0.5,0.0071665617494113595,0.026781139943292842,-0.12554940559455052,-0.05732707122409921,0.020781139943292844,0.014099983108763973,0.014099983108763973,0.0071665617494113595
2021_2025,exit,S5,signal_low_failure,all,26,24,19.0,0,,0.015576483809476892,-0.004914566421697127,0.38461538461538464,0.00042048960329651785,0.007669190708260702,-0.1157646226030623,-0.04833510809894832,0.009576483809476892,0.0014474235960592146,0.0011374503075758042,-0.00751462198602889
2021_2025,exit,S5,signal_low_failure,2021,4,3,4.0,0,,0.05220352754224908,0.029496866747735495,0.5,0.02597821987138013,0.01697163008166099,-0.09955009276389548,-0.05070433395036905,0.04620352754224908,-0.013518786422808163,-0.05349216483951519,-0.006138088374635216
2021_2025,exit,S5,signal_low_failure,2023,9,8,9.0,0,,0.04617131480135624,0.0048008603778479965,0.5555555555555556,0.0327954485724857,0.04406413138600965,-0.0514612749668335,-0.035904436268277995,0.040171314801356245,0.03397547955182158,0.02982500775577766,0.02827531555142434
2021_2025,exit,S5,signal_low_failure,2024,3,3,3.0,0,,-0.06299845830382478,-0.07104650131562573,0.0,-0.06349185440219796,-0.06299845830382478,-0.1157646226030623,-0.07693789179233079,-0.06899845830382478,-0.09340556195934402,-0.09340556195934402,-0.06349185440219796
2021_2025,exit,S5,signal_low_failure,2025,10,10,10.0,0,,-0.003037198942332897,-0.03591028551918801,0.3,-0.019766362374558855,-0.003037198942332897,-0.07919062120026266,-0.049994187297968576,-0.009037198942332897,-0.018093035991606943,-0.018093035991606943,-0.019766362374558855
2021_2025,exit,S5,half_at6,all,26,24,19.0,0,,0.023723055132049645,0.04397362125934623,0.5769230769230769,0.005726000807923807,0.016530953193997427,-0.12554940559455052,-0.05965672356795864,0.017723055132049644,0.011673772074806991,0.010422395739248469,-0.0015584347478717249
2021_2025,exit,S5,half_at6,2021,4,3,4.0,0,,0.059441904798054446,0.04397362125934623,0.75,0.018813639729978016,0.0269132815129981,-0.09955009276389548,-0.05190947960649317,0.05344190479805445,-0.0038676167484010073,-0.03814396505711459,-0.014022461098017228
2021_2025,exit,S5,half_at6,2023,9,8,9.0,0,,0.042875567677901405,0.08059590490421065,0.6666666666666666,0.027067669410708317,0.04035641587212296,-0.09212709908025607,-0.04961506962577481,0.03687556767790141,0.03066018761750664,0.026036102687989164,0.021831563994424777
2021_2025,exit,S5,half_at6,2024,3,3,3.0,0,,-0.06416723824883475,-0.07104650131562573,0.0,-0.05941128395218187,-0.06416723824883475,-0.1157646226030623,-0.09179814854494099,-0.07016723824883475,-0.09340556195934402,-0.09340556195934402,-0.05941128395218187
2021_2025,exit,S5,half_at6,2025,10,10,10.0,0,,0.018565341988646455,0.08747282920877636,0.6,0.0008246289246277682,0.018565341988646455,-0.12554940559455052,-0.06215068220741558,0.012565341988646455,0.007429532664396005,0.007429532664396005,0.0008246289246277682
2021_2025,exit,S5,atr_2r,all,26,24,19.0,0,,0.04502164301154332,0.04484506653013609,0.5769230769230769,0.025722567467555715,0.042605416628703374,-0.18125566013864247,-0.06670575682121492,0.039021643011543324,0.031745322912573405,0.028770062855795458,0.02223658657325985
2021_2025,exit,S5,atr_2r,2021,4,3,4.0,0,,0.059877627433449376,0.04484506653013609,0.75,0.02131624092770923,0.027203763269928054,-0.09955009276389548,-0.05190947960649317,0.05387762743344938,-0.0032866532345411,-0.03814396505711459,-0.012354060299529753
2021_2025,exit,S5,atr_2r,2023,9,8,9.0,0,,0.027939296397654134,0.0048008603778479965,0.5555555555555556,0.02175824858824223,0.03266502103645693,-0.09212709908025607,-0.056231541646486284,0.021939296397654136,9.815332701634816e-05,0.0015216753326998597,0.02288033818817426
2021_2025,exit,S5,atr_2r,2024,3,3,3.0,0,,-0.125197655162724,-0.1157646226030623,0.0,-0.1114135013206194,-0.125197655162724,-0.18125566013864247,-0.121197655162724,-0.131197655162724,-0.1485101413708524,-0.1485101413708524,-0.1114135013206194
2021_2025,exit,S5,atr_2r,2025,10,10,10.0,0,,0.10551915064756137,0.12295429614719189,0.7,0.07219380571132898,0.10551915064756137,-0.12554940559455052,-0.06570349186190669,0.09951915064756137,0.07715255034111423,0.07715255034111425,0.07219380571132898
2021_2025,existing,S6,common,all,27,20,17.0,0,,0.01618931085117489,0.05333330776927059,0.5555555555555556,-0.01728564513338595,0.0012935915005954104,-0.42275000419095154,-0.08146461560792709,0.01018931085117489,0.004609845360688465,-0.00952421734381346,-0.029722126005246853
2021_2025,existing,S6,common,2021,2,2,2.0,0,,0.02905858062657024,0.02905858062657024,0.5,-0.028669772898066326,0.02905858062657024,-0.08002436963313697,-0.047853341149737494,0.023058580626570242,-0.08002436963313697,-0.08002436963313697,-0.028669772898066326
2021_2025,existing,S6,common,2023,14,9,12.0,0,,-0.005243461796551274,0.05243058385191679,0.5714285714285714,-0.041805839529937,-0.017485175704710136,-0.42275000419095154,-0.09390290820177156,-0.011243461796551274,-0.01977939947922698,-0.042636288677578016,-0.05630750427147145
2021_2025,existing,S6,common,2024,7,5,7.0,0,,0.09621510255347324,0.12317385934435521,0.7142857142857143,0.04727600982567237,0.06924485421903445,-0.06972094042664345,-0.0563076694691283,0.09021510255347323,0.07054153719120038,0.034848077887702084,0.024937550460063053
2021_2025,existing,S6,common,2025,4,4,3.0,0,,-0.05527575524850334,-0.09567041552577787,0.25,-0.03875579704146914,-0.05527575524850334,-0.11472669897774534,-0.0987608845014642,-0.06127575524850334,-0.10202251000976703,-0.10202251000976703,-0.03875579704146914
2021_2025,filter,S6,efficient_trend,all,0,0,,0,,,,,,,,,,,,
2021_2025,filter,S6,up_volume_dominates,all,5,3,4.0,0,,0.039953964658064424,0.05333330776927059,0.6,-0.0008905030049808138,0.05621322581012791,-0.09811765255867555,-0.05971512880601955,0.033953964658064426,0.01627579042747959,0.015565072929969198,0.004031534378296231
2021_2025,filter,S6,up_volume_dominates,2023,5,3,4.0,0,,0.039953964658064424,0.05333330776927059,0.6,-0.0008905030049808138,0.05621322581012791,-0.09811765255867555,-0.05971512880601955,0.033953964658064426,0.01627579042747959,0.015565072929969198,0.004031534378296231
2021_2025,filter,S6,resistance_room,all,27,20,17.0,0,,0.01618931085117489,0.05333330776927059,0.5555555555555556,-0.01728564513338595,0.0012935915005954104,-0.42275000419095154,-0.08146461560792709,0.01018931085117489,0.004609845360688465,-0.00952421734381346,-0.029722126005246853
2021_2025,filter,S6,resistance_room,2021,2,2,2.0,0,,0.02905858062657024,0.02905858062657024,0.5,-0.028669772898066326,0.02905858062657024,-0.08002436963313697,-0.047853341149737494,0.023058580626570242,-0.08002436963313697,-0.08002436963313697,-0.028669772898066326
2021_2025,filter,S6,resistance_room,2023,14,9,12.0,0,,-0.005243461796551274,0.05243058385191679,0.5714285714285714,-0.041805839529937,-0.017485175704710136,-0.42275000419095154,-0.09390290820177156,-0.011243461796551274,-0.01977939947922698,-0.042636288677578016,-0.05630750427147145
2021_2025,filter,S6,resistance_room,2024,7,5,7.0,0,,0.09621510255347324,0.12317385934435521,0.7142857142857143,0.04727600982567237,0.06924485421903445,-0.06972094042664345,-0.0563076694691283,0.09021510255347323,0.07054153719120038,0.034848077887702084,0.024937550460063053
2021_2025,filter,S6,resistance_room,2025,4,4,3.0,0,,-0.05527575524850334,-0.09567041552577787,0.25,-0.03875579704146914,-0.05527575524850334,-0.11472669897774534,-0.0987608845014642,-0.06127575524850334,-0.10202251000976703,-0.10202251000976703,-0.03875579704146914
2021_2025,filter,S6,no_range_shock,all,26,19,16.0,0,,0.01949355128493713,0.060119368386558514,0.5769230769230769,-0.015196078237101793,0.005031198444134298,-0.42275000419095154,-0.08102607753532755,0.01349355128493713,0.007706961435160628,-0.006179954950322905,-0.02751727029832437
2021_2025,filter,S6,no_range_shock,2021,2,2,2.0,0,,0.02905858062657024,0.02905858062657024,0.5,-0.028669772898066326,0.02905858062657024,-0.08002436963313697,-0.047853341149737494,0.023058580626570242,-0.08002436963313697,-0.08002436963313697,-0.028669772898066326
2021_2025,filter,S6,no_range_shock,2023,14,9,12.0,0,,-0.005243461796551274,0.05243058385191679,0.5714285714285714,-0.041805839529937,-0.017485175704710136,-0.42275000419095154,-0.09390290820177156,-0.011243461796551274,-0.01977939947922698,-0.042636288677578016,-0.05630750427147145
2021_2025,filter,S6,no_range_shock,2024,6,4,6.0,0,,0.12387110971682602,0.13649021385367432,0.8333333333333334,0.06709107553608011,0.10398630288045393,-0.0611428036203181,-0.05021451346473044,0.11787110971682602,0.09859403271476914,0.06970441732581727,0.049075534184272324
2021_2025,filter,S6,no_range_shock,2025,4,4,3.0,0,,-0.05527575524850334,-0.09567041552577787,0.25,-0.03875579704146914,-0.05527575524850334,-0.11472669897774534,-0.0987608845014642,-0.06127575524850334,-0.10202251000976703,-0.10202251000976703,-0.03875579704146914
2021_2025,filter,S6,above_vwap20,all,2,2,2.0,0,,0.05243058385191679,0.05243058385191679,1.0,0.011035180988973825,0.05243058385191679,0.05152785993456299,-0.014509372129685005,0.04643058385191679,0.05152785993456299,0.05152785993456299,0.011035180988973825
2021_2025,filter,S6,above_vwap20,2023,2,2,2.0,0,,0.05243058385191679,0.05243058385191679,1.0,0.011035180988973825,0.05243058385191679,0.05152785993456299,-0.014509372129685005,0.04643058385191679,0.05152785993456299,0.05152785993456299,0.011035180988973825
2021_2025,filter,S6,broad_participation,all,6,6,6.0,0,,0.009214116331446568,0.007643100763674915,0.5,-0.011284159362469922,0.009214116331446568,-0.0963985429785108,-0.0654900328022557,0.0032141163314465676,-0.013173754568503337,-0.013173754568503337,-0.011284159362469922
2021_2025,filter,S6,broad_participation,2021,1,1,1.0,0,,0.1211534708311961,0.1211534708311961,1.0,0.11551676286309465,0.1211534708311961,0.1211534708311961,-0.014724079650458854,0.11515347083119609,,,0.11551676286309465
2021_2025,filter,S6,broad_participation,2023,1,1,1.0,0,,0.07642900514766793,0.07642900514766793,1.0,0.07217621630660331,0.07642900514766793,0.07642900514766793,-0.0026809625769762535,0.07042900514766792,,,0.07217621630660331
2021_2025,filter,S6,broad_participation,2024,2,2,2.0,0,,-0.06543187202348077,-0.06543187202348077,0.0,-0.09037506489390945,-0.06543187202348077,-0.06972094042664345,-0.10000472371655295,-0.07143187202348078,-0.06972094042664345,-0.06972094042664345,-0.09037506489390945
2021_2025,filter,S6,broad_participation,2025,2,2,2.0,0,,-0.005717016971611533,-0.005717016971611533,0.5,-0.037323902778349294,-0.005717016971611533,-0.0963985429785108,-0.0877628535764966,-0.011717016971611533,-0.0963985429785108,-0.0963985429785108,-0.037323902778349294
2021_2025,filter,S6,rs_vs_watchlist,all,8,6,6.0,0,,0.04204046626666923,0.060119368386558514,0.75,0.00040590280998313577,0.025959145752003143,-0.13098413299114586,-0.03916141558820342,0.03604046626666923,0.026636093836621338,0.004217642586323023,-0.014110930983872247
2021_2025,filter,S6,rs_vs_watchlist,2021,1,1,1.0,0,,-0.08002436963313697,-0.08002436963313697,0.0,-0.1275530459240818,-0.08002436963313697,-0.08002436963313697,-0.08881872935568791,-0.08602436963313698,,,-0.1275530459240818
2021_2025,filter,S6,rs_vs_watchlist,2023,5,4,5.0,0,,0.03508982505938758,0.05333330776927059,0.8,0.004807937386117622,0.028832439227594847,-0.13098413299114586,-0.0378539622935377,0.029089825059387585,0.010195615929133539,-0.006445634890008119,-0.0026232076789577674
2021_2025,filter,S6,rs_vs_watchlist,2024,2,1,2.0,0,,0.12044948723477644,0.12044948723477644,1.0,0.05338029073667938,0.12044948723477644,0.11772511512519768,-0.017601391941125477,0.11444948723477644,0.11772511512519768,,0.05338029073667938
2021_2025,filter,S6,down_day_resilience,all,10,9,8.0,0,,0.030884924457066885,0.05243058385191679,0.6,-0.00970812876064836,0.03680460188504126,-0.13098413299114586,-0.05704015386000906,0.024884924457066887,-0.001627001799230185,0.018439711110892307,-0.004546672919491981
2021_2025,filter,S6,down_day_resilience,2021,2,2,2.0,0,,0.02905858062657024,0.02905858062657024,0.5,-0.028669772898066326,0.02905858062657024,-0.08002436963313697,-0.047853341149737494,0.023058580626570242,-0.08002436963313697,-0.08002436963313697,-0.028669772898066326
2021_2025,filter,S6,down_day_resilience,2023,6,5,6.0,0,,0.03235829530210813,0.05243058385191679,0.6666666666666666,0.0015340635880756552,0.04330838884147026,-0.13098413299114586,-0.057384286112399895,0.026358295302108134,0.0020852087468831828,0.008204554032279598,0.01307312257190194
2021_2025,filter,S6,down_day_resilience,2024,2,2,2.0,0,,0.02829115575243979,0.02829115575243979,0.5,-0.02447306166940244,0.02829115575243979,-0.0611428036203181,-0.06519456981310812,0.02229115575243979,-0.0611428036203181,-0.0611428036203181,-0.02447306166940244
2021_2025,exit,S6,ma20_failure,all,29,22,17.0,0,,0.016008289482509923,0.008936244244740491,0.5517241379310345,-0.010183178383385316,0.005822333589267855,-0.42275000419095154,-0.07198331362387761,0.010008289482509923,0.00563294150068231,-0.003749553360974817,-0.01893788395778459
2021_2025,exit,S6,ma20_failure,2021,3,3,2.0,0,,0.04112830116779246,0.012906717065618748,0.6666666666666666,0.020079147713697825,0.04112830116779246,-0.010675284393437453,-0.012519557922625194,0.03512830116779246,-0.010675284393437453,0.0011157163360906441,0.020079147713697825
2021_2025,exit,S6,ma20_failure,2023,15,10,12.0,0,,-0.013498956074453668,0.0007170893498413856,0.5333333333333333,-0.04287552180425373,-0.021135195036655962,-0.42275000419095154,-0.08754369552847245,-0.01949895607445367,-0.02758629065678842,-0.043897297604976945,-0.055820978453750156
2021_2025,exit,S6,ma20_failure,2024,7,5,7.0,0,,0.10131713859100165,0.12317385934435521,0.7142857142857143,0.05322645567868917,0.07638770467157423,-0.06972094042664345,-0.0563076694691283,0.09531713859100165,0.07649391256831685,0.0437766409533768,0.033268174654286574
2021_2025,exit,S6,ma20_failure,2025,4,4,3.0,0,,-0.04147003438269903,-0.06805897379416925,0.25,-0.02125049473657145,-0.04147003438269903,-0.11472669897774534,-0.08566207552839761,-0.047470034382699026,-0.08361488218869462,-0.08361488218869462,-0.02125049473657145
2021_2025,exit,S6,signal_low_failure,all,29,21,17.0,0,,-0.0016479719834139202,-0.01682628642518091,0.3793103448275862,-0.028148420300639108,-0.010386405630663328,-0.42275000419095154,-0.06761855460300997,-0.0076479719834139205,-0.011153234832586623,-0.017812802456510367,-0.03620820692281344
2021_2025,exit,S6,signal_low_failure,2021,2,2,2.0,0,,0.05752132861585307,0.05752132861585307,0.5,0.016347154295395294,0.05752132861585307,-0.023098873654571302,-0.022542782929695304,0.051521328615853075,-0.023098873654571302,-0.023098873654571306,0.016347154295395294
2021_2025,exit,S6,signal_low_failure,2023,16,10,12.0,0,,-0.017357502739572234,-0.008267037439789068,0.4375,-0.051069244256885006,-0.025430331835508725,-0.42275000419095154,-0.08015270589782539,-0.023357502739572232,-0.028338507329789216,-0.04353476110283695,-0.0650399512235256
2021_2025,exit,S6,signal_low_failure,2024,7,5,7.0,0,,0.04456243121338658,-0.011142850452539706,0.42857142857142855,0.019353407525331816,0.023639392458142262,-0.03930971690889218,-0.046911378165912655,0.03856243121338658,0.02475493235534809,-0.0005631312360162843,0.004939460028374076
2021_2025,exit,S6,signal_low_failure,2025,4,4,3.0,0,,-0.04926270485281503,-0.04479570101660335,0.0,-0.04184111046912184,-0.04926270485281503,-0.06628375786275986,-0.07625739402532603,-0.05526270485281503,-0.0550738115271433,-0.05195838663198885,-0.04184111046912184
2021_2025,exit,S6,half_at6,all,27,20,17.0,0,,0.012003309834737576,0.06323361145428263,0.5555555555555556,-0.01655284914795038,0.0023973836677531808,-0.20886326340031203,-0.08146461560792709,0.006003309834737576,0.0026640196074951784,-0.005306838682815898,-0.023709076993856493
2021_2025,exit,S6,half_at6,2021,2,2,2.0,0,,0.014343448694416228,0.014343448694416228,0.5,-0.03839525828415291,0.014343448694416228,-0.08002436963313697,-0.047853341149737494,0.008343448694416227,-0.08002436963313697,-0.08002436963313697,-0.03839525828415291
2021_2025,exit,S6,half_at6,2023,14,9,12.0,0,,0.004189627787376836,0.05828345961177661,0.5714285714285714,-0.028260450957208045,0.0020846157865591908,-0.20886326340031203,-0.09390290820177156,-0.001810372212623164,-0.006932524561945383,-0.01625200828119162,-0.031448897419040514
2021_2025,exit,S6,half_at6,2024,7,5,7.0,0,,0.06756016648382678,0.09519992673557875,0.7142857142857143,0.02680251858232314,0.0473345440296359,-0.06972094042664345,-0.0563076694691283,0.06156016648382678,0.05202753941142004,0.023462575515267745,0.009551356112848875
2021_2025,exit,S6,half_at6,2025,4,4,3.0,0,,-0.05904337156524525,-0.09567041552577787,0.25,-0.040526931775425934,-0.05904337156524525,-0.11472669897774534,-0.0987608845014642,-0.06504337156524526,-0.10202251000976703,-0.10202251000976703,-0.040526931775425934
2021_2025,exit,S6,atr_2r,all,27,20,17.0,0,,0.0009567216531066736,0.05152785993456299,0.5185185185185185,-0.028975331551981526,-0.012035309006241899,-0.42275000419095154,-0.0937080472265151,-0.0050432783468933266,-0.011841350973225206,-0.027375299913335496,-0.03969605953450693
2021_2025,exit,S6,atr_2r,2021,2,2,2.0,0,,0.02905858062657024,0.02905858062657024,0.5,-0.028669772898066326,0.02905858062657024,-0.08002436963313697,-0.047853341149737494,0.023058580626570242,-0.08002436963313697,-0.08002436963313697,-0.028669772898066326
2021_2025,exit,S6,atr_2r,2023,14,9,12.0,0,,-0.028804227966797862,-0.0002600716960640126,0.5,-0.06176874214368251,-0.03355422758924954,-0.42275000419095154,-0.10720731336199156,-0.034804227966797864,-0.04515253227795408,-0.06071397204768484,-0.07034624861836963
2021_2025,exit,S6,atr_2r,2024,7,5,7.0,0,,0.09891750568986606,0.11772511512519768,0.7142857142857143,0.04972824087327897,0.064922746367684,-0.13146196689516965,-0.06159975077852388,0.09291750568986605,0.06397166634985,0.011297303402470898,0.020972858976017417
2021_2025,exit,S6,atr_2r,2025,4,4,3.0,0,,-0.08036225622828816,-0.09567041552577787,0.25,-0.05208242555219153,-0.08036225622828816,-0.21507270289688463,-0.12557748757472081,-0.08636225622828816,-0.13547117798281347,-0.13547117798281347,-0.05208242555219153
2021_2025,existing,S7,common,all,506,209,27.0,0,,0.01870457859409945,-0.002516810830859858,0.49604743083003955,0.007313222465737827,0.03138473319933135,-0.24996774581195658,-0.07168196772921993,0.01270457859409945,0.016364432786319907,0.02903242730314864,0.01595423076411925
2021_2025,existing,S7,common,2021,72,36,23.0,0,,0.054074768461406,0.06610239816897978,0.6388888888888888,0.02081978065995732,0.07543268528776036,-0.15007559559940298,-0.05476510147676307,0.048074768461406,0.046621592216506226,0.06271178030725823,0.04108379291905374
2021_2025,existing,S7,common,2022,67,19,25.0,0,,-0.045286545909962256,-0.043629878524591326,0.23880597014925373,-0.01612164387013441,-0.04453192332274827,-0.22251857117337526,-0.07331805410661138,-0.051286545909962254,-0.0484704061193585,-0.05552658556799102,-0.01626970000345103
2021_2025,existing,S7,common,2023,126,52,27.0,0,,0.004777182279314512,-0.015051308036508889,0.42857142857142855,-0.011722040820996989,0.002472941288115796,-0.16934617497370796,-0.0716916595014376,-0.001222817720685488,0.0005085890974942248,-0.0010159538284227386,-0.016663440300190232
2021_2025,existing,S7,common,2024,111,49,27.0,0,,0.054543894213652556,0.044632514622956254,0.5945945945945946,0.03309979640703616,0.04726644454747341,-0.24996774581195658,-0.07178775650998834,0.04854389421365256,0.04412231861877232,0.04187972188541048,0.027155270589311383
2021_2025,existing,S7,common,2025,130,53,27.0,0,,0.01499257531116537,0.023148369393901972,0.5307692307692308,0.008342432628538655,0.042363969464620344,-0.24192594627097797,-0.08010837438250414,0.00899257531116537,0.00987856822404757,0.039235731950674854,0.03208363436630552
2021_2025,filter,S7,efficient_trend,all,84,56,26.0,0,,0.02227627083792894,-0.011049984287239797,0.4880952380952381,0.013654886683649912,0.023023355547341844,-0.20424877377528472,-0.07373371956830503,0.016276270837928937,0.01564939549223657,0.018347224329174617,0.014555896484164495
2021_2025,filter,S7,efficient_trend,2021,3,3,2.0,0,,0.05378056965415808,0.05060387800320609,0.6666666666666666,0.026471612194671573,0.05378056965415808,-0.02600282780124252,-0.07068771520257915,0.047780569654158084,-0.02600282780124252,0.012300525100981785,0.026471612194671573
2021_2025,filter,S7,efficient_trend,2022,13,7,11.0,0,,-0.09669535178499661,-0.09511587003223665,0.0,-0.043955924846716524,-0.09133339161242535,-0.20424877377528472,-0.10487737212418279,-0.10269535178499661,-0.10218045893899035,-0.09816964596257453,-0.03826202963768386
2021_2025,filter,S7,efficient_trend,2023,25,17,17.0,0,,-0.008067659716073629,-0.060699279259093686,0.32,-0.013050437039046918,-0.01808065887062204,-0.13021359110934783,-0.07508402497598905,-0.014067659716073629,-0.016411749416085877,-0.03672386083419463,-0.01916947920291126
2021_2025,filter,S7,efficient_trend,2024,15,12,14.0,0,,0.015462132715996479,-0.046857102715238574,0.4666666666666667,-0.0012122482019834532,0.012472448585470475,-0.1684204508088084,-0.08905789715202063,0.009462132715996479,-0.009066948673532915,-0.0026377961883827187,-0.005324978055779033
2021_2025,filter,S7,efficient_trend,2025,28,17,21.0,0,,0.10488086131394307,0.13098593828262528,0.8571428571428571,0.07083811845913635,0.11323539769121031,-0.13392123175675452,-0.050185513529838244,0.09888086131394307,0.09384000926932597,0.10540303039815938,0.08196061512422495
2021_2025,filter,S7,up_volume_dominates,all,309,167,27.0,0,,0.02579052525839381,0.0034411304390145094,0.5145631067961165,0.013774459544040848,0.023092336877527656,-0.24192594627097797,-0.06729494521765106,0.01979052525839381,0.022727898865494766,0.01981725354081257,0.009652585192549893
2021_2025,filter,S7,up_volume_dominates,2021,47,29,19.0,0,,0.037511305872069724,0.046980437988962676,0.6382978723404256,-0.0018942610512820482,0.033180120402149925,-0.14338413660943905,-0.054751819867071484,0.031511305872069725,0.0257052258781239,0.028068319854411456,-0.006171674919277408
2021_2025,filter,S7,up_volume_dominates,2022,42,18,23.0,0,,-0.03953897571885236,-0.04205704912204644,0.2619047619047619,-0.008723145835520852,-0.049536452884949816,-0.20424877377528472,-0.06668833910277587,-0.045538975718852355,-0.044524029465902185,-0.05511573712218577,-0.011486518607119635
2021_2025,filter,S7,up_volume_dominates,2023,81,44,27.0,0,,0.014589962245526443,-0.011482677587798303,0.4444444444444444,0.002768447980949832,0.018823778239747683,-0.16934617497370796,-0.06732009786750802,0.008589962245526443,0.010825819962593589,0.013093383532110954,0.003995422887042576
2021_2025,filter,S7,up_volume_dominates,2024,64,33,26.0,0,,0.08079231903330111,0.10112874761927593,0.65625,0.060763791553780123,0.056581473991088,-0.20811987292915168,-0.06500468114958419,0.07479231903330111,0.07066703275100447,0.040638514716677246,0.03910550823865463
2021_2025,filter,S7,up_volume_dominates,2025,75,43,27.0,0,,0.020191767320390616,0.023450954726180976,0.5333333333333333,0.007981112636158524,0.02535855894323409,-0.24192594627097797,-0.0774221970045826,0.014191767320390616,0.015721510246370078,0.021459817499374777,0.012359005949710563
2021_2025,filter,S7,resistance_room,all,423,189,27.0,0,,0.013676555316501754,-0.0210243619811149,0.46808510638297873,0.0041300928282561765,0.03001947385457149,-0.24996774581195658,-0.07392904727468962,0.0076765553165017535,0.011225707954873381,0.027409660632492963,0.016018497476813814
2021_2025,filter,S7,resistance_room,2021,61,35,23.0,0,,0.05053932366016714,0.06472534523758489,0.6065573770491803,0.020915338776582314,0.07351774813904079,-0.15007559559940298,-0.057035605593174506,0.04453932366016714,0.04130646593848001,0.06036637721356155,0.04241665069899503
2021_2025,filter,S7,resistance_room,2022,58,16,25.0,0,,-0.04298245433532941,-0.04205704912204644,0.2413793103448276,-0.015551010099077382,-0.048320388789525916,-0.20424877377528472,-0.06834093427643471,-0.04898245433532941,-0.04662860665542625,-0.06176654784826906,-0.02000312536277939
2021_2025,filter,S7,resistance_room,2023,97,45,27.0,0,,-0.001251611360710867,-0.032168988071767046,0.41237113402061853,-0.014145405527703355,0.00449613361484008,-0.16934617497370796,-0.07420347268751529,-0.007251611360710867,-0.007278028323992041,-0.003294707398927331,-0.012344482444834073
2021_2025,filter,S7,resistance_room,2024,99,45,26.0,0,,0.049818197080962835,0.03429175186314093,0.5656565656565656,0.029543068241469926,0.038696087933946605,-0.24996774581195658,-0.07253061761446888,0.04381819708096284,0.04093597645981981,0.032624882379570536,0.020284873211418957
2021_2025,filter,S7,resistance_room,2025,108,48,27.0,0,,0.003561771278081351,-0.0415668785980875,0.4722222222222222,-0.0016621040091756166,0.04020907551217914,-0.24192594627097797,-0.08750715623569859,-0.002438228721918649,-0.0028645857732252987,0.03598898617456539,0.03136761812419031
2021_2025,filter,S7,no_range_shock,all,490,205,27.0,0,,0.01804902628992815,-0.002518849355280347,0.4959183673469388,0.007057487738317282,0.027750912968601226,-0.24996774581195658,-0.07155640687029872,0.01204902628992815,0.015609352866386412,0.025334670583127043,0.012552826864699036
2021_2025,filter,S7,no_range_shock,2021,71,36,23.0,0,,0.056587512809517654,0.07110445411895361,0.647887323943662,0.02351168548910622,0.07664440702550705,-0.15007559559940298,-0.054176852721435284,0.050587512809517655,0.049211769072127834,0.0639581226660834,0.04161229193505012
2021_2025,filter,S7,no_range_shock,2022,66,19,25.0,0,,-0.043072329843556426,-0.04325496299626985,0.24242424242424243,-0.013962848127868738,-0.042920560528452556,-0.22251857117337526,-0.07158791611675766,-0.049072329843556424,-0.04627110765515253,-0.05382570261845666,-0.01465833720915532
2021_2025,filter,S7,no_range_shock,2023,119,51,27.0,0,,0.0030025857981813703,-0.011482677587798303,0.4369747899159664,-0.012696988534030031,-0.003990807776589584,-0.16934617497370796,-0.07143333140701834,-0.00299741420181863,-0.0016246598717764478,-0.007678755776752997,-0.022705546753357186
2021_2025,filter,S7,no_range_shock,2024,108,49,27.0,0,,0.05301756536475238,0.04290352720609236,0.5833333333333334,0.031670877451391063,0.04560283162484595,-0.24996774581195658,-0.07315901960153347,0.04701756536475238,0.0421806528517836,0.040181450360228285,0.025750742440004373
2021_2025,filter,S7,no_range_shock,2025,126,50,27.0,0,,0.012586337086404175,0.01272140685790513,0.5238095238095238,0.006356144200695249,0.03428443205348428,-0.24192594627097797,-0.0800757127390291,0.006586337086404175,0.007203840582160117,0.031124814348752833,0.024999838188729025
2021_2025,filter,S7,above_vwap20,all,398,189,27.0,0,,0.019784021942871412,-0.0006269881223933647,0.5,0.0077075015234725885,0.024860680337525403,-0.24192594627097797,-0.0698497605763261,0.013784021942871412,0.016689298890345667,0.022223426724398757,0.009154295902946311
2021_2025,filter,S7,above_vwap20,2021,51,30,20.0,0,,0.051029623104596036,0.05550051749387652,0.6666666666666666,0.010252666273333015,0.048757958997113014,-0.11684177829030262,-0.04776885771311589,0.04502962310459604,0.04163692837458126,0.03248532449338123,0.00738381443479928
2021_2025,filter,S7,above_vwap20,2022,57,18,25.0,0,,-0.04235483890602681,-0.05014747010037601,0.21052631578947367,-0.012194080944121,-0.04439747934641557,-0.20424877377528472,-0.06957615545720405,-0.048354838906026806,-0.04761659706521418,-0.04981780643085066,-0.015126030172325796
2021_2025,filter,S7,above_vwap20,2023,97,46,27.0,0,,0.004248625249404481,-0.023107915357861494,0.422680412371134,-0.013151741511984338,0.007376084471957681,-0.21663477446409818,-0.07267650224335362,-0.0017513747505955189,-0.000313950654753389,0.0039041888333829168,-0.013574931204520241
2021_2025,filter,S7,above_vwap20,2024,85,48,27.0,0,,0.05616779884406483,0.045044630322100154,0.611764705882353,0.03784087629612735,0.04891056619417686,-0.23183250378151843,-0.07339158595969486,0.05016779884406483,0.04205426248011259,0.042759320900175396,0.030133603364160863
2021_2025,filter,S7,above_vwap20,2025,108,47,27.0,0,,0.02314237242253894,0.03144477529572032,0.5555555555555556,0.012027839645450544,0.028682497427315965,-0.24192594627097797,-0.07509487574785999,0.017142372422538937,0.01999862429940911,0.024850879329063647,0.020403189566871247
2021_2025,filter,S7,broad_participation,all,308,105,27.0,0,,0.020245046136056866,-0.00810369455738302,0.4772727272727273,0.010844758985759578,0.034105422464934594,-0.22822264033703565,-0.06936454369216133,0.014245046136056866,0.018150196166330755,0.0314229341936378,0.020999759019080532
2021_2025,filter,S7,broad_participation,2021,37,10,21.0,0,,0.04994720706295539,0.06031028773709868,0.5945945945945946,0.029439584628578153,0.08158827682139012,-0.12043879209003172,-0.04661138618502556,0.04394720706295539,0.03439964504422931,0.05586650728156671,0.05093352262012248
2021_2025,filter,S7,broad_participation,2022,47,11,24.0,0,,-0.05389880181171383,-0.05200888884736965,0.1276595744680851,-0.021279940626119986,-0.06374403547036073,-0.22251857117337526,-0.07644423781149456,-0.05989880181171383,-0.05865417202305958,-0.0725357559600998,-0.033150049520072784
2021_2025,filter,S7,broad_participation,2023,73,23,27.0,0,,0.002401867405519153,-0.023107915357861494,0.3835616438356164,-0.010593629646454487,9.303768312015305e-05,-0.21663477446409818,-0.0747927108718944,-0.0035981325944808473,-0.003854749847556546,-0.007339614613457206,-0.012274433019460516
2021_2025,filter,S7,broad_participation,2024,62,26,26.0,0,,0.06022471702201646,0.05574132254416875,0.5967741935483871,0.04275885826356032,0.04218582430963724,-0.14775712524748563,-0.06543565617949723,0.054224717022016464,0.04922143563821448,0.03164009198896298,0.028844990472368215
2021_2025,filter,S7,broad_participation,2025,89,35,27.0,0,,0.03383598267144714,0.061914938255304586,0.6067415730337079,0.015431057276793645,0.06763999091473906,-0.22822264033703565,-0.07336966757777956,0.027835982671447143,0.02996253490417841,0.06359904005370827,0.045503777791115696
2021_2025,filter,S7,rs_vs_watchlist,all,319,175,27.0,0,,0.02907275564635844,0.007622223004371657,0.5203761755485894,0.015437257766105803,0.03163986061970793,-0.24996774581195658,-0.07234839445643301,0.02307275564635844,0.02587905865546985,0.0290576755443283,0.017444905317785565
2021_2025,filter,S7,rs_vs_watchlist,2021,54,34,22.0,0,,0.07450446813441329,0.06791489967826925,0.6851851851851852,0.033101117723658945,0.07314928381592782,-0.11684177829030262,-0.0497632777129227,0.06850446813441328,0.062414333941485045,0.06478783984627554,0.03201827951453409
2021_2025,filter,S7,rs_vs_watchlist,2022,39,19,22.0,0,,-0.059128416772609424,-0.05435005436867546,0.1282051282051282,-0.0239982998718862,-0.06693829242561712,-0.22251857117337526,-0.08450308984352728,-0.06512841677260943,-0.06331129910715022,-0.07293386816854365,-0.025841674189649656
2021_2025,filter,S7,rs_vs_watchlist,2023,80,47,26.0,0,,0.014894999863513326,-0.007865382581345889,0.4875,-0.0017649914029616992,0.009122212086121297,-0.21663477446409818,-0.07077551805373633,0.008894999863513326,0.011016074921661742,0.003412883193355844,-0.008194900633280157
2021_2025,filter,S7,rs_vs_watchlist,2024,79,39,27.0,0,,0.07336484164191533,0.1092152790062686,0.6708860759493671,0.04880136634901874,0.08357983462117488,-0.24996774581195658,-0.07287945321192103,0.06736484164191532,0.060422443376155946,0.07312298648658044,0.060389728685553555
2021_2025,filter,S7,rs_vs_watchlist,2025,67,36,25.0,0,,0.00850079921297638,-0.0507702445444812,0.47761194029850745,0.005355969193704258,0.017593611014459627,-0.24192594627097797,-0.0847280907935235,0.0025007992129763793,0.0020760636423611855,0.012693265626720608,0.013477490215256592
2021_2025,filter,S7,down_day_resilience,all,203,137,26.0,0,,0.03708316161058906,0.03429175186314093,0.5615763546798029,0.018542667544323238,0.03952428307884688,-0.20811987292915168,-0.065444592445518,0.031083161610589063,0.030437943126024342,0.03411750396899496,0.020859667211165535
2021_2025,filter,S7,down_day_resilience,2021,44,31,20.0,0,,0.0696621961604647,0.07136124792109189,0.6818181818181818,0.026528968880483197,0.06454864071545419,-0.11684177829030262,-0.048403319966397136,0.0636621961604647,0.05705660810707724,0.04934478341912483,0.02416249818421631
2021_2025,filter,S7,down_day_resilience,2022,21,14,12.0,0,,-0.03008400221818932,-0.034734975602618734,0.3333333333333333,-0.0035917327660294684,-0.031023937606429238,-0.20424877377528472,-0.06439844138181249,-0.03608400221818932,-0.047613653527686484,-0.04287571387595689,0.002857284162297544
2021_2025,filter,S7,down_day_resilience,2023,51,33,24.0,0,,0.014719770881639817,-0.007101140132185765,0.49019607843137253,-0.004269524510429249,0.012429534686455804,-0.16934617497370796,-0.06465100895979223,0.008719770881639817,0.006834831279405346,0.0075452309268557,-0.01141167288117072
2021_2025,filter,S7,down_day_resilience,2024,42,27,20.0,0,,0.07480995231977648,0.08355264500893633,0.6190476190476191,0.05101708943806073,0.09253957577820968,-0.20811987292915168,-0.07328546224335993,0.06880995231977648,0.06400151504052308,0.06629701169203664,0.06915885494307973
2021_2025,filter,S7,down_day_resilience,2025,45,32,23.0,0,,0.02670628689059701,0.03162554399733497,0.5777777777777777,0.0166075836105848,0.02935658923275777,-0.19984057507387876,-0.07617662328289107,0.02070628689059701,0.017841244175835463,0.022850301031075163,0.018063472111321498
2021_2025,filter,S7,control_rs20_qqq,all,329,182,27.0,0,,0.03737938144476038,0.026115159764100285,0.5683890577507599,0.021513583699706358,0.03537431161675236,-0.24996774581195658,-0.06985649917211352,0.03137938144476038,0.033556925970403564,0.03291262237852578,0.020699223407976343
2021_2025,filter,S7,control_rs20_qqq,2021,54,31,23.0,0,,0.08332618693991203,0.09367584108388738,0.7222222222222222,0.04242736066230706,0.08252829899756711,-0.08927834233944865,-0.04384964020079269,0.07732618693991203,0.07194179025142368,0.07364334447033757,0.04167283451600977
2021_2025,filter,S7,control_rs20_qqq,2022,41,18,22.0,0,,-0.058989849075919656,-0.058564482545607977,0.1951219512195122,-0.023356924488561817,-0.059107122896272145,-0.22251857117337526,-0.08515842406720411,-0.06498984907591966,-0.06326699829133255,-0.06539272313069878,-0.023405989852296874
2021_2025,filter,S7,control_rs20_qqq,2023,75,46,26.0,0,,0.02192700503010487,0.004956286793742274,0.5066666666666667,-0.0012717605143667977,0.010346055413072191,-0.16934617497370796,-0.06997420946311893,0.01592700503010487,0.018280613181668987,0.004738931071760578,-0.009021996590204293
2021_2025,filter,S7,control_rs20_qqq,2024,75,41,27.0,0,,0.0748503643038321,0.11851540213360479,0.6666666666666666,0.05048559251635302,0.07036875106619768,-0.24996774581195658,-0.07639120354126537,0.0688503643038321,0.06385114270807343,0.06010446824945852,0.04998831117106047
2021_2025,filter,S7,control_rs20_qqq,2025,84,46,26.0,0,,0.03522004181712318,0.04926846267229523,0.6190476190476191,0.024446286491915232,0.034405180755257024,-0.23795387255673328,-0.07316674160355177,0.029220041817123184,0.030778952464907392,0.030362596139436725,0.027439123755057682
2021_2025,filter,S7,both_relative_strength,all,292,172,27.0,0,,0.03219761621220597,0.010459902673408798,0.5273972602739726,0.017796611390292715,0.03122012438115759,-0.24996774581195658,-0.07351226778589719,0.026197616212205975,0.028476098291505464,0.02859018321534118,0.017362565971402257
2021_2025,filter,S7,both_relative_strength,2021,51,31,22.0,0,,0.07908721387317072,0.06472534523758489,0.6862745098039216,0.0372395899212448,0.07759666820564944,-0.08927834233944865,-0.04696436572486967,0.07308721387317071,0.06661538990101365,0.06854732598535598,0.032939921962003904
2021_2025,filter,S7,both_relative_strength,2022,36,18,21.0,0,,-0.06338688390446569,-0.0575979809848558,0.1388888888888889,-0.02531506194505144,-0.06547510081404191,-0.22251857117337526,-0.08837477564370351,-0.0693868839044657,-0.06833716164504258,-0.07122855633218762,-0.023292099334359058
2021_2025,filter,S7,both_relative_strength,2023,73,46,26.0,0,,0.022058736884579794,0.004956286793742274,0.5068493150684932,0.002532132670162054,0.017397887240143173,-0.16934617497370796,-0.07053542290828506,0.016058736884579795,0.01840819861769308,0.011890490275076862,-0.0014883997771966034
2021_2025,filter,S7,both_relative_strength,2024,71,40,27.0,0,,0.07701750945153808,0.12270854613388105,0.676056338028169,0.05301086989525702,0.07650238284930241,-0.24996774581195658,-0.076735185338707,0.07101750945153808,0.06546688416548656,0.06613218590349569,0.05606106362435361
2021_2025,filter,S7,both_relative_strength,2025,61,37,25.0,0,,0.009371358743601203,-0.0507702445444812,0.47540983606557374,0.004264200369160031,0.007635631535622835,-0.23795387255673328,-0.08674792765552942,0.003371358743601203,0.0023227707261649654,0.002594796312019988,0.005689335109579183
2021_2025,exit,S7,ma20_failure,all,545,218,27.0,0,,0.018423979822366585,-0.014927423293637717,0.45504587155963305,0.007576756486560431,0.02909758155589213,-0.24996774581195658,-0.06153352148543281,0.012423979822366584,0.01628214361143602,0.02683229686442004,0.015327795815366646
2021_2025,exit,S7,ma20_failure,2021,81,38,23.0,0,,0.04558011094068628,0.02798222013902985,0.5679012345679012,0.01885382625413637,0.06914374191198709,-0.15007559559940298,-0.04738446586959428,0.03958011094068628,0.03845068862474044,0.05694048197432905,0.03930703227402278
2021_2025,exit,S7,ma20_failure,2022,69,19,25.0,0,,-0.041074184716508706,-0.041234050776144504,0.2318840579710145,-0.015175689910881817,-0.03465105827565856,-0.22251857117337526,-0.0666012600789968,-0.047074184716508705,-0.04410245549043075,-0.04509678357384076,-0.01227367107541199
2021_2025,exit,S7,ma20_failure,2023,139,55,27.0,0,,0.003418314954521815,-0.024839421509607936,0.39568345323741005,-0.012801483485298429,-0.0015268567874042,-0.15521948780012107,-0.06289681352062385,-0.0025816850454781852,-0.0005086739890084525,-0.004645025013226393,-0.018079292923449643
2021_2025,exit,S7,ma20_failure,2024,123,51,27.0,0,,0.050942297864525976,0.0009535557644386773,0.5040650406504065,0.03451849890215364,0.03667155941764941,-0.24996774581195658,-0.05848943364790318,0.04494229786452598,0.04290336141066204,0.031192950132375954,0.023396456870445465
2021_2025,exit,S7,ma20_failure,2025,133,55,27.0,0,,0.018362032679835123,0.002072858862228747,0.518796992481203,0.008894178961900904,0.04705287794133815,-0.22822264033703565,-0.06891190308732453,0.012362032679835122,0.016237895044060976,0.04412733271451504,0.034220614948489145
2021_2025,exit,S7,signal_low_failure,all,531,215,27.0,0,,0.015750152403633023,-0.0210243619811149,0.448210922787194,0.005975421072753979,0.02556798656027891,-0.24996774581195658,-0.06635878422606986,0.009750152403633023,0.013437501270926137,0.02325445210679734,0.012419943879952239
2021_2025,exit,S7,signal_low_failure,2021,77,37,23.0,0,,0.048928242498347624,0.05060387800320609,0.5714285714285714,0.01989312593777919,0.06682170805365138,-0.15007559559940298,-0.05152046105811501,0.042928242498347625,0.041635250300797934,0.054214967732771284,0.035987686626117295
2021_2025,exit,S7,signal_low_failure,2022,68,19,25.0,0,,-0.04385197026588747,-0.04325496299626985,0.23529411764705882,-0.01677894188082057,-0.04198233164640921,-0.22251857117337526,-0.07090885783471583,-0.04985197026588747,-0.04696689859687371,-0.05283534990963312,-0.015933236444280647
2021_2025,exit,S7,signal_low_failure,2023,135,55,27.0,0,,-0.00023333569417573454,-0.03119882609670965,0.37777777777777777,-0.013098048808159039,0.0009631461515476091,-0.16934617497370796,-0.06577452069982412,-0.006233335694175735,-0.004437167396961595,-0.0023516534301759318,-0.014800625747302698
2021_2025,exit,S7,signal_low_failure,2024,116,49,27.0,0,,0.04959786891347428,0.016681381582916547,0.5344827586206896,0.03147602204061464,0.03773073282901655,-0.24996774581195658,-0.06674610881874884,0.04359786891347428,0.03933671259265966,0.033748017143931094,0.022362157620774235
2021_2025,exit,S7,signal_low_failure,2025,135,55,27.0,0,,0.013747687087314253,-0.01807817288131419,0.48148148148148145,0.00666047387192101,0.034919986669085634,-0.22822264033703565,-0.07278168646189952,0.007747687087314253,0.01155086186437332,0.03176975827055415,0.02472297662088062
2021_2025,exit,S7,half_at6,all,506,209,27.0,0,,0.015351295532822223,0.013165805308993476,0.5316205533596838,0.004865269065894501,0.028286062165049926,-0.24996774581195658,-0.07168196772921993,0.009351295532822223,0.013469971479258913,0.025918858811971632,0.014219137430318149
2021_2025,exit,S7,half_at6,2021,72,36,23.0,0,,0.050676202040144336,0.0709350610873819,0.6805555555555556,0.020622046605293317,0.06989033763493097,-0.15007559559940298,-0.05476510147676307,0.04467620204014434,0.04377457639257245,0.057011079864348,0.0389921786408538
2021_2025,exit,S7,half_at6,2022,67,19,25.0,0,,-0.0408857775520248,-0.041234050776144504,0.23880597014925373,-0.014149862853305394,-0.04077792002647473,-0.22251857117337526,-0.07331805410661138,-0.0468857775520248,-0.044002959452967456,-0.048232391534896654,-0.015588662536948697
2021_2025,exit,S7,half_at6,2023,126,52,27.0,0,,0.002968337041564697,-0.007824789537258094,0.46825396825396826,-0.011512073678221631,0.00354192000486224,-0.16934617497370796,-0.0716916595014376,-0.003031662958435303,0.0001646367931206603,8.269640565132654e-05,-0.013177938878043314
2021_2025,exit,S7,half_at6,2024,111,49,27.0,0,,0.03855603658209729,0.050996739095068744,0.6396396396396397,0.018297494736132104,0.03269187561978381,-0.24996774581195658,-0.07178775650998834,0.03255603658209729,0.03192840798286116,0.029405362177265592,0.014199175334530613
2021_2025,exit,S7,half_at6,2025,130,53,27.0,0,,0.016959119698872017,0.0352628230988859,0.5692307692307692,0.010342915159063246,0.044989312689032,-0.22822264033703565,-0.08010837438250414,0.010959119698872017,0.012165629294167903,0.04221784371025713,0.034976586987434596
2021_2025,exit,S7,atr_2r,all,462,199,27.0,0,,0.027662183254278182,-0.002516810830859858,0.49567099567099565,0.013843080727224809,0.044866835322846084,-0.38237838853743633,-0.08303434148054158,0.021662183254278183,0.024932752656810494,0.040913217272870714,0.028121177031223375
2021_2025,exit,S7,atr_2r,2021,71,34,23.0,0,,0.053668398661686635,0.052526295026753544,0.6197183098591549,0.016556097221920044,0.07138072934705494,-0.1617987765156904,-0.06237896102842315,0.04766839866168664,0.04678413208003253,0.05776607388468283,0.0329134326194794
2021_2025,exit,S7,atr_2r,2022,64,19,25.0,0,,-0.0475495938869198,-0.04325496299626985,0.234375,-0.017014657700734945,-0.050569143004402024,-0.24212541089079165,-0.07645252244201475,-0.0535495938869198,-0.05092098788369933,-0.0661433281847777,-0.014519431090879659
2021_2025,exit,S7,atr_2r,2023,114,48,27.0,0,,0.014787112027039438,-0.009114599500503914,0.4473684210526316,-0.007100890083822731,0.021186758022760557,-0.38237838853743633,-0.08244037480003315,0.008787112027039438,0.006581887167757478,0.006166642131571762,-0.0024479979170488227
2021_2025,exit,S7,atr_2r,2024,99,47,27.0,0,,0.07512473699302451,0.036239156557152485,0.6060606060606061,0.04946062792479847,0.07726889093022439,-0.27354173865065823,-0.08343388015252394,0.0691247369930245,0.06692680191941905,0.0609555361848386,0.05540940038476113
2021_2025,exit,S7,atr_2r,2025,114,51,27.0,0,,0.025347075735681693,0.0038505658565944935,0.5175438596491229,0.019489980623415074,0.055171899798374294,-0.2684833263189492,-0.09984071256490852,0.019347075735681694,0.018971735096954333,0.04865314481709885,0.04443507436887129
2021_2025,proxy,S7,common,all,494,206,27.0,0,,0.019426133181901745,0.022120450649173787,0.5222672064777328,0.007058368243686993,0.03568998297138999,-0.24996774581195658,-0.07401890157506275,0.013426133181901745,0.0172142774086519,0.03324320278940468,0.019133484225937837
2021_2025,proxy,S7,common,2021,69,34,23.0,0,,0.045190585168361094,0.09987091648644664,0.6086956521739131,0.009832313083625283,0.07019536894585901,-0.15007559559940298,-0.06640354197720442,0.039190585168361096,0.03853170158320224,0.05654479347132944,0.03206789897222251
2021_2025,proxy,S7,common,2022,67,19,25.0,0,,-0.04519637107959596,-0.04870173125335342,0.23880597014925373,-0.01550280440508207,-0.04271524650004586,-0.22251857117337526,-0.07396234292849184,-0.05119637107959596,-0.04837886500368364,-0.053608982255138465,-0.014822303841359104
2021_2025,proxy,S7,common,2023,121,49,27.0,0,,0.009169399521369945,-0.018619938485219475,0.4793388429752066,-0.007747472587134178,0.01137952937257521,-0.16934617497370796,-0.07262582371487009,0.0031693995213699453,0.005850381528153626,0.008278667976378601,-0.009425101044115172
2021_2025,proxy,S7,common,2024,107,48,27.0,0,,0.04754306090227086,0.09827857997042444,0.616822429906542,0.023723282016120947,0.0428614310193878,-0.24996774581195658,-0.0751125622152674,0.04154306090227086,0.04341217598042717,0.03234188869472842,0.02122897600561487
2021_2025,proxy,S7,common,2025,130,56,27.0,0,,0.02546085706882102,0.08083316113723449,0.5846153846153846,0.01727804009284633,0.056466750058235746,-0.24192594627097797,-0.07848651676086191,0.019460857068821023,0.01997759404709415,0.05405513279410684,0.04599378681009967
2021_2025,proxy,S7,ma20_failure,all,551,217,27.0,0,,0.013188276058492897,-0.015224231003958418,0.4537205081669691,0.0028380240560025734,0.02661482785206626,-0.24996774581195658,-0.06171985647981556,0.007188276058492897,0.011832791823640672,0.024327561501356683,0.012729186144794829
2021_2025,proxy,S7,ma20_failure,2021,79,37,23.0,0,,0.03777655725181102,0.003857118334088975,0.5316455696202531,0.01085043224214359,0.0624045169997272,-0.15007559559940298,-0.0492390258237602,0.03177655725181102,0.03151657496758242,0.04967507692734921,0.03241639001809007
2021_2025,proxy,S7,ma20_failure,2022,70,19,25.0,0,,-0.04001403607699226,-0.04013721732663539,0.22857142857142856,-0.014651020251057207,-0.033287211187921176,-0.22251857117337526,-0.06635864670898965,-0.04601403607699226,-0.042983054395647084,-0.04365716720345131,-0.011437673099584164
2021_2025,proxy,S7,ma20_failure,2023,141,55,27.0,0,,0.00231060831643612,-0.018619938485219475,0.3971631205673759,-0.012807258681409885,-0.0016173713731589146,-0.15521948780012107,-0.06239129470963178,-0.00368939168356388,-0.0008979622020362999,-0.0041788690381552255,-0.018428706306899897
2021_2025,proxy,S7,ma20_failure,2024,124,51,27.0,0,,0.031745936661716524,-0.000488429934475506,0.49193548387096775,0.017227652969841432,0.027752567885477957,-0.24996774581195658,-0.05847944524627033,0.025745936661716526,0.028250265864956995,0.018041446317665754,0.015673793220612926
2021_2025,proxy,S7,ma20_failure,2025,137,55,27.0,0,,0.020591844467559343,0.022750682303866347,0.5474452554744526,0.010231627964383478,0.05040876346987889,-0.22822264033703565,-0.06878853172318569,0.014591844467559343,0.017708596411888818,0.04784030168996321,0.03626105716857236
2021_2025,proxy,S7,signal_low_failure,all,531,211,27.0,0,,0.01270303283573749,-0.022324783897862518,0.4613935969868173,0.0020611208034597593,0.02715007637020997,-0.24996774581195658,-0.06726941631697228,0.006703032835737489,0.011110943546498725,0.02480000835480461,0.012408543205607326
2021_2025,proxy,S7,signal_low_failure,2021,75,36,23.0,0,,0.04172293040460856,0.09300003981760918,0.5333333333333333,0.01082175721597412,0.06443102399673235,-0.15007559559940298,-0.05755343555048365,0.03572293040460856,0.035387118643623865,0.051395785836486574,0.03001452256878233
2021_2025,proxy,S7,signal_low_failure,2022,69,19,25.0,0,,-0.04334467471774386,-0.043629878524591326,0.2318840579710145,-0.0164376533216268,-0.039774959771051915,-0.22251857117337526,-0.07089531805032132,-0.049344674717743855,-0.0464063350505076,-0.050505346263422644,-0.014740455682148802
2021_2025,proxy,S7,signal_low_failure,2023,137,52,27.0,0,,5.708440804533154e-05,-0.03050474761151045,0.39416058394160586,-0.013090076180574865,0.0047389963855626665,-0.21663477446409818,-0.06675633027334271,-0.0059429155919546684,-0.0033441021844156905,0.001690332071749927,-0.011626860768951986
2021_2025,proxy,S7,signal_low_failure,2024,111,48,27.0,0,,0.03661343276237095,0.0887152229000574,0.5675675675675675,0.017292838572080374,0.031723424043053776,-0.24996774581195658,-0.06812606201139206,0.030613432762370954,0.033008423045868214,0.02704155964964072,0.015333858580727855
2021_2025,proxy,S7,signal_low_failure,2025,139,56,27.0,0,,0.01823713388798492,0.022750682303866347,0.5179856115107914,0.009286739495461561,0.0427807378529658,-0.22822264033703565,-0.07053356346648468,0.01223713388798492,0.01541725415031742,0.04012028400328654,0.030112857321042408
2021_2025,proxy,S7,half_at6,all,494,206,27.0,0,,0.016289291939479585,0.03142380746136991,0.5263157894736842,0.00536971700062067,0.03124619384551916,-0.24996774581195658,-0.07401890157506275,0.010289291939479585,0.014286184924348688,0.02877773664340765,0.016659848271570295
2021_2025,proxy,S7,half_at6,2021,69,34,23.0,0,,0.04503207892645572,0.08109244788547865,0.6086956521739131,0.01327419669529894,0.06609846130147583,-0.15007559559940298,-0.06640354197720442,0.03903207892645572,0.0375601919715538,0.0523237371104498,0.03282158980576201
2021_2025,proxy,S7,half_at6,2022,67,19,25.0,0,,-0.041281617910222064,-0.041234050776144504,0.23880597014925373,-0.013742322810808685,-0.0403346142060371,-0.22251857117337526,-0.07396234292849184,-0.04728161791022206,-0.044404797392349524,-0.04776445761332361,-0.014836447393012287
2021_2025,proxy,S7,half_at6,2023,121,49,27.0,0,,0.00554045636344042,-0.007269122451898365,0.48760330578512395,-0.00945568624803464,0.007023913726017628,-0.16934617497370796,-0.07262582371487009,-0.00045954363655958,0.002319532860160971,0.004233203897907384,-0.011376875166816448
2021_2025,proxy,S7,half_at6,2024,107,48,27.0,0,,0.03886055522493994,0.08939961769605898,0.6261682242990654,0.01719034023389508,0.03530551017206901,-0.24996774581195658,-0.0751125622152674,0.03286055522493994,0.03439248561659795,0.02462520357406242,0.015676654853232927
2021_2025,proxy,S7,half_at6,2025,130,56,27.0,0,,0.022131465716288358,0.07645346818908755,0.5846153846153846,0.015094060658773717,0.052087315303701746,-0.22822264033703565,-0.07848651676086191,0.01613146571628836,0.017546665737667416,0.04959607195312677,0.042908475736314844
2021_2025,proxy,S7,atr_2r,all,423,188,27.0,0,,0.03778961927710709,-0.02919706268065358,0.46808510638297873,0.018760403231315483,0.05593457249677923,-0.38237838853743633,-0.09186507817905183,0.03178961927710709,0.03545328965105793,0.051807574439446655,0.0340612319813951
2021_2025,proxy,S7,atr_2r,2021,68,33,23.0,0,,0.057245892319258446,0.02464968675881568,0.5,0.017077778046529553,0.07551440089840616,-0.19524066961785214,-0.08162657409024877,0.05124589231925845,0.039672382429303696,0.06160346468881464,0.03288938366174652
2021_2025,proxy,S7,atr_2r,2022,64,19,25.0,0,,-0.0475495938869198,-0.04325496299626985,0.234375,-0.017014657700734945,-0.050569143004402024,-0.24212541089079165,-0.07645252244201475,-0.0535495938869198,-0.05092098788369933,-0.0661433281847777,-0.014519431090879659
2021_2025,proxy,S7,atr_2r,2023,103,46,27.0,0,,0.02790175033663378,-0.032168988071767046,0.46601941747572817,-0.003875565335858879,0.041170309913002814,-0.38237838853743633,-0.08642374253716602,0.02190175033663378,0.019444645049758645,0.025926712246433233,0.00794435209904013
2021_2025,proxy,S7,atr_2r,2024,87,43,27.0,0,,0.09608929997205291,0.14484659342827833,0.5632183908045977,0.05921134342307829,0.08266119506245566,-0.27354173865065823,-0.09632002302760166,0.09008929997205291,0.08993695258676185,0.06492257567780053,0.052539652927299695
2021_2025,proxy,S7,atr_2r,2025,101,47,27.0,0,,0.038631810921066406,0.0026921314119439134,0.5148514851485149,0.030802931725892383,0.07523983985419164,-0.2684833263189492,-0.11023635753053093,0.03263181092106641,0.032362783070934986,0.06647869399011876,0.06317842276514096
