variant,day,equity,cash,positions
S7,2021-01-04,1.0,1.0,0
S7,2021-01-05,1.0,1.0,0
S7,2021-01-06,1.0,1.0,0
S7,2021-01-07,1.0,1.0,0
S7,2021-01-08,1.0,1.0,0
S7,2021-01-11,1.0,1.0,0
S7,2021-01-12,1.0,1.0,0
S7,2021-01-13,1.0,1.0,0
S7,2021-01-14,1.0,1.0,0
S7,2021-01-15,1.0,1.0,0
S7,2021-01-19,1.0,1.0,0
S7,2021-01-20,1.0,1.0,0
S7,2021-01-21,1.0,1.0,0
S7,2021-01-22,1.0,1.0,0
S7,2021-01-25,1.0,1.0,0
S7,2021-01-26,1.0,1.0,0
S7,2021-01-27,1.0,1.0,0
S7,2021-01-28,1.0,1.0,0
S7,2021-01-29,1.0,1.0,0
S7,2021-02-01,1.0,1.0,0
S7,2021-02-02,1.0,1.0,0
S7,2021-02-03,1.0,1.0,0
S7,2021-02-04,1.0,1.0,0
S7,2021-02-05,1.0,1.0,0
S7,2021-02-08,1.0,1.0,0
S7,2021-02-09,1.0,1.0,0
S7,2021-02-10,1.0,1.0,0
S7,2021-02-11,1.0,1.0,0
S7,2021-02-12,1.0,1.0,0
S7,2021-02-16,1.0,1.0,0
S7,2021-02-17,1.0,1.0,0
S7,2021-02-18,1.0,1.0,0
S7,2021-02-19,1.0,1.0,0
S7,2021-02-22,1.0,1.0,0
S7,2021-02-23,1.0,1.0,0
S7,2021-02-24,1.0,1.0,0
S7,2021-02-25,1.0,1.0,0
S7,2021-02-26,1.0,1.0,0
S7,2021-03-01,1.0,1.0,0
S7,2021-03-02,1.0,1.0,0
S7,2021-03-03,1.0,1.0,0
S7,2021-03-04,1.0,1.0,0
S7,2021-03-05,1.0,1.0,0
S7,2021-03-08,0.95619146010546,5.551115123125783e-17,5
S7,2021-03-09,0.9893884959632835,5.551115123125783e-17,5
S7,2021-03-10,0.9815863764140658,5.551115123125783e-17,5
S7,2021-03-11,1.0336361783464327,5.551115123125783e-17,5
S7,2021-03-12,1.031778513188702,5.551115123125783e-17,5
S7,2021-03-15,1.0337530682282523,5.551115123125783e-17,5
S7,2021-03-16,1.041046173070242,5.551115123125783e-17,5
S7,2021-03-17,1.0522542969531807,0.2249553309690228,4
S7,2021-03-18,1.0139973358591503,0.2249553309690228,4
S7,2021-03-19,1.018196316705534,0.02079921522457326,5
S7,2021-03-22,1.0408635823388324,0.02079921522457326,5
S7,2021-03-23,1.0070763545881634,0.02079921522457326,5
S7,2021-03-24,0.9823954903795471,0.02079921522457326,5
S7,2021-03-25,0.98843943940831,0.02079921522457326,5
S7,2021-03-26,1.012374859523446,0.02079921522457326,5
S7,2021-03-29,0.997800430422954,0.02079921522457326,5
S7,2021-03-30,0.993378436250882,0.02079921522457326,5
S7,2021-03-31,0.9983444204382383,0.0,5
S7,2021-04-01,1.0223891235507887,0.0,5
S7,2021-04-05,1.038682561073167,0.0,5
S7,2021-04-06,1.0308963930568107,0.6367073611647055,2
S7,2021-04-07,1.0297032743736718,0.6367073611647055,2
S7,2021-04-08,1.0315905763153783,0.6367073611647055,2
S7,2021-04-09,1.0320252986183451,0.6367073611647055,2
S7,2021-04-12,1.0346930048803822,0.6367073611647055,2
S7,2021-04-13,1.034258853042437,0.6367073611647055,2
S7,2021-04-14,1.034780350321554,0.6367073611647055,2
S7,2021-04-15,1.034061654148722,0.6367073611647055,2
S7,2021-04-16,1.0345825809628173,0.6367073611647055,2
S7,2021-04-19,1.0325425464270221,0.8318366276678323,1
S7,2021-04-20,1.0313494277438835,0.8318366276678323,1
S7,2021-04-21,1.0338441545186416,0.8318366276678323,1
S7,2021-04-22,1.0320653088841474,0.8318366276678323,1
S7,2021-04-23,1.0359267042943447,0.8318366276678323,1
S7,2021-04-26,1.0368378167179708,0.8318366276678323,1
S7,2021-04-27,1.037293372929784,0.8318366276678323,1
S7,2021-04-28,1.0367293438601244,0.8318366276678323,1
S7,2021-04-29,1.0387251352103117,1.0387251352103117,0
S7,2021-04-30,1.0387251352103117,1.0387251352103117,0
S7,2021-05-03,1.0387251352103117,1.0387251352103117,0
S7,2021-05-04,1.0387251352103117,1.0387251352103117,0
S7,2021-05-05,1.0387251352103117,1.0387251352103117,0
S7,2021-05-06,1.0387251352103117,1.0387251352103117,0
S7,2021-05-07,1.0387251352103117,1.0387251352103117,0
S7,2021-05-10,1.0387251352103117,1.0387251352103117,0
S7,2021-05-11,1.0387251352103117,1.0387251352103117,0
S7,2021-05-12,1.0246479124732417,0.6232350811261871,2
S7,2021-05-13,1.021752106956847,0.6232350811261871,2
S7,2021-05-14,1.0444506123021604,0.007132371359422518,5
S7,2021-05-17,1.0458037585530624,0.007132371359422518,5
S7,2021-05-18,1.0477558818812105,0.007132371359422518,5
S7,2021-05-19,1.0471743515565703,0.007132371359422518,5
S7,2021-05-20,1.0655023443426375,0.007132371359422518,5
S7,2021-05-21,1.0544984603013592,0.007132371359422518,5
S7,2021-05-24,1.0757919446283055,0.007132371359422518,5
S7,2021-05-25,1.0682374182232781,0.007132371359422518,5
S7,2021-05-26,1.0834775688271077,0.007132371359422518,5
S7,2021-05-27,1.0980656104713067,0.239012493658544,4
S7,2021-05-28,1.1036267269421107,0.019066516885237195,5
S7,2021-06-01,1.1127837416118749,0.019066516885237195,5
S7,2021-06-02,1.13543889642074,0.019066516885237195,5
S7,2021-06-03,1.1213038447566333,0.041398345599150066,5
S7,2021-06-04,1.1360344215031561,0.041398345599150066,5
S7,2021-06-07,1.1484374172868692,0.041398345599150066,5
S7,2021-06-08,1.1552246256615557,0.041398345599150066,5
S7,2021-06-09,1.1389860954786826,0.041398345599150066,5
S7,2021-06-10,1.1499364754834034,0.041398345599150066,5
S7,2021-06-11,1.1539899470179886,0.27428054294971993,4
S7,2021-06-14,1.1513451379437414,0.7001526246188796,2
S7,2021-06-15,1.1420222718342146,0.7001526246188796,2
S7,2021-06-16,1.1410381047977525,0.7001526246188796,2
S7,2021-06-17,1.1472403842987196,0.7001526246188796,2
S7,2021-06-18,1.144844900883207,0.7001526246188796,2
S7,2021-06-21,1.152005310041395,0.7001526246188796,2
S7,2021-06-22,1.1617942117914457,0.7001526246188796,2
S7,2021-06-23,1.1736288893443767,0.7001526246188796,2
S7,2021-06-24,1.1786011362956197,0.9571113171674912,1
S7,2021-06-25,1.1770599404379576,0.9571113171674912,1
S7,2021-06-28,1.1746380912286782,1.1746380912286782,0
S7,2021-06-29,1.1746380912286782,1.1746380912286782,0
S7,2021-06-30,1.1746380912286782,1.1746380912286782,0
S7,2021-07-01,1.1746380912286782,1.1746380912286782,0
S7,2021-07-02,1.1746380912286782,1.1746380912286782,0
S7,2021-07-06,1.1746380912286782,1.1746380912286782,0
S7,2021-07-07,1.1746380912286782,1.1746380912286782,0
S7,2021-07-08,1.1746380912286782,1.1746380912286782,0
S7,2021-07-09,1.1746380912286782,1.1746380912286782,0
S7,2021-07-12,1.1746380912286782,1.1746380912286782,0
S7,2021-07-13,1.1746380912286782,1.1746380912286782,0
S7,2021-07-14,1.1746380912286782,1.1746380912286782,0
S7,2021-07-15,1.1746380912286782,1.1746380912286782,0
S7,2021-07-16,1.1746380912286782,1.1746380912286782,0
S7,2021-07-19,1.1746380912286782,1.1746380912286782,0
S7,2021-07-20,1.1746380912286782,1.1746380912286782,0
S7,2021-07-21,1.1746380912286782,1.1746380912286782,0
S7,2021-07-22,1.1746380912286782,1.1746380912286782,0
S7,2021-07-23,1.1746380912286782,1.1746380912286782,0
S7,2021-07-26,1.1746380912286782,1.1746380912286782,0
S7,2021-07-27,1.1746380912286782,1.1746380912286782,0
S7,2021-07-28,1.1746380912286782,1.1746380912286782,0
S7,2021-07-29,1.1746380912286782,1.1746380912286782,0
S7,2021-07-30,1.1746380912286782,1.1746380912286782,0
S7,2021-08-02,1.1746380912286782,1.1746380912286782,0
S7,2021-08-03,1.1746380912286782,1.1746380912286782,0
S7,2021-08-04,1.1746380912286782,1.1746380912286782,0
S7,2021-08-05,1.1746380912286782,1.1746380912286782,0
S7,2021-08-06,1.1746380912286782,1.1746380912286782,0
S7,2021-08-09,1.1746380912286782,1.1746380912286782,0
S7,2021-08-10,1.1746380912286782,1.1746380912286782,0
S7,2021-08-11,1.1746380912286782,1.1746380912286782,0
S7,2021-08-12,1.1746380912286782,1.1746380912286782,0
S7,2021-08-13,1.1746380912286782,1.1746380912286782,0
S7,2021-08-16,1.1746380912286782,1.1746380912286782,0
S7,2021-08-17,1.1746380912286782,1.1746380912286782,0
S7,2021-08-18,1.1746380912286782,1.1746380912286782,0
S7,2021-08-19,1.1746380912286782,1.1746380912286782,0
S7,2021-08-20,1.1746380912286782,1.1746380912286782,0
S7,2021-08-23,1.1746380912286782,1.1746380912286782,0
S7,2021-08-24,1.1746380912286782,1.1746380912286782,0
S7,2021-08-25,1.1746380912286782,1.1746380912286782,0
S7,2021-08-26,1.1746380912286782,1.1746380912286782,0
S7,2021-08-27,1.1746380912286782,1.1746380912286782,0
S7,2021-08-30,1.1746380912286782,1.1746380912286782,0
S7,2021-08-31,1.1746380912286782,1.1746380912286782,0
S7,2021-09-01,1.1746380912286782,1.1746380912286782,0
S7,2021-09-02,1.1746380912286782,1.1746380912286782,0
S7,2021-09-03,1.1746380912286782,1.1746380912286782,0
S7,2021-09-07,1.1746380912286782,1.1746380912286782,0
S7,2021-09-08,1.1746380912286782,1.1746380912286782,0
S7,2021-09-09,1.1746380912286782,1.1746380912286782,0
S7,2021-09-10,1.1746380912286782,1.1746380912286782,0
S7,2021-09-13,1.1746380912286782,1.1746380912286782,0
S7,2021-09-14,1.1746380912286782,1.1746380912286782,0
S7,2021-09-15,1.1746380912286782,1.1746380912286782,0
S7,2021-09-16,1.1746380912286782,1.1746380912286782,0
S7,2021-09-17,1.1746380912286782,1.1746380912286782,0
S7,2021-09-20,1.1746380912286782,1.1746380912286782,0
S7,2021-09-21,1.1746380912286782,1.1746380912286782,0
S7,2021-09-22,1.1816913041159465,0.4698552364914714,3
S7,2021-09-23,1.18061617578911,0.4698552364914714,3
S7,2021-09-24,1.1885449493172602,0.4698552364914714,3
S7,2021-09-27,1.2100607219236912,0.4698552364914714,3
S7,2021-09-28,1.1901046924826408,0.4698552364914714,3
S7,2021-09-29,1.174679552017071,0.2323885046795121,4
S7,2021-09-30,1.1646908570079946,0.2212462098376171,4
S7,2021-10-01,1.1902432994164147,0.21239918991462065,4
S7,2021-10-04,1.1623237292387711,0.0,5
S7,2021-10-05,1.1781375759551775,0.0,5
S7,2021-10-06,1.1657959217042926,0.0,5
S7,2021-10-07,1.197822502674251,0.0,5
S7,2021-10-08,1.1762404927446573,0.0,5
S7,2021-10-11,1.2096540319463744,0.0,5
S7,2021-10-12,1.1912637432903708,0.020367514440572165,5
S7,2021-10-13,1.1987835196034349,0.020367514440572165,5
S7,2021-10-14,1.2170008175609617,0.020367514440572165,5
S7,2021-10-15,1.2352601925129432,0.020367514440572165,5
S7,2021-10-18,1.2284774339291764,0.04129530454974206,5
S7,2021-10-19,1.2507304269972428,0.04129530454974206,5
S7,2021-10-20,1.2539175705830328,0.2881764106758575,4
S7,2021-10-21,1.242653865894387,0.2881764106758575,4
S7,2021-10-22,1.2249701846502354,0.2881764106758575,4
S7,2021-10-25,1.2207193987616352,0.04385026206467735,5
S7,2021-10-26,1.226865091922416,0.04385026206467735,5
S7,2021-10-27,1.2314859446891089,0.04385026206467735,5
S7,2021-10-28,1.268220980998,0.04385026206467735,5
S7,2021-10-29,1.2558443348526878,0.2744142458685814,4
S7,2021-11-01,1.2726663208635265,0.4790363461924928,3
S7,2021-11-02,1.28904141981418,0.7638274693828422,2
S7,2021-11-03,1.3034551130941716,0.7638274693828422,2
S7,2021-11-04,1.30776849224275,1.0438038069851165,1
S7,2021-11-05,1.306724773769607,1.0438038069851165,1
S7,2021-11-08,1.310439150215331,1.0438038069851165,1
S7,2021-11-09,1.3118818907360301,1.0438038069851165,1
S7,2021-11-10,1.308752553069681,1.0438038069851165,1
S7,2021-11-11,1.3057464691607614,1.0438038069851165,1
S7,2021-11-12,1.3086445987340056,1.0438038069851165,1
S7,2021-11-15,1.308937477593052,1.308937477593052,0
S7,2021-11-16,1.308937477593052,1.308937477593052,0
S7,2021-11-17,1.308937477593052,1.308937477593052,0
S7,2021-11-18,1.308937477593052,1.308937477593052,0
S7,2021-11-19,1.308937477593052,1.308937477593052,0
S7,2021-11-22,1.308937477593052,1.308937477593052,0
S7,2021-11-23,1.308937477593052,1.308937477593052,0
S7,2021-11-24,1.308937477593052,1.308937477593052,0
S7,2021-11-26,1.308937477593052,1.308937477593052,0
S7,2021-11-29,1.308937477593052,1.308937477593052,0
S7,2021-11-30,1.308937477593052,1.308937477593052,0
S7,2021-12-01,1.308937477593052,1.308937477593052,0
S7,2021-12-02,1.308937477593052,1.308937477593052,0
S7,2021-12-03,1.308937477593052,1.308937477593052,0
S7,2021-12-06,1.3081321863776696,1.0471499820744417,1
S7,2021-12-07,1.3186218245937262,1.0471499820744417,1
S7,2021-12-08,1.3271034518390237,1.0471499820744417,1
S7,2021-12-09,1.3377729051075071,1.0471499820744417,1
S7,2021-12-10,1.348652150225688,1.0471499820744417,1
S7,2021-12-13,1.3482625433235635,1.3482625433235635,0
S7,2021-12-14,1.3482625433235635,1.3482625433235635,0
S7,2021-12-15,1.3482625433235635,1.3482625433235635,0
S7,2021-12-16,1.3482625433235635,1.3482625433235635,0
S7,2021-12-17,1.347345346010823,1.0786100346588507,1
S7,2021-12-20,1.3370569096248945,0.5409672222981419,3
S7,2021-12-21,1.3638356783580887,0.27109853817337903,4
S7,2021-12-22,1.3814973864914952,0.0,5
S7,2021-12-23,1.3878118703045084,0.0,5
S7,2021-12-27,1.428348161688966,0.0,5
S7,2021-12-28,1.4209191976687396,0.3027707388863007,4
S7,2021-12-29,1.4144149006603928,0.3027707388863007,4
S7,2021-12-30,1.4168938425575361,0.3027707388863007,4
S7,2021-12-31,1.4159589625926938,0.3027707388863007,4
S7,2022-01-03,1.4432187923658932,0.3027707388863007,4
S7,2022-01-04,1.4401157370640458,0.3027707388863007,4
S7,2022-01-05,1.426709054229855,0.3027707388863007,4
S7,2022-01-06,1.4089762878335415,0.3027707388863007,4
S7,2022-01-07,1.405912982546448,0.0,5
S7,2022-01-10,1.4337331113008978,0.0,5
S7,2022-01-11,1.4313758895583883,0.0,5
S7,2022-01-12,1.4431498329081414,0.0,5
S7,2022-01-13,1.4246709633164412,0.0,5
S7,2022-01-14,1.4170345151148611,0.0,5
S7,2022-01-18,1.392373129999023,0.011738822409021299,5
S7,2022-01-19,1.3543058384674913,0.29959617666523425,4
S7,2022-01-20,1.3308107564222351,0.287879717514169,4
S7,2022-01-21,1.282675556390128,0.5350922900092271,3
S7,2022-01-24,1.2607436467363873,0.7611165584540376,2
S7,2022-01-25,1.2561620719327111,1.0105028202351671,1
S7,2022-01-26,1.2574103331387163,1.0105028202351671,1
S7,2022-01-27,1.2530101663903697,1.0105028202351671,1
S7,2022-01-28,1.2516526843717528,1.2516526843717528,0
S7,2022-01-31,1.2516526843717528,1.2516526843717528,0
S7,2022-02-01,1.2456659569186763,0.0,5
S7,2022-02-02,1.2625592949997144,0.0,5
S7,2022-02-03,1.1741244152252752,0.0,5
S7,2022-02-04,1.1771234467384584,0.42331818239936453,3
S7,2022-02-07,1.189647051560487,0.23639105516155043,4
S7,2022-02-08,1.2106809507233836,0.0,5
S7,2022-02-09,1.252200337433017,0.0,5
S7,2022-02-10,1.2672350708293185,0.0214234146389351,5
S7,2022-02-11,1.233606130045514,0.0389474027170974,5
S7,2022-02-14,1.2316249701976392,0.9855386497851204,1
S7,2022-02-15,1.2425773616426272,0.9855386497851204,1
S7,2022-02-16,1.243946397904684,0.9855386497851204,1
S7,2022-02-17,1.2381279380492491,0.9855386497851204,1
S7,2022-02-18,1.239496974311306,0.9855386497851204,1
S7,2022-02-22,1.2367589017871923,0.9855386497851204,1
S7,2022-02-23,1.2312827161995517,0.9855386497851204,1
S7,2022-02-24,1.2333362807274901,0.9855386497851204,1
S7,2022-02-25,1.235732119523223,0.9855386497851204,1
S7,2022-02-28,1.232994006459696,0.9855386497851204,1
S7,2022-03-01,1.232309498463521,0.9855386497851204,1
S7,2022-03-02,1.238812466315131,0.9855386497851204,1
S7,2022-03-03,1.2367589017871923,0.9855386497851204,1
S7,2022-03-04,1.2282023694076436,0.9855386497851204,1
S7,2022-03-07,1.2128005543692775,0.9855386497851204,1
S7,2022-03-08,1.2158809259452408,1.2158809259452408,0
S7,2022-03-09,1.2158809259452408,1.2158809259452408,0
S7,2022-03-10,1.2158809259452408,1.2158809259452408,0
S7,2022-03-11,1.2158809259452408,1.2158809259452408,0
S7,2022-03-14,1.2158809259452408,1.2158809259452408,0
S7,2022-03-15,1.2158809259452408,1.2158809259452408,0
S7,2022-03-16,1.2158809259452408,1.2158809259452408,0
S7,2022-03-17,1.2158809259452408,1.2158809259452408,0
S7,2022-03-18,1.2158809259452408,1.2158809259452408,0
S7,2022-03-21,1.2158809259452408,1.2158809259452408,0
S7,2022-03-22,1.2158809259452408,1.2158809259452408,0
S7,2022-03-23,1.2158809259452408,1.2158809259452408,0
S7,2022-03-24,1.2158809259452408,1.2158809259452408,0
S7,2022-03-25,1.209055807583253,0.0,5
S7,2022-03-28,1.2200287608386908,0.0,5
S7,2022-03-29,1.2371542943025164,0.0,5
S7,2022-03-30,1.207359222131461,0.0,5
S7,2022-03-31,1.1765080015346077,0.0,5
S7,2022-04-01,1.18405279406961,1.18405279406961,0
S7,2022-04-04,1.197196824633472,0.710431676441766,2
S7,2022-04-05,1.1550240195330201,0.0,5
S7,2022-04-06,1.1213656358384736,0.0,5
S7,2022-04-07,1.1199276487662588,1.1199276487662588,0
S7,2022-04-08,1.1199276487662588,1.1199276487662588,0
S7,2022-04-11,1.1199276487662588,1.1199276487662588,0
S7,2022-04-12,1.1199276487662588,1.1199276487662588,0
S7,2022-04-13,1.1199276487662588,1.1199276487662588,0
S7,2022-04-14,1.1199276487662588,1.1199276487662588,0
S7,2022-04-18,1.1199276487662588,1.1199276487662588,0
S7,2022-04-19,1.1199276487662588,1.1199276487662588,0
S7,2022-04-20,1.1199276487662588,1.1199276487662588,0
S7,2022-04-21,1.1199276487662588,1.1199276487662588,0
S7,2022-04-22,1.1199276487662588,1.1199276487662588,0
S7,2022-04-25,1.1199276487662588,1.1199276487662588,0
S7,2022-04-26,1.1199276487662588,1.1199276487662588,0
S7,2022-04-27,1.1199276487662588,1.1199276487662588,0
S7,2022-04-28,1.1199276487662588,1.1199276487662588,0
S7,2022-04-29,1.1199276487662588,1.1199276487662588,0
S7,2022-05-02,1.1199276487662588,1.1199276487662588,0
S7,2022-05-03,1.1199276487662588,1.1199276487662588,0
S7,2022-05-04,1.1199276487662588,1.1199276487662588,0
S7,2022-05-05,1.1199276487662588,1.1199276487662588,0
S7,2022-05-06,1.1199276487662588,1.1199276487662588,0
S7,2022-05-09,1.1199276487662588,1.1199276487662588,0
S7,2022-05-10,1.1199276487662588,1.1199276487662588,0
S7,2022-05-11,1.1199276487662588,1.1199276487662588,0
S7,2022-05-12,1.1199276487662588,1.1199276487662588,0
S7,2022-05-13,1.1199276487662588,1.1199276487662588,0
S7,2022-05-16,1.1199276487662588,1.1199276487662588,0
S7,2022-05-17,1.1199276487662588,1.1199276487662588,0
S7,2022-05-18,1.1199276487662588,1.1199276487662588,0
S7,2022-05-19,1.1199276487662588,1.1199276487662588,0
S7,2022-05-20,1.1199276487662588,1.1199276487662588,0
S7,2022-05-23,1.1199276487662588,1.1199276487662588,0
S7,2022-05-24,1.1199276487662588,1.1199276487662588,0
S7,2022-05-25,1.1199276487662588,1.1199276487662588,0
S7,2022-05-26,1.1199276487662588,1.1199276487662588,0
S7,2022-05-27,1.1199276487662588,1.1199276487662588,0
S7,2022-05-31,1.1199276487662588,1.1199276487662588,0
S7,2022-06-01,1.1199276487662588,1.1199276487662588,0
S7,2022-06-02,1.1199276487662588,1.1199276487662588,0
S7,2022-06-03,1.1199276487662588,1.1199276487662588,0
S7,2022-06-06,1.1199276487662588,1.1199276487662588,0
S7,2022-06-07,1.1199276487662588,1.1199276487662588,0
S7,2022-06-08,1.1199276487662588,1.1199276487662588,0
S7,2022-06-09,1.1199276487662588,1.1199276487662588,0
S7,2022-06-10,1.1199276487662588,1.1199276487662588,0
S7,2022-06-13,1.1199276487662588,1.1199276487662588,0
S7,2022-06-14,1.1199276487662588,1.1199276487662588,0
S7,2022-06-15,1.1199276487662588,1.1199276487662588,0
S7,2022-06-16,1.1199276487662588,1.1199276487662588,0
S7,2022-06-17,1.1199276487662588,1.1199276487662588,0
S7,2022-06-21,1.1199276487662588,1.1199276487662588,0
S7,2022-06-22,1.1199276487662588,1.1199276487662588,0
S7,2022-06-23,1.1199276487662588,1.1199276487662588,0
S7,2022-06-24,1.1199276487662588,1.1199276487662588,0
S7,2022-06-27,1.1199276487662588,1.1199276487662588,0
S7,2022-06-28,1.1199276487662588,1.1199276487662588,0
S7,2022-06-29,1.1199276487662588,1.1199276487662588,0
S7,2022-06-30,1.1199276487662588,1.1199276487662588,0
S7,2022-07-01,1.1199276487662588,1.1199276487662588,0
S7,2022-07-05,1.1199276487662588,1.1199276487662588,0
S7,2022-07-06,1.1199276487662588,1.1199276487662588,0
S7,2022-07-07,1.1199276487662588,1.1199276487662588,0
S7,2022-07-08,1.1199276487662588,1.1199276487662588,0
S7,2022-07-11,1.1199276487662588,1.1199276487662588,0
S7,2022-07-12,1.1199276487662588,1.1199276487662588,0
S7,2022-07-13,1.1199276487662588,1.1199276487662588,0
S7,2022-07-14,1.1199276487662588,1.1199276487662588,0
S7,2022-07-15,1.1199276487662588,1.1199276487662588,0
S7,2022-07-18,1.1199276487662588,1.1199276487662588,0
S7,2022-07-19,1.1199276487662588,1.1199276487662588,0
S7,2022-07-20,1.1199276487662588,1.1199276487662588,0
S7,2022-07-21,1.1199276487662588,1.1199276487662588,0
S7,2022-07-22,1.1199276487662588,1.1199276487662588,0
S7,2022-07-25,1.1199276487662588,1.1199276487662588,0
S7,2022-07-26,1.1199276487662588,1.1199276487662588,0
S7,2022-07-27,1.1199276487662588,1.1199276487662588,0
S7,2022-07-28,1.1199276487662588,1.1199276487662588,0
S7,2022-07-29,1.1199276487662588,1.1199276487662588,0
S7,2022-08-01,1.1199276487662588,1.1199276487662588,0
S7,2022-08-02,1.1199276487662588,1.1199276487662588,0
S7,2022-08-03,1.1199276487662588,1.1199276487662588,0
S7,2022-08-04,1.1199276487662588,1.1199276487662588,0
S7,2022-08-05,1.1199276487662588,1.1199276487662588,0
S7,2022-08-08,1.1199276487662588,1.1199276487662588,0
S7,2022-08-09,1.1199276487662588,1.1199276487662588,0
S7,2022-08-10,1.1199276487662588,1.1199276487662588,0
S7,2022-08-11,1.1199276487662588,1.1199276487662588,0
S7,2022-08-12,1.1199276487662588,1.1199276487662588,0
S7,2022-08-15,1.1199276487662588,1.1199276487662588,0
S7,2022-08-16,1.076378978605212,0.0,5
S7,2022-08-17,1.047428987575744,0.0,5
S7,2022-08-18,1.0473260778374671,0.19721277973670984,4
S7,2022-08-19,1.0083917271184217,0.19721277973670984,4
S7,2022-08-22,0.9855178290324875,0.35669194107915203,3
S7,2022-08-23,0.9899136938323103,0.35669194107915203,3
S7,2022-08-24,0.990486314595582,0.35669194107915203,3
S7,2022-08-25,1.002904434635285,0.35669194107915203,3
S7,2022-08-26,0.9738957320276095,0.35669194107915203,3
S7,2022-08-29,0.96823954120608,0.5586160870297385,2
S7,2022-08-30,0.9673055639785375,0.7646737834977522,1
S7,2022-08-31,0.9688141117324546,0.9688141117324546,0
S7,2022-09-01,0.9688141117324546,0.9688141117324546,0
S7,2022-09-02,0.9688141117324546,0.9688141117324546,0
S7,2022-09-06,0.9688141117324546,0.9688141117324546,0
S7,2022-09-07,0.9688141117324546,0.9688141117324546,0
S7,2022-09-08,0.9688141117324546,0.9688141117324546,0
S7,2022-09-09,0.9688141117324546,0.9688141117324546,0
S7,2022-09-12,0.9688141117324546,0.9688141117324546,0
S7,2022-09-13,0.9688141117324546,0.9688141117324546,0
S7,2022-09-14,0.9688141117324546,0.9688141117324546,0
S7,2022-09-15,0.9688141117324546,0.9688141117324546,0
S7,2022-09-16,0.9688141117324546,0.9688141117324546,0
S7,2022-09-19,0.9688141117324546,0.9688141117324546,0
S7,2022-09-20,0.9688141117324546,0.9688141117324546,0
S7,2022-09-21,0.9688141117324546,0.9688141117324546,0
S7,2022-09-22,0.9688141117324546,0.9688141117324546,0
S7,2022-09-23,0.9688141117324546,0.9688141117324546,0
S7,2022-09-26,0.9688141117324546,0.9688141117324546,0
S7,2022-09-27,0.9688141117324546,0.9688141117324546,0
S7,2022-09-28,0.9688141117324546,0.9688141117324546,0
S7,2022-09-29,0.9688141117324546,0.9688141117324546,0
S7,2022-09-30,0.9688141117324546,0.9688141117324546,0
S7,2022-10-03,0.9688141117324546,0.9688141117324546,0
S7,2022-10-04,0.9688141117324546,0.9688141117324546,0
S7,2022-10-05,0.9688141117324546,0.9688141117324546,0
S7,2022-10-06,0.9688141117324546,0.9688141117324546,0
S7,2022-10-07,0.9688141117324546,0.9688141117324546,0
S7,2022-10-10,0.9688141117324546,0.9688141117324546,0
S7,2022-10-11,0.9688141117324546,0.9688141117324546,0
S7,2022-10-12,0.9688141117324546,0.9688141117324546,0
S7,2022-10-13,0.9688141117324546,0.9688141117324546,0
S7,2022-10-14,0.9688141117324546,0.9688141117324546,0
S7,2022-10-17,0.9688141117324546,0.9688141117324546,0
S7,2022-10-18,0.9688141117324546,0.9688141117324546,0
S7,2022-10-19,0.9688141117324546,0.9688141117324546,0
S7,2022-10-20,0.9688141117324546,0.9688141117324546,0
S7,2022-10-21,0.9688141117324546,0.9688141117324546,0
S7,2022-10-24,0.9688141117324546,0.9688141117324546,0
S7,2022-10-25,0.9688141117324546,0.9688141117324546,0
S7,2022-10-26,0.9688141117324546,0.9688141117324546,0
S7,2022-10-27,0.9688141117324546,0.9688141117324546,0
S7,2022-10-28,0.9688141117324546,0.9688141117324546,0
S7,2022-10-31,0.9688141117324546,0.9688141117324546,0
S7,2022-11-01,0.9688141117324546,0.9688141117324546,0
S7,2022-11-02,0.9688141117324546,0.9688141117324546,0
S7,2022-11-03,0.9688141117324546,0.9688141117324546,0
S7,2022-11-04,0.9688141117324546,0.9688141117324546,0
S7,2022-11-07,0.9688141117324546,0.9688141117324546,0
S7,2022-11-08,0.9688141117324546,0.9688141117324546,0
S7,2022-11-09,0.9688141117324546,0.9688141117324546,0
S7,2022-11-10,0.9688141117324546,0.9688141117324546,0
S7,2022-11-11,0.9688141117324546,0.9688141117324546,0
S7,2022-11-14,0.9688141117324546,0.9688141117324546,0
S7,2022-11-15,0.9688141117324546,0.9688141117324546,0
S7,2022-11-16,0.9688141117324546,0.9688141117324546,0
S7,2022-11-17,0.9688141117324546,0.9688141117324546,0
S7,2022-11-18,0.9688141117324546,0.9688141117324546,0
S7,2022-11-21,0.9688141117324546,0.9688141117324546,0
S7,2022-11-22,0.9688141117324546,0.9688141117324546,0
S7,2022-11-23,0.9688141117324546,0.9688141117324546,0
S7,2022-11-25,0.9688141117324546,0.9688141117324546,0
S7,2022-11-28,0.9688141117324546,0.9688141117324546,0
S7,2022-11-29,0.9688141117324546,0.9688141117324546,0
S7,2022-11-30,0.9688141117324546,0.9688141117324546,0
S7,2022-12-01,0.9688141117324546,0.9688141117324546,0
S7,2022-12-02,0.9688141117324546,0.9688141117324546,0
S7,2022-12-05,0.9688141117324546,0.9688141117324546,0
S7,2022-12-06,0.9688141117324546,0.9688141117324546,0
S7,2022-12-07,0.9688141117324546,0.9688141117324546,0
S7,2022-12-08,0.9688141117324546,0.9688141117324546,0
S7,2022-12-09,0.9688141117324546,0.9688141117324546,0
S7,2022-12-12,0.9688141117324546,0.9688141117324546,0
S7,2022-12-13,0.9688141117324546,0.9688141117324546,0
S7,2022-12-14,0.9688141117324546,0.9688141117324546,0
S7,2022-12-15,0.9688141117324546,0.9688141117324546,0
S7,2022-12-16,0.9688141117324546,0.9688141117324546,0
S7,2022-12-19,0.9688141117324546,0.9688141117324546,0
S7,2022-12-20,0.9688141117324546,0.9688141117324546,0
S7,2022-12-21,0.9688141117324546,0.9688141117324546,0
S7,2022-12-22,0.9688141117324546,0.9688141117324546,0
S7,2022-12-23,0.9688141117324546,0.9688141117324546,0
S7,2022-12-27,0.9688141117324546,0.9688141117324546,0
S7,2022-12-28,0.9688141117324546,0.9688141117324546,0
S7,2022-12-29,0.9688141117324546,0.9688141117324546,0
S7,2022-12-30,0.9688141117324546,0.9688141117324546,0
S7,2023-01-03,0.9688141117324546,0.9688141117324546,0
S7,2023-01-04,0.9688141117324546,0.9688141117324546,0
S7,2023-01-05,0.9688141117324546,0.9688141117324546,0
S7,2023-01-06,0.9688141117324546,0.9688141117324546,0
S7,2023-01-09,0.9688141117324546,0.9688141117324546,0
S7,2023-01-10,0.9688141117324546,0.9688141117324546,0
S7,2023-01-11,0.9688141117324546,0.9688141117324546,0
S7,2023-01-12,0.9688141117324546,0.9688141117324546,0
S7,2023-01-13,0.9688141117324546,0.9688141117324546,0
S7,2023-01-17,0.9688141117324546,0.9688141117324546,0
S7,2023-01-18,0.9688141117324546,0.9688141117324546,0
S7,2023-01-19,0.9688141117324546,0.9688141117324546,0
S7,2023-01-20,0.9688141117324546,0.9688141117324546,0
S7,2023-01-23,0.9688141117324546,0.9688141117324546,0
S7,2023-01-24,0.9674966907840119,5.551115123125783e-17,5
S7,2023-01-25,0.9662590487757583,5.551115123125783e-17,5
S7,2023-01-26,0.9707544166425557,5.551115123125783e-17,5
S7,2023-01-27,0.9734974354256147,5.551115123125783e-17,5
S7,2023-01-30,0.9471303047035609,5.551115123125783e-17,5
S7,2023-01-31,0.9634803604201836,5.551115123125783e-17,5
S7,2023-02-01,1.0089577395647304,5.551115123125783e-17,5
S7,2023-02-02,1.0243011058841893,0.01675894531608499,5
S7,2023-02-03,1.0289150380473322,0.01675894531608499,5
S7,2023-02-06,1.0000263358324677,0.037970311624298064,5
S7,2023-02-07,1.0049570653166204,0.037970311624298064,5
S7,2023-02-08,0.9904099336642529,0.01880569576736993,5
S7,2023-02-09,0.9814008508286172,0.01880569576736993,5
S7,2023-02-10,0.9915063113254221,0.01880569576736993,5
S7,2023-02-13,0.9954535114705549,0.01880569576736993,5
S7,2023-02-14,0.999474083429401,0.01880569576736993,5
S7,2023-02-15,1.014567242608778,0.01880569576736993,5
S7,2023-02-16,0.9914353217465283,0.01880569576736993,5
S7,2023-02-17,0.9877034173734784,0.01880569576736993,5
S7,2023-02-21,0.9552922966828727,0.01880569576736993,5
S7,2023-02-22,0.9513046746246815,0.7570574826092862,1
S7,2023-02-23,0.9365734696515717,0.18525979245384513,4
S7,2023-02-24,0.923145127481223,0.18525979245384513,4
S7,2023-02-27,0.9493907853787802,0.18525979245384513,4
S7,2023-02-28,0.941593891526636,0.0,5
S7,2023-03-01,0.9117167648426698,0.0,5
S7,2023-03-02,0.8836047091559857,0.0,5
S7,2023-03-03,0.9108867472881339,0.0,5
S7,2023-03-06,0.9263196435365144,0.0,5
S7,2023-03-07,0.9199086493906377,0.0,5
S7,2023-03-08,0.9179452052860495,0.0,5
S7,2023-03-09,0.8721183128461898,0.0,5
S7,2023-03-10,0.8348280875621623,0.0,5
S7,2023-03-13,0.8312565635135472,0.0,5
S7,2023-03-14,0.8584342123761463,0.0,5
S7,2023-03-15,0.8519516928099644,0.0,5
S7,2023-03-16,0.9047069925661354,0.0,5
S7,2023-03-17,0.8929670288160128,0.03103171410945907,5
S7,2023-03-20,0.9156568976741888,0.03103171410945907,5
S7,2023-03-21,0.9229511139813191,0.21970042949472196,4
S7,2023-03-22,0.9047985294997958,0.03505711069574374,5
S7,2023-03-23,0.9038663210693318,0.03406672216989892,5
S7,2023-03-24,0.9055706857609367,0.03406672216989892,5
S7,2023-03-27,0.9042848382603474,0.03406672216989892,5
S7,2023-03-28,0.9060718272156383,0.03406672216989892,5
S7,2023-03-29,0.9372335675831678,0.03406672216989892,5
S7,2023-03-30,0.9536473769832848,0.013157284139590497,5
S7,2023-03-31,0.9599114253442639,0.013157284139590497,5
S7,2023-04-03,0.9527591799417264,0.013157284139590497,5
S7,2023-04-04,0.9289585758288816,0.013157284139590497,5
S7,2023-04-05,0.9099439592159628,0.013157284139590497,5
S7,2023-04-06,0.908204363273524,0.013157284139590497,5
S7,2023-04-10,0.915246753941217,0.0008161053524199102,5
S7,2023-04-11,0.9133119200153237,0.0008161053524199102,5
S7,2023-04-12,0.9076433163864229,0.0008161053524199102,5
S7,2023-04-13,0.912920310278076,0.0008161053524199102,5
S7,2023-04-14,0.9150193965827667,0.0008161053524199102,5
S7,2023-04-17,0.913518850967524,0.17773336896668562,4
S7,2023-04-18,0.9054580641851808,0.17773336896668562,4
S7,2023-04-19,0.8984833583366295,0.8984833583366295,0
S7,2023-04-20,0.8984833583366295,0.8984833583366295,0
S7,2023-04-21,0.8968883012386996,0.5390900150019777,2
S7,2023-04-24,0.876826013407159,0.0022576682696950345,5
S7,2023-04-25,0.8463787378147547,0.0022576682696950345,5
S7,2023-04-26,0.8506164975129793,0.15891822273572057,4
S7,2023-04-27,0.8618977593811847,0.0,5
S7,2023-04-28,0.8805353443908547,0.0,5
S7,2023-05-01,0.8516799674549106,0.0,5
S7,2023-05-02,0.8412833163280884,0.14312253273197847,4
S7,2023-05-03,0.8389075136012423,0.0,5
S7,2023-05-04,0.8374686852497246,0.0,5
S7,2023-05-05,0.8545267690315647,0.0,5
S7,2023-05-08,0.8607164726258437,0.0,5
S7,2023-05-09,0.8647785165208061,0.0,5
S7,2023-05-10,0.8843979772114149,0.0,5
S7,2023-05-11,0.8961978254624358,0.0,5
S7,2023-05-12,0.896811896101519,0.0,5
S7,2023-05-15,0.9243592073679807,0.0,5
S7,2023-05-16,0.9209440147918856,0.20508973924248078,4
S7,2023-05-17,0.9381340307926428,0.40806417594877076,3
S7,2023-05-18,0.9492913418415057,0.6085171055596336,2
S7,2023-05-19,0.9489145878117015,0.806287052482154,1
S7,2023-05-22,0.9489391698907499,0.806287052482154,1
S7,2023-05-23,0.9466295978127074,0.806287052482154,1
S7,2023-05-24,0.9440169983405595,0.806287052482154,1
S7,2023-05-25,0.9512077761679257,0.806287052482154,1
S7,2023-05-26,0.9557204326285131,0.806287052482154,1
S7,2023-05-30,0.9551880850995211,0.806287052482154,1
S7,2023-05-31,0.9503478191657797,0.806287052482154,1
S7,2023-06-01,0.9508474157811881,0.9508474157811881,0
S7,2023-06-02,0.9508474157811881,0.9508474157811881,0
S7,2023-06-05,0.9508474157811881,0.9508474157811881,0
S7,2023-06-06,0.9508474157811881,0.9508474157811881,0
S7,2023-06-07,0.9508474157811881,0.9508474157811881,0
S7,2023-06-08,0.9508474157811881,0.9508474157811881,0
S7,2023-06-09,0.9508474157811881,0.9508474157811881,0
S7,2023-06-12,0.9508474157811881,0.9508474157811881,0
S7,2023-06-13,0.9508474157811881,0.9508474157811881,0
S7,2023-06-14,0.9508474157811881,0.9508474157811881,0
S7,2023-06-15,0.9508474157811881,0.9508474157811881,0
S7,2023-06-16,0.9508474157811881,0.9508474157811881,0
S7,2023-06-20,0.9508474157811881,0.9508474157811881,0
S7,2023-06-21,0.9508474157811881,0.9508474157811881,0
S7,2023-06-22,0.9508474157811881,0.9508474157811881,0
S7,2023-06-23,0.9508474157811881,0.9508474157811881,0
S7,2023-06-26,0.9508474157811881,0.9508474157811881,0
S7,2023-06-27,0.9508474157811881,0.9508474157811881,0
S7,2023-06-28,0.9508474157811881,0.9508474157811881,0
S7,2023-06-29,0.9508474157811881,0.9508474157811881,0
S7,2023-06-30,0.9508474157811881,0.9508474157811881,0
S7,2023-07-03,0.9508474157811881,0.9508474157811881,0
S7,2023-07-05,0.9508474157811881,0.9508474157811881,0
S7,2023-07-06,0.9508474157811881,0.9508474157811881,0
S7,2023-07-07,0.9508474157811881,0.9508474157811881,0
S7,2023-07-10,0.9508474157811881,0.9508474157811881,0
S7,2023-07-11,0.9508474157811881,0.9508474157811881,0
S7,2023-07-12,0.9508474157811881,0.9508474157811881,0
S7,2023-07-13,0.9508474157811881,0.9508474157811881,0
S7,2023-07-14,0.9508474157811881,0.9508474157811881,0
S7,2023-07-17,0.9508474157811881,0.9508474157811881,0
S7,2023-07-18,0.9508474157811881,0.9508474157811881,0
S7,2023-07-19,0.9508474157811881,0.9508474157811881,0
S7,2023-07-20,0.9508474157811881,0.9508474157811881,0
S7,2023-07-21,0.9508474157811881,0.9508474157811881,0
S7,2023-07-24,0.9508474157811881,0.9508474157811881,0
S7,2023-07-25,0.9508474157811881,0.9508474157811881,0
S7,2023-07-26,0.9508474157811881,0.9508474157811881,0
S7,2023-07-27,0.9508474157811881,0.9508474157811881,0
S7,2023-07-28,0.9508474157811881,0.9508474157811881,0
S7,2023-07-31,0.9508474157811881,0.9508474157811881,0
S7,2023-08-01,0.9508474157811881,0.9508474157811881,0
S7,2023-08-02,0.9508474157811881,0.9508474157811881,0
S7,2023-08-03,0.9508474157811881,0.9508474157811881,0
S7,2023-08-04,0.9508474157811881,0.9508474157811881,0
S7,2023-08-07,0.9508474157811881,0.9508474157811881,0
S7,2023-08-08,0.9508474157811881,0.9508474157811881,0
S7,2023-08-09,0.9508474157811881,0.9508474157811881,0
S7,2023-08-10,0.9508474157811881,0.9508474157811881,0
S7,2023-08-11,0.9508474157811881,0.9508474157811881,0
S7,2023-08-14,0.9508474157811881,0.9508474157811881,0
S7,2023-08-15,0.9508474157811881,0.9508474157811881,0
S7,2023-08-16,0.9508474157811881,0.9508474157811881,0
S7,2023-08-17,0.9508474157811881,0.9508474157811881,0
S7,2023-08-18,0.9508474157811881,0.9508474157811881,0
S7,2023-08-21,0.9508474157811881,0.9508474157811881,0
S7,2023-08-22,0.9508474157811881,0.9508474157811881,0
S7,2023-08-23,0.9508474157811881,0.9508474157811881,0
S7,2023-08-24,0.9508474157811881,0.9508474157811881,0
S7,2023-08-25,0.9508474157811881,0.9508474157811881,0
S7,2023-08-28,0.9508474157811881,0.9508474157811881,0
S7,2023-08-29,0.9508474157811881,0.9508474157811881,0
S7,2023-08-30,0.9508474157811881,0.9508474157811881,0
S7,2023-08-31,0.9508474157811881,0.9508474157811881,0
S7,2023-09-01,0.9508474157811881,0.9508474157811881,0
S7,2023-09-05,0.9508474157811881,0.9508474157811881,0
S7,2023-09-06,0.9508474157811881,0.9508474157811881,0
S7,2023-09-07,0.9508474157811881,0.9508474157811881,0
S7,2023-09-08,0.9508474157811881,0.9508474157811881,0
S7,2023-09-11,0.9508474157811881,0.9508474157811881,0
S7,2023-09-12,0.9508474157811881,0.9508474157811881,0
S7,2023-09-13,0.9508474157811881,0.9508474157811881,0
S7,2023-09-14,0.9508474157811881,0.9508474157811881,0
S7,2023-09-15,0.9508474157811881,0.9508474157811881,0
S7,2023-09-18,0.9508474157811881,0.9508474157811881,0
S7,2023-09-19,0.9508474157811881,0.9508474157811881,0
S7,2023-09-20,0.9508474157811881,0.9508474157811881,0
S7,2023-09-21,0.9508474157811881,0.9508474157811881,0
S7,2023-09-22,0.9508474157811881,0.9508474157811881,0
S7,2023-09-25,0.9508474157811881,0.9508474157811881,0
S7,2023-09-26,0.9508474157811881,0.9508474157811881,0
S7,2023-09-27,0.9508474157811881,0.9508474157811881,0
S7,2023-09-28,0.9472316803183194,0.5705084494687129,2
S7,2023-09-29,0.9409480255292968,0.0,5
S7,2023-10-02,0.9579069663841266,0.0,5
S7,2023-10-03,0.9295894643142173,0.0,5
S7,2023-10-04,0.9468428612258724,0.0,5
S7,2023-10-05,0.9470031753893208,0.0,5
S7,2023-10-06,0.9729623842993724,0.0,5
S7,2023-10-09,0.9625917547702407,0.0,5
S7,2023-10-10,0.9714161194123538,0.0,5
S7,2023-10-11,0.9753661420959804,0.0,5
S7,2023-10-12,0.9571014640712733,0.0,5
S7,2023-10-13,0.9476619715522987,0.0,5
S7,2023-10-16,0.9770887081596953,0.0,5
S7,2023-10-17,0.9874469351138495,0.0,5
S7,2023-10-18,0.9762984315709782,0.21753039123657913,4
S7,2023-10-19,0.9571803784913513,0.21753039123657913,4
S7,2023-10-20,0.9519881914159771,0.3844978135184748,3
S7,2023-10-23,0.9520655760227964,0.3844978135184748,3
S7,2023-10-24,0.9476381658813018,0.0011894271553876123,5
S7,2023-10-25,0.915700765760648,0.0,5
S7,2023-10-26,0.9076277931991461,0.19626421947691636,4
S7,2023-10-27,0.9122943084697273,0.37129511882697624,3
S7,2023-10-30,0.9156932831390705,0.00552648683535889,5
S7,2023-10-31,0.9224901063372757,0.18262656005904038,4
S7,2023-11-01,0.9483606046673416,0.0,5
S7,2023-11-02,0.9726362593232909,0.0,5
S7,2023-11-03,0.9947502783306301,0.016183272175250896,5
S7,2023-11-06,0.9867607404742682,0.016183272175250896,5
S7,2023-11-07,0.9973230267240063,0.016183272175250896,5
S7,2023-11-08,0.9790059370508839,0.016183272175250896,5
S7,2023-11-09,0.9933109019692669,0.2096586465986162,4
S7,2023-11-10,1.0215335798360548,0.2096586465986162,4
S7,2023-11-13,1.0135524374497975,0.41653381294160097,3
S7,2023-11-14,1.029932130082079,0.41653381294160097,3
S7,2023-11-15,1.034677315699433,0.6329432939116402,2
S7,2023-11-16,1.0369086493644502,0.844188870031867,1
S7,2023-11-17,1.0375743537287136,0.844188870031867,1
S7,2023-11-20,1.0366312382763478,0.844188870031867,1
S7,2023-11-21,1.035521745431906,0.844188870031867,1
S7,2023-11-22,1.0372969642846066,0.844188870031867,1
S7,2023-11-24,1.0375743537287136,0.844188870031867,1
S7,2023-11-27,1.041901399630432,0.844188870031867,1
S7,2023-11-28,1.0395714668215035,0.844188870031867,1
S7,2023-11-29,1.0411802147720024,1.0411802147720024,0
S7,2023-11-30,1.0411802147720024,1.0411802147720024,0
S7,2023-12-01,1.0411802147720024,1.0411802147720024,0
S7,2023-12-04,1.0411802147720024,1.0411802147720024,0
S7,2023-12-05,1.0411802147720024,1.0411802147720024,0
S7,2023-12-06,1.0411802147720024,1.0411802147720024,0
S7,2023-12-07,1.0411802147720024,1.0411802147720024,0
S7,2023-12-08,1.0411802147720024,1.0411802147720024,0
S7,2023-12-11,1.0411802147720024,1.0411802147720024,0
S7,2023-12-12,1.0411802147720024,1.0411802147720024,0
S7,2023-12-13,1.0411802147720024,1.0411802147720024,0
S7,2023-12-14,1.0411802147720024,1.0411802147720024,0
S7,2023-12-15,1.0411802147720024,1.0411802147720024,0
S7,2023-12-18,1.0411802147720024,1.0411802147720024,0
S7,2023-12-19,1.0411802147720024,1.0411802147720024,0
S7,2023-12-20,1.0411802147720024,1.0411802147720024,0
S7,2023-12-21,1.0411802147720024,1.0411802147720024,0
S7,2023-12-22,1.0411802147720024,1.0411802147720024,0
S7,2023-12-26,1.0411802147720024,1.0411802147720024,0
S7,2023-12-27,1.0411802147720024,1.0411802147720024,0
S7,2023-12-28,1.0411802147720024,1.0411802147720024,0
S7,2023-12-29,1.0411802147720024,1.0411802147720024,0
S7,2024-01-02,1.0411802147720024,1.0411802147720024,0
S7,2024-01-03,1.0411802147720024,1.0411802147720024,0
S7,2024-01-04,1.0411802147720024,1.0411802147720024,0
S7,2024-01-05,1.0411802147720024,1.0411802147720024,0
S7,2024-01-08,1.0411802147720024,1.0411802147720024,0
S7,2024-01-09,1.0411802147720024,1.0411802147720024,0
S7,2024-01-10,1.0411802147720024,1.0411802147720024,0
S7,2024-01-11,1.0411802147720024,1.0411802147720024,0
S7,2024-01-12,1.0411802147720024,1.0411802147720024,0
S7,2024-01-16,1.0411802147720024,1.0411802147720024,0
S7,2024-01-17,1.0411802147720024,1.0411802147720024,0
S7,2024-01-18,1.0411802147720024,1.0411802147720024,0
S7,2024-01-19,1.0411802147720024,1.0411802147720024,0
S7,2024-01-22,1.0411802147720024,1.0411802147720024,0
S7,2024-01-23,1.0411802147720024,1.0411802147720024,0
S7,2024-01-24,1.0411802147720024,1.0411802147720024,0
S7,2024-01-25,1.0411802147720024,1.0411802147720024,0
S7,2024-01-26,1.0411802147720024,1.0411802147720024,0
S7,2024-01-29,1.0411802147720024,1.0411802147720024,0
S7,2024-01-30,1.0411802147720024,1.0411802147720024,0
S7,2024-01-31,1.0411802147720024,1.0411802147720024,0
S7,2024-02-01,1.0411802147720024,1.0411802147720024,0
S7,2024-02-02,1.0411802147720024,1.0411802147720024,0
S7,2024-02-05,1.0411802147720024,1.0411802147720024,0
S7,2024-02-06,1.0411802147720024,1.0411802147720024,0
S7,2024-02-07,1.0411802147720024,1.0411802147720024,0
S7,2024-02-08,1.0411802147720024,1.0411802147720024,0
S7,2024-02-09,1.0411802147720024,1.0411802147720024,0
S7,2024-02-12,1.0411802147720024,1.0411802147720024,0
S7,2024-02-13,1.0411802147720024,1.0411802147720024,0
S7,2024-02-14,1.0411802147720024,1.0411802147720024,0
S7,2024-02-15,1.0411802147720024,1.0411802147720024,0
S7,2024-02-16,1.0411802147720024,1.0411802147720024,0
S7,2024-02-20,1.0411802147720024,1.0411802147720024,0
S7,2024-02-21,1.0411802147720024,1.0411802147720024,0
S7,2024-02-22,1.0411802147720024,1.0411802147720024,0
S7,2024-02-23,1.0411802147720024,1.0411802147720024,0
S7,2024-02-26,1.0411802147720024,1.0411802147720024,0
S7,2024-02-27,1.0411802147720024,1.0411802147720024,0
S7,2024-02-28,1.0411802147720024,1.0411802147720024,0
S7,2024-02-29,1.0411802147720024,1.0411802147720024,0
S7,2024-03-01,1.0411802147720024,1.0411802147720024,0
S7,2024-03-04,1.0411802147720024,1.0411802147720024,0
S7,2024-03-05,1.0411802147720024,1.0411802147720024,0
S7,2024-03-06,1.0411802147720024,1.0411802147720024,0
S7,2024-03-07,1.0411802147720024,1.0411802147720024,0
S7,2024-03-08,1.0411802147720024,1.0411802147720024,0
S7,2024-03-11,1.0411802147720024,1.0411802147720024,0
S7,2024-03-12,1.0411802147720024,1.0411802147720024,0
S7,2024-03-13,1.0411802147720024,1.0411802147720024,0
S7,2024-03-14,1.0411802147720024,1.0411802147720024,0
S7,2024-03-15,1.0411802147720024,1.0411802147720024,0
S7,2024-03-18,1.0411802147720024,1.0411802147720024,0
S7,2024-03-19,1.0411802147720024,1.0411802147720024,0
S7,2024-03-20,1.0411802147720024,1.0411802147720024,0
S7,2024-03-21,1.0411802147720024,1.0411802147720024,0
S7,2024-03-22,1.0411802147720024,1.0411802147720024,0
S7,2024-03-25,1.0411802147720024,1.0411802147720024,0
S7,2024-03-26,1.0411802147720024,1.0411802147720024,0
S7,2024-03-27,1.0411802147720024,1.0411802147720024,0
S7,2024-03-28,1.0411802147720024,1.0411802147720024,0
S7,2024-04-01,1.0411802147720024,1.0411802147720024,0
S7,2024-04-02,1.0411802147720024,1.0411802147720024,0
S7,2024-04-03,1.0411802147720024,1.0411802147720024,0
S7,2024-04-04,1.0411802147720024,1.0411802147720024,0
S7,2024-04-05,1.0411802147720024,1.0411802147720024,0
S7,2024-04-08,1.0411802147720024,1.0411802147720024,0
S7,2024-04-09,1.0411802147720024,1.0411802147720024,0
S7,2024-04-10,1.0411802147720024,1.0411802147720024,0
S7,2024-04-11,1.0411802147720024,1.0411802147720024,0
S7,2024-04-12,1.0411802147720024,1.0411802147720024,0
S7,2024-04-15,1.0411802147720024,1.0411802147720024,0
S7,2024-04-16,1.0411802147720024,1.0411802147720024,0
S7,2024-04-17,1.0411802147720024,1.0411802147720024,0
S7,2024-04-18,1.0642903529719123,0.6247081288632015,2
S7,2024-04-19,1.090391236702609,0.6247081288632015,2
S7,2024-04-22,1.1414757956614288,0.8704827591901789,1
S7,2024-04-23,1.1364473037888456,0.22722544795076316,4
S7,2024-04-24,1.1242771247574224,0.0,5
S7,2024-04-25,1.110435264263926,0.0,5
S7,2024-04-26,1.1294438601918837,0.0,5
S7,2024-04-29,1.1181187876992715,0.0,5
S7,2024-04-30,1.0970932530035877,0.18887598096990932,4
S7,2024-05-01,1.1077023707901534,0.18887598096990932,4
S7,2024-05-02,1.122641190564912,0.0,5
S7,2024-05-03,1.1459757020598187,0.0,5
S7,2024-05-06,1.162943180236503,0.2606917561990935,4
S7,2024-05-07,1.1382536465673927,0.2606917561990935,4
S7,2024-05-08,1.1338222607079187,0.4627074790383118,3
S7,2024-05-09,1.1438681486025564,0.4627074790383118,3
S7,2024-05-10,1.139947485794409,0.4627074790383118,3
S7,2024-05-13,1.136738575799427,0.4627074790383118,3
S7,2024-05-14,1.1687612200238977,0.4627074790383118,3
S7,2024-05-15,1.1647273874556576,0.7196508086819859,2
S7,2024-05-16,1.30186028509035,0.7196508086819859,2
S7,2024-05-17,1.310321487159937,1.0564630940806858,1
S7,2024-05-20,1.3105089393414409,1.3105089393414409,0
S7,2024-05-21,1.3105089393414409,1.3105089393414409,0
S7,2024-05-22,1.3105089393414409,1.3105089393414409,0
S7,2024-05-23,1.3105089393414409,1.3105089393414409,0
S7,2024-05-24,1.3105089393414409,1.3105089393414409,0
S7,2024-05-28,1.3105089393414409,1.3105089393414409,0
S7,2024-05-29,1.3105089393414409,1.3105089393414409,0
S7,2024-05-30,1.3105089393414409,1.3105089393414409,0
S7,2024-05-31,1.3105089393414409,1.3105089393414409,0
S7,2024-06-03,1.3105089393414409,1.3105089393414409,0
S7,2024-06-04,1.3105089393414409,1.3105089393414409,0
S7,2024-06-05,1.3105089393414409,1.3105089393414409,0
S7,2024-06-06,1.3105089393414409,1.3105089393414409,0
S7,2024-06-07,1.3105089393414409,1.3105089393414409,0
S7,2024-06-10,1.3105089393414409,1.3105089393414409,0
S7,2024-06-11,1.3105089393414409,1.3105089393414409,0
S7,2024-06-12,1.3105089393414409,1.3105089393414409,0
S7,2024-06-13,1.3105089393414409,1.3105089393414409,0
S7,2024-06-14,1.3105089393414409,1.3105089393414409,0
S7,2024-06-17,1.3105089393414409,1.3105089393414409,0
S7,2024-06-18,1.3105089393414409,1.3105089393414409,0
S7,2024-06-20,1.3105089393414409,1.3105089393414409,0
S7,2024-06-21,1.3105089393414409,1.3105089393414409,0
S7,2024-06-24,1.3105089393414409,1.3105089393414409,0
S7,2024-06-25,1.3105089393414409,1.3105089393414409,0
S7,2024-06-26,1.3105089393414409,1.3105089393414409,0
S7,2024-06-27,1.3105089393414409,1.3105089393414409,0
S7,2024-06-28,1.3105089393414409,1.3105089393414409,0
S7,2024-07-01,1.3105089393414409,1.3105089393414409,0
S7,2024-07-02,1.3105089393414409,1.3105089393414409,0
S7,2024-07-03,1.3105089393414409,1.3105089393414409,0
S7,2024-07-05,1.3105089393414409,1.3105089393414409,0
S7,2024-07-08,1.3105089393414409,1.3105089393414409,0
S7,2024-07-09,1.3105089393414409,1.3105089393414409,0
S7,2024-07-10,1.3105089393414409,1.3105089393414409,0
S7,2024-07-11,1.3105089393414409,1.3105089393414409,0
S7,2024-07-12,1.3105089393414409,1.3105089393414409,0
S7,2024-07-15,1.3105089393414409,1.3105089393414409,0
S7,2024-07-16,1.3105089393414409,1.3105089393414409,0
S7,2024-07-17,1.3105089393414409,1.3105089393414409,0
S7,2024-07-18,1.3105089393414409,1.3105089393414409,0
S7,2024-07-19,1.3105089393414409,1.3105089393414409,0
S7,2024-07-22,1.3105089393414409,1.3105089393414409,0
S7,2024-07-23,1.3105089393414409,1.3105089393414409,0
S7,2024-07-24,1.3105089393414409,1.3105089393414409,0
S7,2024-07-25,1.3105089393414409,1.3105089393414409,0
S7,2024-07-26,1.318158799089812,0.2621017878682882,4
S7,2024-07-29,1.2865562492272562,0.2621017878682882,4
S7,2024-07-30,1.273557140443558,0.00431857793410495,5
S7,2024-07-31,1.313258338128335,0.00431857793410495,5
S7,2024-08-01,1.2264854564547938,0.00431857793410495,5
S7,2024-08-02,1.1618815443739299,0.21885708251411634,4
S7,2024-08-05,1.101004976575634,0.8399495032297741,1
S7,2024-08-06,1.0757966984686314,0.6188965096464019,2
S7,2024-08-07,1.033550861075256,0.39289344734695647,3
S7,2024-08-08,1.0487154436884492,0.8007127317840743,1
S7,2024-08-09,1.0477966755446206,0.0,5
S7,2024-08-12,1.0377560097444105,0.0,5
S7,2024-08-13,1.054614367832288,0.19357692056293038,4
S7,2024-08-14,1.042830257384441,0.0,5
S7,2024-08-15,1.064319314076779,0.0,5
S7,2024-08-16,1.0742889488612979,0.0,5
S7,2024-08-19,1.0799290539396615,0.0,5
S7,2024-08-20,1.0738754718059809,0.0,5
S7,2024-08-21,1.0862776334205169,0.0,5
S7,2024-08-22,1.0565064009956981,0.0,5
S7,2024-08-23,1.09125092040635,0.03543865115567649,5
S7,2024-08-26,1.0866637392550398,0.03543865115567649,5
S7,2024-08-27,1.0772818775858068,0.03543865115567649,5
S7,2024-08-28,1.0586962992763607,0.03543865115567649,5
S7,2024-08-29,1.059339247994127,0.03543865115567649,5
S7,2024-08-30,1.076034529685599,0.03543865115567649,5
S7,2024-09-03,0.9934924705391758,0.03543865115567649,5
S7,2024-09-04,0.9976951442228337,0.20196931116507247,4
S7,2024-09-05,0.9707625288812531,0.005431988512989955,5
S7,2024-09-06,0.9432641214230825,0.0,5
S7,2024-09-09,0.9581917128712173,0.5959252752886438,2
S7,2024-09-10,0.9629839487868084,0.40374035112561685,3
S7,2024-09-11,0.9873547788050969,0.01770772245122537,5
S7,2024-09-12,0.9912357665886926,0.01770772245122537,5
S7,2024-09-13,1.0207921628995453,0.01770772245122537,5
S7,2024-09-16,1.0315262759562591,0.04749203848147776,5
S7,2024-09-17,1.0471009867122931,0.04749203848147776,5
S7,2024-09-18,1.0369380354675974,0.04749203848147776,5
S7,2024-09-19,1.0656666447974636,0.04749203848147776,5
S7,2024-09-20,1.0928232521721615,0.04749203848147776,5
S7,2024-09-23,1.117468996434041,0.08797084065081093,5
S7,2024-09-24,1.1434052063757663,0.08352432165694681,5
S7,2024-09-25,1.1303400654079474,0.3149506264987032,4
S7,2024-09-26,1.1557498402875128,0.3149506264987032,4
S7,2024-09-27,1.15768656603588,0.3149506264987032,4
S7,2024-09-30,1.1268694334654354,0.08431509874826809,5
S7,2024-10-01,1.1175215380580128,0.2950626400385382,4
S7,2024-10-02,1.1128188939227375,0.07106047427988782,5
S7,2024-10-03,1.1184011357680181,0.07106047427988782,5
S7,2024-10-04,1.1295748530763308,0.03690355962998543,5
S7,2024-10-07,1.112255968136019,0.03690355962998543,5
S7,2024-10-08,1.1178242162875136,0.03690355962998543,5
S7,2024-10-09,1.1167325411829507,0.019473886597424273,5
S7,2024-10-10,1.1144504781841376,0.019473886597424273,5
S7,2024-10-11,1.1118477217825775,0.019473886597424273,5
S7,2024-10-14,1.114773865780455,0.22071647967668542,4
S7,2024-10-15,1.0904732346086508,0.22071647967668542,4
S7,2024-10-16,1.1018140798385487,0.000538789698849601,5
S7,2024-10-17,1.0805774332800804,0.000538789698849601,5
S7,2024-10-18,1.1015095344970618,0.0,5
S7,2024-10-21,1.1176473611881848,0.204661479524543,4
S7,2024-10-22,1.1029298322491967,0.204661479524543,4
S7,2024-10-23,1.077812519740865,0.204661479524543,4
S7,2024-10-24,1.101866742349863,0.41531545533894443,3
S7,2024-10-25,1.107399811422907,0.005436530998818301,5
S7,2024-10-28,1.12702432351766,0.011574462396885893,5
S7,2024-10-29,1.1242699598648052,0.011574462396885893,5
S7,2024-10-30,1.0863533804870205,0.011574462396885893,5
S7,2024-10-31,1.0379291260819286,0.011574462396885893,5
S7,2024-11-01,1.0505261265505963,0.20957893321787796,4
S7,2024-11-04,1.046328206619934,0.0,5
S7,2024-11-05,1.068951622319568,0.0,5
S7,2024-11-06,1.2515246345218518,0.0,5
S7,2024-11-07,1.2914227560567517,0.401685814592064,4
S7,2024-11-08,1.2830863183847492,0.6380664668756186,3
S7,2024-11-11,1.2906025320704761,0.6380664668756186,3
S7,2024-11-12,1.300603975443802,0.6380664668756186,3
S7,2024-11-13,1.304443288536004,0.8924373937830876,2
S7,2024-11-14,1.2997997454458572,0.8924373937830876,2
S7,2024-11-15,1.2799994112435416,0.8924373937830876,2
S7,2024-11-18,1.283277610266317,0.6372262582188734,3
S7,2024-11-19,1.3058686737378347,0.12492758997863251,5
S7,2024-11-20,1.296048189228714,0.12492758997863251,5
S7,2024-11-21,1.294150526501288,0.12492758997863251,5
S7,2024-11-22,1.290416161399599,0.12492758997863251,5
S7,2024-11-25,1.2935427576092997,0.12492758997863251,5
S7,2024-11-26,1.2708582177341032,0.12492758997863251,5
S7,2024-11-27,1.2901724877937513,0.12492758997863251,5
S7,2024-11-29,1.316894343558595,0.12492758997863251,5
S7,2024-12-02,1.2967940030844973,0.344046156090291,4
S7,2024-12-03,1.2945975248102077,0.344046156090291,4
S7,2024-12-04,1.3259647833421195,0.344046156090291,4
S7,2024-12-05,1.3299258733503059,1.068966692060769,1
S7,2024-12-06,1.3437951934433423,1.068966692060769,1
S7,2024-12-09,1.342891950896546,1.068966692060769,1
S7,2024-12-10,1.3319772096418885,1.068966692060769,1
S7,2024-12-11,1.3494132484094234,1.068966692060769,1
S7,2024-12-12,1.3455249952813892,1.068966692060769,1
S7,2024-12-13,1.4130954713489674,1.068966692060769,1
S7,2024-12-16,1.4237958922772558,1.4237958922772558,0
S7,2024-12-17,1.4237958922772558,1.4237958922772558,0
S7,2024-12-18,1.4237958922772558,1.4237958922772558,0
S7,2024-12-19,1.4237958922772558,1.4237958922772558,0
S7,2024-12-20,1.4237958922772558,1.4237958922772558,0
S7,2024-12-23,1.4237958922772558,1.4237958922772558,0
S7,2024-12-24,1.4237958922772558,1.4237958922772558,0
S7,2024-12-26,1.4237958922772558,1.4237958922772558,0
S7,2024-12-27,1.4237958922772558,1.4237958922772558,0
S7,2024-12-30,1.4237958922772558,1.4237958922772558,0
S7,2024-12-31,1.4049269846915204,0.8542775353663535,2
S7,2025-01-02,1.4093670932339646,0.5711795712354031,3
S7,2025-01-03,1.5078913943475305,0.0018605550096467693,5
S7,2025-01-06,1.5736253629916135,0.0018605550096467693,5
S7,2025-01-07,1.5313985808846453,0.3391938944987854,4
S7,2025-01-08,1.4874111150290839,0.3391938944987854,4
S7,2025-01-10,1.4851121757247594,0.044322088885505095,5
S7,2025-01-13,1.4415391452016297,0.044322088885505095,5
S7,2025-01-14,1.47311286918048,0.017523991285509133,5
S7,2025-01-15,1.5112970514973942,0.017523991285509133,5
S7,2025-01-16,1.5087400795393995,0.017523991285509133,5
S7,2025-01-17,1.534209289522631,0.02431178548678037,5
S7,2025-01-21,1.56515696769824,0.36662879784632896,4
S7,2025-01-22,1.6073638495952673,0.36662879784632896,4
S7,2025-01-23,1.5986838884147394,0.36662879784632896,4
S7,2025-01-24,1.5917307727030803,0.7071092380097066,3
S7,2025-01-27,1.4862514250450527,0.7071092380097066,3
S7,2025-01-28,1.4956260177112686,1.4956260177112686,0
S7,2025-01-29,1.4884032363547934,0.8973756106267611,2
S7,2025-01-30,1.5366282314629682,0.5953920640826558,3
S7,2025-01-31,1.4982442724414462,0.0,5
S7,2025-02-03,1.4857004117876857,0.0,5
S7,2025-02-04,1.5144215992031753,0.0,5
S7,2025-02-05,1.4948061663121759,0.0,5
S7,2025-02-06,1.502762168149382,0.0,5
S7,2025-02-07,1.4734874828705038,0.0,5
S7,2025-02-10,1.4923910037232058,0.0,5
S7,2025-02-11,1.4558265185437398,0.0,5
S7,2025-02-12,1.4653908738056631,0.0,5
S7,2025-02-13,1.4809213156340801,0.0,5
S7,2025-02-14,1.4888924389833829,0.0,5
S7,2025-02-18,1.484870391266393,0.326981988340154,4
S7,2025-02-19,1.4885242973307777,0.326981988340154,4
S7,2025-02-20,1.4489972470797765,0.326981988340154,4
S7,2025-02-21,1.39210404920096,0.6034469019981896,3
S7,2025-02-24,1.382927462259969,1.1129043800918468,1
S7,2025-02-25,1.3766100425172492,1.3766100425172492,0
S7,2025-02-26,1.3728530872193416,1.1012880340137994,1
S7,2025-02-27,1.3218422691848912,0.5514659452239596,3
S7,2025-02-28,1.3142672415152952,0.7908398647126635,2
S7,2025-03-03,1.237242780575016,0.0,5
S7,2025-03-04,1.216617909664282,0.46312824328015356,3
S7,2025-03-05,1.279750805475009,0.212182815713394,4
S7,2025-03-06,1.2162157559817384,0.0,5
S7,2025-03-07,1.2213399006980192,0.25268432161385523,4
S7,2025-03-10,1.163844311275358,0.012559457957679016,5
S7,2025-03-11,1.1654219870226674,0.22748665650425734,4
S7,2025-03-12,1.1852997142744963,0.4738597140134948,3
S7,2025-03-13,1.1790618440713005,0.4738597140134948,3
S7,2025-03-14,1.2162529669350093,0.4738597140134948,3
S7,2025-03-17,1.2183510310899055,0.4738597140134948,3
S7,2025-03-18,1.2139951548718124,0.0,5
S7,2025-03-19,1.2344100302870615,0.0,5
S7,2025-03-20,1.2194464969381307,0.0207160711565898,5
S7,2025-03-21,1.1941281570536217,0.0207160711565898,5
S7,2025-03-24,1.2585036741916973,0.0207160711565898,5
S7,2025-03-25,1.230481556512729,0.0207160711565898,5
S7,2025-03-26,1.1649818182514058,0.0,5
S7,2025-03-27,1.1402737716418179,0.0,5
S7,2025-03-28,1.1036042315151893,0.0,5
S7,2025-03-31,1.0684831496785931,0.41795625327086905,3
S7,2025-04-01,1.083506944185226,0.6301559117643573,2
S7,2025-04-02,1.0949733613800494,0.6301559117643573,2
S7,2025-04-03,1.0345770786461546,0.843346091980163,1
S7,2025-04-04,1.027385784235947,1.027385784235947,0
S7,2025-04-07,1.027385784235947,1.027385784235947,0
S7,2025-04-08,1.027385784235947,1.027385784235947,0
S7,2025-04-09,1.027385784235947,1.027385784235947,0
S7,2025-04-10,1.027385784235947,1.027385784235947,0
S7,2025-04-11,1.027385784235947,1.027385784235947,0
S7,2025-04-14,1.027385784235947,1.027385784235947,0
S7,2025-04-15,1.027385784235947,1.027385784235947,0
S7,2025-04-16,1.027385784235947,1.027385784235947,0
S7,2025-04-17,1.027385784235947,1.027385784235947,0
S7,2025-04-21,1.027385784235947,1.027385784235947,0
S7,2025-04-22,1.027385784235947,1.027385784235947,0
S7,2025-04-23,1.027385784235947,1.027385784235947,0
S7,2025-04-24,1.027385784235947,1.027385784235947,0
S7,2025-04-25,1.027385784235947,1.027385784235947,0
S7,2025-04-28,1.027385784235947,1.027385784235947,0
S7,2025-04-29,1.027385784235947,1.027385784235947,0
S7,2025-04-30,1.027385784235947,1.027385784235947,0
S7,2025-05-01,1.027385784235947,1.027385784235947,0
S7,2025-05-02,1.0182105848090681,0.6164314705415683,2
S7,2025-05-05,0.9884997572110739,0.01372880633480239,5
S7,2025-05-06,0.9936145368150351,0.00017940395476342963,5
S7,2025-05-07,0.98860644948268,0.00017940395476342963,5
S7,2025-05-08,1.0086797782408923,0.00017940395476342963,5
S7,2025-05-09,0.9967965456381161,0.00017940395476342963,5
S7,2025-05-12,1.065886197346669,0.00017940395476342963,5
S7,2025-05-13,1.1019607743499558,0.035936144412783144,5
S7,2025-05-14,1.1010973170867975,0.035936144412783144,5
S7,2025-05-15,1.085766925427682,0.035936144412783144,5
S7,2025-05-16,1.1385039919056243,0.035936144412783144,5
S7,2025-05-19,1.1076585562959635,0.049007485553121066,5
S7,2025-05-20,1.1066097482628314,0.049007485553121066,5
S7,2025-05-21,1.0832363705925698,0.049007485553121066,5
S7,2025-05-22,1.0951655829589277,0.23486046704474156,4
S7,2025-05-23,1.1048157021497684,0.01761197109851864,5
S7,2025-05-27,1.1416727080716802,0.01761197109851864,5
S7,2025-05-28,1.1282779764622102,0.03100564963730265,5
S7,2025-05-29,1.1033925626589975,0.03100564963730265,5
S7,2025-05-30,1.0868626121759308,0.03100564963730265,5
S7,2025-06-02,1.0898823380008529,0.03100564963730265,5
S7,2025-06-03,1.1272768120165055,0.017222083168835806,5
S7,2025-06-04,1.1612829287465698,0.017222083168835806,5
S7,2025-06-05,1.1038156598858633,0.04126249784007979,5
S7,2025-06-06,1.135982843013029,0.44470510108668704,3
S7,2025-06-09,1.1580322209787473,0.009743037202669225,5
S7,2025-06-10,1.1803008099764507,0.009743037202669225,5
S7,2025-06-11,1.17335326027445,0.0,5
S7,2025-06-12,1.1670147092032066,0.015441129729571346,5
S7,2025-06-13,1.1365136016930255,0.0266109503881157,5
S7,2025-06-16,1.1772718905891413,0.0266109503881157,5
S7,2025-06-17,1.1380675701531608,0.0266109503881157,5
S7,2025-06-18,1.1474129348245123,0.0266109503881157,5
S7,2025-06-20,1.1447328422444845,0.0266109503881157,5
S7,2025-06-23,1.158621965485625,0.0266109503881157,5
S7,2025-06-24,1.2127755949526062,0.0266109503881157,5
S7,2025-06-25,1.1973663236027543,0.04573692125216783,5
S7,2025-06-26,1.2542652318819985,0.04573692125216783,5
S7,2025-06-27,1.261058536536825,0.04573692125216783,5
S7,2025-06-30,1.3135506708639535,0.04573692125216783,5
S7,2025-07-01,1.2888582691019903,0.587045679642077,3
S7,2025-07-02,1.3209522944594485,0.071617923369658,5
S7,2025-07-03,1.3474453706439466,0.09063282343981688,5
S7,2025-07-07,1.3087364513492774,0.09063282343981688,5
S7,2025-07-08,1.3344186299204113,0.09063282343981688,5
S7,2025-07-09,1.3926501789061965,0.047368404181472534,5
S7,2025-07-10,1.3747376442060966,0.32110960627457136,4
S7,2025-07-11,1.3546437472864754,0.02664108695778533,5
S7,2025-07-14,1.357535779821658,0.02664108695778533,5
S7,2025-07-15,1.35665970927918,0.02664108695778533,5
S7,2025-07-16,1.3873901806822377,0.02664108695778533,5
S7,2025-07-17,1.423102263851607,0.02664108695778533,5
S7,2025-07-18,1.4065029406522334,0.02664108695778533,5
S7,2025-07-21,1.4339195803292089,0.02664108695778533,5
S7,2025-07-22,1.4577270043057888,0.3295476593024283,4
S7,2025-07-23,1.4586509255825626,1.4586509255825626,0
S7,2025-07-24,1.4586509255825626,1.4586509255825626,0
S7,2025-07-25,1.4586509255825626,1.4586509255825626,0
S7,2025-07-28,1.4586509255825626,1.4586509255825626,0
S7,2025-07-29,1.4586509255825626,1.4586509255825626,0
S7,2025-07-30,1.4586509255825626,1.4586509255825626,0
S7,2025-07-31,1.4586509255825626,1.4586509255825626,0
S7,2025-08-01,1.4586509255825626,1.4586509255825626,0
S7,2025-08-04,1.465489709314048,1.16692074046605,1
S7,2025-08-05,1.495523545208982,1.16692074046605,1
S7,2025-08-06,1.4919430827685933,1.4919430827685933,0
S7,2025-08-07,1.4919430827685933,1.4919430827685933,0
S7,2025-08-08,1.4919430827685933,1.4919430827685933,0
S7,2025-08-11,1.4919430827685933,1.4919430827685933,0
S7,2025-08-12,1.4919430827685933,1.4919430827685933,0
S7,2025-08-13,1.4919430827685933,1.4919430827685933,0
S7,2025-08-14,1.4919430827685933,1.4919430827685933,0
S7,2025-08-15,1.4919430827685933,1.4919430827685933,0
S7,2025-08-18,1.4919430827685933,1.4919430827685933,0
S7,2025-08-19,1.4919430827685933,1.4919430827685933,0
S7,2025-08-20,1.4919430827685933,1.4919430827685933,0
S7,2025-08-21,1.4919430827685933,1.4919430827685933,0
S7,2025-08-22,1.4919430827685933,1.4919430827685933,0
S7,2025-08-25,1.4919430827685933,1.4919430827685933,0
S7,2025-08-26,1.4919430827685933,1.4919430827685933,0
S7,2025-08-27,1.4919430827685933,1.4919430827685933,0
S7,2025-08-28,1.4919430827685933,1.4919430827685933,0
S7,2025-08-29,1.4919430827685933,1.4919430827685933,0
S7,2025-09-02,1.4919430827685933,1.4919430827685933,0
S7,2025-09-03,1.4919430827685933,1.4919430827685933,0
S7,2025-09-04,1.4919430827685933,1.4919430827685933,0
S7,2025-09-05,1.4919430827685933,1.4919430827685933,0
S7,2025-09-08,1.4919430827685933,1.4919430827685933,0
S7,2025-09-09,1.4919430827685933,1.4919430827685933,0
S7,2025-09-10,1.4919430827685933,1.4919430827685933,0
S7,2025-09-11,1.4919430827685933,1.4919430827685933,0
S7,2025-09-12,1.4919430827685933,1.4919430827685933,0
S7,2025-09-15,1.4919430827685933,1.4919430827685933,0
S7,2025-09-16,1.4919430827685933,1.4919430827685933,0
S7,2025-09-17,1.4919430827685933,1.4919430827685933,0
S7,2025-09-18,1.4919430827685933,1.4919430827685933,0
S7,2025-09-19,1.4919430827685933,1.4919430827685933,0
S7,2025-09-22,1.4919430827685933,1.4919430827685933,0
S7,2025-09-23,1.4919430827685933,1.4919430827685933,0
S7,2025-09-24,1.4919430827685933,1.4919430827685933,0
S7,2025-09-25,1.4919430827685933,1.4919430827685933,0
S7,2025-09-26,1.4919430827685933,1.4919430827685933,0
S7,2025-09-29,1.4919430827685933,1.4919430827685933,0
S7,2025-09-30,1.4919430827685933,1.4919430827685933,0
S7,2025-10-01,1.4919430827685933,1.4919430827685933,0
S7,2025-10-02,1.4919430827685933,1.4919430827685933,0
S7,2025-10-03,1.4919430827685933,1.4919430827685933,0
S7,2025-10-06,1.4919430827685933,1.4919430827685933,0
S7,2025-10-07,1.4919430827685933,1.4919430827685933,0
S7,2025-10-08,1.4919430827685933,1.4919430827685933,0
S7,2025-10-09,1.4919430827685933,1.4919430827685933,0
S7,2025-10-10,1.4919430827685933,1.4919430827685933,0
S7,2025-10-13,1.4919430827685933,1.4919430827685933,0
S7,2025-10-14,1.4919430827685933,1.4919430827685933,0
S7,2025-10-15,1.4919430827685933,1.4919430827685933,0
S7,2025-10-16,1.4919430827685933,1.4919430827685933,0
S7,2025-10-17,1.4919430827685933,1.4919430827685933,0
S7,2025-10-20,1.4919430827685933,1.4919430827685933,0
S7,2025-10-21,1.4919430827685933,1.4919430827685933,0
S7,2025-10-22,1.4919430827685933,1.4919430827685933,0
S7,2025-10-23,1.4919430827685933,1.4919430827685933,0
S7,2025-10-24,1.4919430827685933,1.4919430827685933,0
S7,2025-10-27,1.4919430827685933,1.4919430827685933,0
S7,2025-10-28,1.4919430827685933,1.4919430827685933,0
S7,2025-10-29,1.4919430827685933,1.4919430827685933,0
S7,2025-10-30,1.4919430827685933,1.4919430827685933,0
S7,2025-10-31,1.4919430827685933,1.4919430827685933,0
S7,2025-11-03,1.4919430827685933,1.4919430827685933,0
S7,2025-11-04,1.4919430827685933,1.4919430827685933,0
S7,2025-11-05,1.4919430827685933,1.4919430827685933,0
S7,2025-11-06,1.4919430827685933,1.4919430827685933,0
S7,2025-11-07,1.4919430827685933,1.4919430827685933,0
S7,2025-11-10,1.4919430827685933,1.4919430827685933,0
S7,2025-11-11,1.4919430827685933,1.4919430827685933,0
S7,2025-11-12,1.4919430827685933,1.4919430827685933,0
S7,2025-11-13,1.4919430827685933,1.4919430827685933,0
S7,2025-11-14,1.4919430827685933,1.4919430827685933,0
S7,2025-11-17,1.4919430827685933,1.4919430827685933,0
S7,2025-11-18,1.4919430827685933,1.4919430827685933,0
S7,2025-11-19,1.4919430827685933,1.4919430827685933,0
S7,2025-11-20,1.4919430827685933,1.4919430827685933,0
S7,2025-11-21,1.4919430827685933,1.4919430827685933,0
S7,2025-11-24,1.5054021791282421,1.1935544662148747,1
S7,2025-11-25,1.5062377420364546,1.1935544662148747,1
S7,2025-11-26,1.514217411407429,1.1935544662148747,1
S7,2025-11-28,1.5228794567989916,1.1935544662148747,1
S7,2025-12-01,1.5284220871825172,1.1935544662148747,1
S7,2025-12-02,1.5260407029146277,1.5260407029146277,0
S7,2025-12-03,1.5260407029146277,1.5260407029146277,0
S7,2025-12-04,1.5260407029146277,1.5260407029146277,0
S7,2025-12-05,1.5260407029146277,1.5260407029146277,0
S7,2025-12-08,1.5260407029146277,1.5260407029146277,0
S7,2025-12-09,1.5260407029146277,1.5260407029146277,0
S7,2025-12-10,1.5260407029146277,1.5260407029146277,0
S7,2025-12-11,1.5260407029146277,1.5260407029146277,0
S7,2025-12-12,1.5260407029146277,1.5260407029146277,0
S7,2025-12-15,1.5260407029146277,1.5260407029146277,0
S7,2025-12-16,1.5260407029146277,1.5260407029146277,0
S7,2025-12-17,1.5260407029146277,1.5260407029146277,0
S7,2025-12-18,1.5260407029146277,1.5260407029146277,0
S7,2025-12-19,1.5260407029146277,1.5260407029146277,0
S7,2025-12-22,1.5260407029146277,1.5260407029146277,0
S7,2025-12-23,1.5260407029146277,1.5260407029146277,0
S7,2025-12-24,1.5260407029146277,1.5260407029146277,0
S7,2025-12-26,1.5260407029146277,1.5260407029146277,0
S7,2025-12-29,1.5260407029146277,1.5260407029146277,0
S7,2025-12-30,1.5260407029146277,1.5260407029146277,0
S7,2025-12-31,1.5260407029146277,1.5260407029146277,0
S7_QQQ,2021-01-04,1.0,1.0,0
S7_QQQ,2021-01-05,1.0,1.0,0
S7_QQQ,2021-01-06,1.0,1.0,0
S7_QQQ,2021-01-07,1.0,1.0,0
S7_QQQ,2021-01-08,1.0,1.0,0
S7_QQQ,2021-01-11,1.0,1.0,0
S7_QQQ,2021-01-12,1.0,1.0,0
S7_QQQ,2021-01-13,1.0,1.0,0
S7_QQQ,2021-01-14,1.0,1.0,0
S7_QQQ,2021-01-15,1.0,1.0,0
S7_QQQ,2021-01-19,1.0,1.0,0
S7_QQQ,2021-01-20,1.0,1.0,0
S7_QQQ,2021-01-21,1.0,1.0,0
S7_QQQ,2021-01-22,1.0,1.0,0
S7_QQQ,2021-01-25,1.0,1.0,0
S7_QQQ,2021-01-26,1.0,1.0,0
S7_QQQ,2021-01-27,1.0,1.0,0
S7_QQQ,2021-01-28,1.0,1.0,0
S7_QQQ,2021-01-29,1.0,1.0,0
S7_QQQ,2021-02-01,1.0,1.0,0
S7_QQQ,2021-02-02,1.0,1.0,0
S7_QQQ,2021-02-03,1.0,1.0,0
S7_QQQ,2021-02-04,1.0,1.0,0
S7_QQQ,2021-02-05,1.0,1.0,0
S7_QQQ,2021-02-08,1.0,1.0,0
S7_QQQ,2021-02-09,1.0,1.0,0
S7_QQQ,2021-02-10,1.0,1.0,0
S7_QQQ,2021-02-11,1.0,1.0,0
S7_QQQ,2021-02-12,1.0,1.0,0
S7_QQQ,2021-02-16,1.0,1.0,0
S7_QQQ,2021-02-17,1.0,1.0,0
S7_QQQ,2021-02-18,1.0,1.0,0
S7_QQQ,2021-02-19,1.0,1.0,0
S7_QQQ,2021-02-22,1.0,1.0,0
S7_QQQ,2021-02-23,1.0,1.0,0
S7_QQQ,2021-02-24,1.0,1.0,0
S7_QQQ,2021-02-25,1.0,1.0,0
S7_QQQ,2021-02-26,1.0,1.0,0
S7_QQQ,2021-03-01,1.0,1.0,0
S7_QQQ,2021-03-02,1.0,1.0,0
S7_QQQ,2021-03-03,1.0,1.0,0
S7_QQQ,2021-03-04,1.0,1.0,0
S7_QQQ,2021-03-05,1.0,1.0,0
S7_QQQ,2021-03-08,0.9661198877808577,5.551115123125783e-17,5
S7_QQQ,2021-03-09,1.0028646979317726,5.551115123125783e-17,5
S7_QQQ,2021-03-10,0.9935267950619768,5.551115123125783e-17,5
S7_QQQ,2021-03-11,1.028151524584304,5.551115123125783e-17,5
S7_QQQ,2021-03-12,1.0232707286827927,5.551115123125783e-17,5
S7_QQQ,2021-03-15,1.0322958243301408,5.551115123125783e-17,5
S7_QQQ,2021-03-16,1.0494800314656882,5.551115123125783e-17,5
S7_QQQ,2021-03-17,1.0556053128889036,0.2249553309690228,4
S7_QQQ,2021-03-18,1.0193689195390256,0.2249553309690228,4
S7_QQQ,2021-03-19,1.0202653436275622,0.2249553309690228,4
S7_QQQ,2021-03-22,1.0220409168960456,0.019179493282243387,5
S7_QQQ,2021-03-23,0.9962462833394439,0.019179493282243387,5
S7_QQQ,2021-03-24,0.9898091798172575,0.019179493282243387,5
S7_QQQ,2021-03-25,0.9978502866291079,0.019179493282243387,5
S7_QQQ,2021-03-26,1.029871470562472,0.019179493282243387,5
S7_QQQ,2021-03-29,1.0178507800845247,0.019179493282243387,5
S7_QQQ,2021-03-30,1.0170372587070995,0.019179493282243387,5
S7_QQQ,2021-03-31,1.02636705196407,0.019179493282243387,5
S7_QQQ,2021-04-01,1.0601955081410472,0.21723822469569595,4
S7_QQQ,2021-04-05,1.0760901035869495,0.21723822469569595,4
S7_QQQ,2021-04-06,1.0735823424034017,1.0735823424034017,0
S7_QQQ,2021-04-07,1.0735823424034017,1.0735823424034017,0
S7_QQQ,2021-04-08,1.0735823424034017,1.0735823424034017,0
S7_QQQ,2021-04-09,1.0735823424034017,1.0735823424034017,0
S7_QQQ,2021-04-12,1.0735823424034017,1.0735823424034017,0
S7_QQQ,2021-04-13,1.0735823424034017,1.0735823424034017,0
S7_QQQ,2021-04-14,1.0735823424034017,1.0735823424034017,0
S7_QQQ,2021-04-15,1.0735823424034017,1.0735823424034017,0
S7_QQQ,2021-04-16,1.0735823424034017,1.0735823424034017,0
S7_QQQ,2021-04-19,1.0735823424034017,1.0735823424034017,0
S7_QQQ,2021-04-20,1.0735823424034017,1.0735823424034017,0
S7_QQQ,2021-04-21,1.0735823424034017,1.0735823424034017,0
S7_QQQ,2021-04-22,1.0735823424034017,1.0735823424034017,0
S7_QQQ,2021-04-23,1.0735823424034017,1.0735823424034017,0
S7_QQQ,2021-04-26,1.0735823424034017,1.0735823424034017,0
S7_QQQ,2021-04-27,1.0735823424034017,1.0735823424034017,0
S7_QQQ,2021-04-28,1.0735823424034017,1.0735823424034017,0
S7_QQQ,2021-04-29,1.0735823424034017,1.0735823424034017,0
S7_QQQ,2021-04-30,1.0735823424034017,1.0735823424034017,0
S7_QQQ,2021-05-03,1.0735823424034017,1.0735823424034017,0
S7_QQQ,2021-05-04,1.0735823424034017,1.0735823424034017,0
S7_QQQ,2021-05-05,1.0735823424034017,1.0735823424034017,0
S7_QQQ,2021-05-06,1.0735823424034017,1.0735823424034017,0
S7_QQQ,2021-05-07,1.0735823424034017,1.0735823424034017,0
S7_QQQ,2021-05-10,1.0735823424034017,1.0735823424034017,0
S7_QQQ,2021-05-11,1.0735823424034017,1.0735823424034017,0
S7_QQQ,2021-05-12,1.0735823424034017,1.0735823424034017,0
S7_QQQ,2021-05-13,1.0735823424034017,1.0735823424034017,0
S7_QQQ,2021-05-14,1.0765209322467313,0.6441494054420409,2
S7_QQQ,2021-05-17,1.083571436534992,0.21562925627698368,4
S7_QQQ,2021-05-18,1.0813265150388116,0.21562925627698368,4
S7_QQQ,2021-05-19,1.105398647380822,0.21562925627698368,4
S7_QQQ,2021-05-20,1.113579442502879,0.4739613236330872,3
S7_QQQ,2021-05-21,1.0895645859565835,0.030059617967346353,5
S7_QQQ,2021-05-24,1.1122512134862972,0.030059617967346353,5
S7_QQQ,2021-05-25,1.1015772043606367,0.030059617967346353,5
S7_QQQ,2021-05-26,1.1061635600952315,0.030059617967346353,5
S7_QQQ,2021-05-27,1.109072360881942,0.030059617967346353,5
S7_QQQ,2021-05-28,1.116322876737148,0.030059617967346353,5
S7_QQQ,2021-06-01,1.1286239331135763,0.030059617967346353,5
S7_QQQ,2021-06-02,1.127298655565061,0.030059617967346353,5
S7_QQQ,2021-06-03,1.1252195932525675,0.030059617967346353,5
S7_QQQ,2021-06-04,1.1723688665342271,0.030059617967346353,5
S7_QQQ,2021-06-07,1.172329880737526,0.030059617967346353,5
S7_QQQ,2021-06-08,1.183170433543876,0.030059617967346353,5
S7_QQQ,2021-06-09,1.18077664168441,0.28384115487156925,4
S7_QQQ,2021-06-10,1.190304016828228,0.28384115487156925,4
S7_QQQ,2021-06-11,1.1852214128065863,0.5273247925562576,3
S7_QQQ,2021-06-14,1.1821140548067257,0.7408051349186513,2
S7_QQQ,2021-06-15,1.1811659175131928,0.9495143720071686,1
S7_QQQ,2021-06-16,1.1799315228844136,0.9495143720071686,1
S7_QQQ,2021-06-17,1.1817840761141056,0.9495143720071686,1
S7_QQQ,2021-06-18,1.178669493102607,0.9495143720071686,1
S7_QQQ,2021-06-21,1.1794126283081452,1.1794126283081452,0
S7_QQQ,2021-06-22,1.1794126283081452,1.1794126283081452,0
S7_QQQ,2021-06-23,1.1794126283081452,1.1794126283081452,0
S7_QQQ,2021-06-24,1.1794126283081452,1.1794126283081452,0
S7_QQQ,2021-06-25,1.1794126283081452,1.1794126283081452,0
S7_QQQ,2021-06-28,1.1794126283081452,1.1794126283081452,0
S7_QQQ,2021-06-29,1.1794126283081452,1.1794126283081452,0
S7_QQQ,2021-06-30,1.1794126283081452,1.1794126283081452,0
S7_QQQ,2021-07-01,1.1794126283081452,1.1794126283081452,0
S7_QQQ,2021-07-02,1.1794126283081452,1.1794126283081452,0
S7_QQQ,2021-07-06,1.1794126283081452,1.1794126283081452,0
S7_QQQ,2021-07-07,1.1794126283081452,1.1794126283081452,0
S7_QQQ,2021-07-08,1.1794126283081452,1.1794126283081452,0
S7_QQQ,2021-07-09,1.1794126283081452,1.1794126283081452,0
S7_QQQ,2021-07-12,1.1794126283081452,1.1794126283081452,0
S7_QQQ,2021-07-13,1.1794126283081452,1.1794126283081452,0
S7_QQQ,2021-07-14,1.1794126283081452,1.1794126283081452,0
S7_QQQ,2021-07-15,1.1794126283081452,1.1794126283081452,0
S7_QQQ,2021-07-16,1.1794126283081452,1.1794126283081452,0
S7_QQQ,2021-07-19,1.1794126283081452,1.1794126283081452,0
S7_QQQ,2021-07-20,1.1794126283081452,1.1794126283081452,0
S7_QQQ,2021-07-21,1.1794126283081452,1.1794126283081452,0
S7_QQQ,2021-07-22,1.1794126283081452,1.1794126283081452,0
S7_QQQ,2021-07-23,1.1794126283081452,1.1794126283081452,0
S7_QQQ,2021-07-26,1.1794126283081452,1.1794126283081452,0
S7_QQQ,2021-07-27,1.1794126283081452,1.1794126283081452,0
S7_QQQ,2021-07-28,1.1794126283081452,1.1794126283081452,0
S7_QQQ,2021-07-29,1.1794126283081452,1.1794126283081452,0
S7_QQQ,2021-07-30,1.1794126283081452,1.1794126283081452,0
S7_QQQ,2021-08-02,1.1794126283081452,1.1794126283081452,0
S7_QQQ,2021-08-03,1.1794126283081452,1.1794126283081452,0
S7_QQQ,2021-08-04,1.1794126283081452,1.1794126283081452,0
S7_QQQ,2021-08-05,1.1794126283081452,1.1794126283081452,0
S7_QQQ,2021-08-06,1.1794126283081452,1.1794126283081452,0
S7_QQQ,2021-08-09,1.1794126283081452,1.1794126283081452,0
S7_QQQ,2021-08-10,1.1794126283081452,1.1794126283081452,0
S7_QQQ,2021-08-11,1.1794126283081452,1.1794126283081452,0
S7_QQQ,2021-08-12,1.1794126283081452,1.1794126283081452,0
S7_QQQ,2021-08-13,1.1794126283081452,1.1794126283081452,0
S7_QQQ,2021-08-16,1.1794126283081452,1.1794126283081452,0
S7_QQQ,2021-08-17,1.1794126283081452,1.1794126283081452,0
S7_QQQ,2021-08-18,1.1794126283081452,1.1794126283081452,0
S7_QQQ,2021-08-19,1.1794126283081452,1.1794126283081452,0
S7_QQQ,2021-08-20,1.1794126283081452,1.1794126283081452,0
S7_QQQ,2021-08-23,1.1794126283081452,1.1794126283081452,0
S7_QQQ,2021-08-24,1.1794126283081452,1.1794126283081452,0
S7_QQQ,2021-08-25,1.1794126283081452,1.1794126283081452,0
S7_QQQ,2021-08-26,1.1794126283081452,1.1794126283081452,0
S7_QQQ,2021-08-27,1.1794126283081452,1.1794126283081452,0
S7_QQQ,2021-08-30,1.1794126283081452,1.1794126283081452,0
S7_QQQ,2021-08-31,1.1794126283081452,1.1794126283081452,0
S7_QQQ,2021-09-01,1.1794126283081452,1.1794126283081452,0
S7_QQQ,2021-09-02,1.1794126283081452,1.1794126283081452,0
S7_QQQ,2021-09-03,1.1794126283081452,1.1794126283081452,0
S7_QQQ,2021-09-07,1.1794126283081452,1.1794126283081452,0
S7_QQQ,2021-09-08,1.1794126283081452,1.1794126283081452,0
S7_QQQ,2021-09-09,1.1794126283081452,1.1794126283081452,0
S7_QQQ,2021-09-10,1.1794126283081452,1.1794126283081452,0
S7_QQQ,2021-09-13,1.1794126283081452,1.1794126283081452,0
S7_QQQ,2021-09-14,1.1794126283081452,1.1794126283081452,0
S7_QQQ,2021-09-15,1.1794126283081452,1.1794126283081452,0
S7_QQQ,2021-09-16,1.1794126283081452,1.1794126283081452,0
S7_QQQ,2021-09-17,1.1794126283081452,1.1794126283081452,0
S7_QQQ,2021-09-20,1.1794126283081452,1.1794126283081452,0
S7_QQQ,2021-09-21,1.1794126283081452,1.1794126283081452,0
S7_QQQ,2021-09-22,1.1864945103035505,0.4717650513232581,3
S7_QQQ,2021-09-23,1.1854150119157567,0.4717650513232581,3
S7_QQQ,2021-09-24,1.19337601343267,0.4717650513232581,3
S7_QQQ,2021-09-27,1.2149792409368008,0.4717650513232581,3
S7_QQQ,2021-09-28,1.1949420964670137,0.4717650513232581,3
S7_QQQ,2021-09-29,1.1794542576216975,0.23333309139155514,4
S7_QQQ,2021-09-30,1.1694249616862142,0.22214550660012572,4
S7_QQQ,2021-10-01,1.1950812667946955,0.21326252630347836,4
S7_QQQ,2021-10-04,1.1670482122817056,0.0,5
S7_QQQ,2021-10-05,1.1829263373474013,0.0,5
S7_QQQ,2021-10-06,1.1705345181254645,0.0,5
S7_QQQ,2021-10-07,1.2026912771472942,0.0,5
S7_QQQ,2021-10-08,1.1810215430859632,0.0,5
S7_QQQ,2021-10-11,1.2145708978917087,0.0,5
S7_QQQ,2021-10-12,1.1961058584543827,0.020450302027352568,5
S7_QQQ,2021-10-13,1.2036562003102331,0.020450302027352568,5
S7_QQQ,2021-10-14,1.2219475458959064,0.020450302027352568,5
S7_QQQ,2021-10-15,1.2402811395058788,0.020450302027352568,5
S7_QQQ,2021-10-18,1.233470811126274,0.041463157068958784,5
S7_QQQ,2021-10-19,1.2558142556630314,0.041463157068958784,5
S7_QQQ,2021-10-20,1.2590143539923648,0.2893477578069218,4
S7_QQQ,2021-10-21,1.2477048658610659,0.2893477578069218,4
S7_QQQ,2021-10-22,1.2299493059740945,0.2893477578069218,4
S7_QQQ,2021-10-25,1.2256812419680951,0.04402849968844896,5
S7_QQQ,2021-10-26,1.231851915452683,0.04402849968844896,5
S7_QQQ,2021-10-27,1.2364915505430873,0.04402849968844896,5
S7_QQQ,2021-10-28,1.273375903304665,0.04402849968844896,5
S7_QQQ,2021-10-29,1.2609489499571755,0.2755296540967132,4
S7_QQQ,2021-11-01,1.2778393120887606,0.4809834793685641,3
S7_QQQ,2021-11-02,1.2942809707037939,0.7669321895533494,2
S7_QQQ,2021-11-03,1.3087532511465305,0.7669321895533494,2
S7_QQQ,2021-11-04,1.3130841628345664,1.0480465435499817,1
S7_QQQ,2021-11-05,1.312036201971714,1.0480465435499817,1
S7_QQQ,2021-11-08,1.315765676197937,1.0480465435499817,1
S7_QQQ,2021-11-09,1.317214281008381,1.0480465435499817,1
S7_QQQ,2021-11-10,1.3140722235615023,1.0480465435499817,1
S7_QQQ,2021-11-11,1.3110539208600929,1.0480465435499817,1
S7_QQQ,2021-11-12,1.3139638304251593,1.0480465435499817,1
S7_QQQ,2021-11-15,1.3142578997453211,1.3142578997453211,0
S7_QQQ,2021-11-16,1.3142578997453211,1.3142578997453211,0
S7_QQQ,2021-11-17,1.3142578997453211,1.3142578997453211,0
S7_QQQ,2021-11-18,1.3142578997453211,1.3142578997453211,0
S7_QQQ,2021-11-19,1.3142578997453211,1.3142578997453211,0
S7_QQQ,2021-11-22,1.3142578997453211,1.3142578997453211,0
S7_QQQ,2021-11-23,1.3142578997453211,1.3142578997453211,0
S7_QQQ,2021-11-24,1.3142578997453211,1.3142578997453211,0
S7_QQQ,2021-11-26,1.3142578997453211,1.3142578997453211,0
S7_QQQ,2021-11-29,1.3142578997453211,1.3142578997453211,0
S7_QQQ,2021-11-30,1.3142578997453211,1.3142578997453211,0
S7_QQQ,2021-12-01,1.3142578997453211,1.3142578997453211,0
S7_QQQ,2021-12-02,1.3142578997453211,1.3142578997453211,0
S7_QQQ,2021-12-03,1.3142578997453211,1.3142578997453211,0
S7_QQQ,2021-12-06,1.3134493352725871,1.0514063197962569,1
S7_QQQ,2021-12-07,1.3239816105927753,1.0514063197962569,1
S7_QQQ,2021-12-08,1.3324977130045765,1.0514063197962569,1
S7_QQQ,2021-12-09,1.3432105342692355,1.0514063197962569,1
S7_QQQ,2021-12-10,1.354134000121957,1.0514063197962569,1
S7_QQQ,2021-12-13,1.3537428095894237,1.3537428095894237,0
S7_QQQ,2021-12-14,1.3537428095894237,1.3537428095894237,0
S7_QQQ,2021-12-15,1.3537428095894237,1.3537428095894237,0
S7_QQQ,2021-12-16,1.3537428095894237,1.3537428095894237,0
S7_QQQ,2021-12-17,1.3528218841559867,1.082994247671539,1
S7_QQQ,2021-12-20,1.3473848056315059,1.082994247671539,1
S7_QQQ,2021-12-21,1.3567441027099858,0.8130481221197275,2
S7_QQQ,2021-12-22,1.3717275202545332,5.720389137275905e-05,5
S7_QQQ,2021-12-23,1.3997787044637167,5.720389137275905e-05,5
S7_QQQ,2021-12-27,1.487192970021777,5.720389137275905e-05,5
S7_QQQ,2021-12-28,1.4730444098611541,0.6362681660413438,3
S7_QQQ,2021-12-29,1.4742258777787218,0.6362681660413438,3
S7_QQQ,2021-12-30,1.4750028063880807,0.6362681660413438,3
S7_QQQ,2021-12-31,1.4727078072441318,0.6362681660413438,3
S7_QQQ,2022-01-03,1.4959932410864782,0.6362681660413438,3
S7_QQQ,2022-01-04,1.5196901777235454,0.6362681660413438,3
S7_QQQ,2022-01-05,1.5223365537231566,0.9483902470362187,2
S7_QQQ,2022-01-06,1.5172574399228875,0.9483902470362187,2
S7_QQQ,2022-01-07,1.5086734297994369,0.03734613512232976,5
S7_QQQ,2022-01-10,1.5226714972207178,0.03734613512232976,5
S7_QQQ,2022-01-11,1.5236128867575998,0.03734613512232976,5
S7_QQQ,2022-01-12,1.5458642858801688,0.03734613512232976,5
S7_QQQ,2022-01-13,1.5161236206301192,0.03734613512232976,5
S7_QQQ,2022-01-14,1.520180773736417,0.03734613512232976,5
S7_QQQ,2022-01-18,1.4729165082852123,0.030166597646077264,5
S7_QQQ,2022-01-19,1.4205849166816724,0.013935733785057025,5
S7_QQQ,2022-01-20,1.3960342709668456,0.0,5
S7_QQQ,2022-01-21,1.3345026548235182,0.25304918677364535,4
S7_QQQ,2022-01-24,1.3085065416222803,0.7533578592971832,2
S7_QQQ,2022-01-25,1.3032317997978746,1.0222835185872792,1
S7_QQQ,2022-01-26,1.3046593741224957,1.0222835185872792,1
S7_QQQ,2022-01-27,1.299627122023519,1.0222835185872792,1
S7_QQQ,2022-01-28,1.2980746372818726,1.2980746372818726,0
S7_QQQ,2022-01-31,1.2980746372818726,1.2980746372818726,0
S7_QQQ,2022-02-01,1.3184832213563218,0.0,5
S7_QQQ,2022-02-02,1.3399027697085808,0.0,5
S7_QQQ,2022-02-03,1.2674678454105426,0.0,5
S7_QQQ,2022-02-04,1.2670566025100127,0.22252227606620786,4
S7_QQQ,2022-02-07,1.2759862917767024,1.0165671539179382,1
S7_QQQ,2022-02-08,1.2797670570508968,0.2534277365819923,4
S7_QQQ,2022-02-09,1.2925443670952153,0.0,5
S7_QQQ,2022-02-10,1.2934157442472234,0.0,5
S7_QQQ,2022-02-11,1.2438549492547841,0.0,5
S7_QQQ,2022-02-14,1.2385277920673856,1.2385277920673856,0
S7_QQQ,2022-02-15,1.2385277920673856,1.2385277920673856,0
S7_QQQ,2022-02-16,1.2385277920673856,1.2385277920673856,0
S7_QQQ,2022-02-17,1.2385277920673856,1.2385277920673856,0
S7_QQQ,2022-02-18,1.2385277920673856,1.2385277920673856,0
S7_QQQ,2022-02-22,1.2385277920673856,1.2385277920673856,0
S7_QQQ,2022-02-23,1.2385277920673856,1.2385277920673856,0
S7_QQQ,2022-02-24,1.2385277920673856,1.2385277920673856,0
S7_QQQ,2022-02-25,1.2385277920673856,1.2385277920673856,0
S7_QQQ,2022-02-28,1.2385277920673856,1.2385277920673856,0
S7_QQQ,2022-03-01,1.2385277920673856,1.2385277920673856,0
S7_QQQ,2022-03-02,1.2385277920673856,1.2385277920673856,0
S7_QQQ,2022-03-03,1.2385277920673856,1.2385277920673856,0
S7_QQQ,2022-03-04,1.2385277920673856,1.2385277920673856,0
S7_QQQ,2022-03-07,1.2385277920673856,1.2385277920673856,0
S7_QQQ,2022-03-08,1.2385277920673856,1.2385277920673856,0
S7_QQQ,2022-03-09,1.2385277920673856,1.2385277920673856,0
S7_QQQ,2022-03-10,1.2385277920673856,1.2385277920673856,0
S7_QQQ,2022-03-11,1.2385277920673856,1.2385277920673856,0
S7_QQQ,2022-03-14,1.2385277920673856,1.2385277920673856,0
S7_QQQ,2022-03-15,1.2385277920673856,1.2385277920673856,0
S7_QQQ,2022-03-16,1.2385277920673856,1.2385277920673856,0
S7_QQQ,2022-03-17,1.2385277920673856,1.2385277920673856,0
S7_QQQ,2022-03-18,1.2385277920673856,1.2385277920673856,0
S7_QQQ,2022-03-21,1.2385277920673856,1.2385277920673856,0
S7_QQQ,2022-03-22,1.2385277920673856,1.2385277920673856,0
S7_QQQ,2022-03-23,1.2385277920673856,1.2385277920673856,0
S7_QQQ,2022-03-24,1.2385277920673856,1.2385277920673856,0
S7_QQQ,2022-03-25,1.2389710186567537,0.4954111168269543,3
S7_QQQ,2022-03-28,1.2445004647604505,0.24793299113891698,4
S7_QQQ,2022-03-29,1.2542269504212713,0.24793299113891698,4
S7_QQQ,2022-03-30,1.2401622673045927,0.24793299113891698,4
S7_QQQ,2022-03-31,1.224119627353257,0.24793299113891698,4
S7_QQQ,2022-04-01,1.2276228143487211,1.2276228143487211,0
S7_QQQ,2022-04-04,1.2376780746844787,0.9820982514789769,1
S7_QQQ,2022-04-05,1.2081771352073356,0.4900067088037056,3
S7_QQQ,2022-04-06,1.1779107301145668,0.4900067088037056,3
S7_QQQ,2022-04-07,1.1793888758020628,1.1793888758020628,0
S7_QQQ,2022-04-08,1.1793888758020628,1.1793888758020628,0
S7_QQQ,2022-04-11,1.1793888758020628,1.1793888758020628,0
S7_QQQ,2022-04-12,1.1793888758020628,1.1793888758020628,0
S7_QQQ,2022-04-13,1.1793888758020628,1.1793888758020628,0
S7_QQQ,2022-04-14,1.1793888758020628,1.1793888758020628,0
S7_QQQ,2022-04-18,1.1793888758020628,1.1793888758020628,0
S7_QQQ,2022-04-19,1.1793888758020628,1.1793888758020628,0
S7_QQQ,2022-04-20,1.1793888758020628,1.1793888758020628,0
S7_QQQ,2022-04-21,1.1793888758020628,1.1793888758020628,0
S7_QQQ,2022-04-22,1.1793888758020628,1.1793888758020628,0
S7_QQQ,2022-04-25,1.1793888758020628,1.1793888758020628,0
S7_QQQ,2022-04-26,1.1793888758020628,1.1793888758020628,0
S7_QQQ,2022-04-27,1.1793888758020628,1.1793888758020628,0
S7_QQQ,2022-04-28,1.1793888758020628,1.1793888758020628,0
S7_QQQ,2022-04-29,1.1793888758020628,1.1793888758020628,0
S7_QQQ,2022-05-02,1.1793888758020628,1.1793888758020628,0
S7_QQQ,2022-05-03,1.1793888758020628,1.1793888758020628,0
S7_QQQ,2022-05-04,1.1793888758020628,1.1793888758020628,0
S7_QQQ,2022-05-05,1.1793888758020628,1.1793888758020628,0
S7_QQQ,2022-05-06,1.1793888758020628,1.1793888758020628,0
S7_QQQ,2022-05-09,1.1793888758020628,1.1793888758020628,0
S7_QQQ,2022-05-10,1.1793888758020628,1.1793888758020628,0
S7_QQQ,2022-05-11,1.1793888758020628,1.1793888758020628,0
S7_QQQ,2022-05-12,1.1793888758020628,1.1793888758020628,0
S7_QQQ,2022-05-13,1.1793888758020628,1.1793888758020628,0
S7_QQQ,2022-05-16,1.1793888758020628,1.1793888758020628,0
S7_QQQ,2022-05-17,1.1793888758020628,1.1793888758020628,0
S7_QQQ,2022-05-18,1.1793888758020628,1.1793888758020628,0
S7_QQQ,2022-05-19,1.1793888758020628,1.1793888758020628,0
S7_QQQ,2022-05-20,1.1793888758020628,1.1793888758020628,0
S7_QQQ,2022-05-23,1.1793888758020628,1.1793888758020628,0
S7_QQQ,2022-05-24,1.1793888758020628,1.1793888758020628,0
S7_QQQ,2022-05-25,1.1793888758020628,1.1793888758020628,0
S7_QQQ,2022-05-26,1.1793888758020628,1.1793888758020628,0
S7_QQQ,2022-05-27,1.1793888758020628,1.1793888758020628,0
S7_QQQ,2022-05-31,1.1793888758020628,1.1793888758020628,0
S7_QQQ,2022-06-01,1.1793888758020628,1.1793888758020628,0
S7_QQQ,2022-06-02,1.1793888758020628,1.1793888758020628,0
S7_QQQ,2022-06-03,1.1793888758020628,1.1793888758020628,0
S7_QQQ,2022-06-06,1.1793888758020628,1.1793888758020628,0
S7_QQQ,2022-06-07,1.1793888758020628,1.1793888758020628,0
S7_QQQ,2022-06-08,1.1793888758020628,1.1793888758020628,0
S7_QQQ,2022-06-09,1.1793888758020628,1.1793888758020628,0
S7_QQQ,2022-06-10,1.1793888758020628,1.1793888758020628,0
S7_QQQ,2022-06-13,1.1793888758020628,1.1793888758020628,0
S7_QQQ,2022-06-14,1.1793888758020628,1.1793888758020628,0
S7_QQQ,2022-06-15,1.1793888758020628,1.1793888758020628,0
S7_QQQ,2022-06-16,1.1793888758020628,1.1793888758020628,0
S7_QQQ,2022-06-17,1.1793888758020628,1.1793888758020628,0
S7_QQQ,2022-06-21,1.1793888758020628,1.1793888758020628,0
S7_QQQ,2022-06-22,1.1793888758020628,1.1793888758020628,0
S7_QQQ,2022-06-23,1.1793888758020628,1.1793888758020628,0
S7_QQQ,2022-06-24,1.1793888758020628,1.1793888758020628,0
S7_QQQ,2022-06-27,1.1793888758020628,1.1793888758020628,0
S7_QQQ,2022-06-28,1.1793888758020628,1.1793888758020628,0
S7_QQQ,2022-06-29,1.1793888758020628,1.1793888758020628,0
S7_QQQ,2022-06-30,1.1793888758020628,1.1793888758020628,0
S7_QQQ,2022-07-01,1.1793888758020628,1.1793888758020628,0
S7_QQQ,2022-07-05,1.1793888758020628,1.1793888758020628,0
S7_QQQ,2022-07-06,1.1793888758020628,1.1793888758020628,0
S7_QQQ,2022-07-07,1.1793888758020628,1.1793888758020628,0
S7_QQQ,2022-07-08,1.1793888758020628,1.1793888758020628,0
S7_QQQ,2022-07-11,1.1793888758020628,1.1793888758020628,0
S7_QQQ,2022-07-12,1.1793888758020628,1.1793888758020628,0
S7_QQQ,2022-07-13,1.1793888758020628,1.1793888758020628,0
S7_QQQ,2022-07-14,1.1793888758020628,1.1793888758020628,0
S7_QQQ,2022-07-15,1.1793888758020628,1.1793888758020628,0
S7_QQQ,2022-07-18,1.1793888758020628,1.1793888758020628,0
S7_QQQ,2022-07-19,1.1793888758020628,1.1793888758020628,0
S7_QQQ,2022-07-20,1.1793888758020628,1.1793888758020628,0
S7_QQQ,2022-07-21,1.1793888758020628,1.1793888758020628,0
S7_QQQ,2022-07-22,1.1793888758020628,1.1793888758020628,0
S7_QQQ,2022-07-25,1.1793888758020628,1.1793888758020628,0
S7_QQQ,2022-07-26,1.1793888758020628,1.1793888758020628,0
S7_QQQ,2022-07-27,1.1793888758020628,1.1793888758020628,0
S7_QQQ,2022-07-28,1.1793888758020628,1.1793888758020628,0
S7_QQQ,2022-07-29,1.1793888758020628,1.1793888758020628,0
S7_QQQ,2022-08-01,1.1793888758020628,1.1793888758020628,0
S7_QQQ,2022-08-02,1.1793888758020628,1.1793888758020628,0
S7_QQQ,2022-08-03,1.1793888758020628,1.1793888758020628,0
S7_QQQ,2022-08-04,1.1793888758020628,1.1793888758020628,0
S7_QQQ,2022-08-05,1.1793888758020628,1.1793888758020628,0
S7_QQQ,2022-08-08,1.1793888758020628,1.1793888758020628,0
S7_QQQ,2022-08-09,1.1793888758020628,1.1793888758020628,0
S7_QQQ,2022-08-10,1.1793888758020628,1.1793888758020628,0
S7_QQQ,2022-08-11,1.1793888758020628,1.1793888758020628,0
S7_QQQ,2022-08-12,1.1793888758020628,1.1793888758020628,0
S7_QQQ,2022-08-15,1.1793888758020628,1.1793888758020628,0
S7_QQQ,2022-08-16,1.1375368798796073,0.47175555032082517,3
S7_QQQ,2022-08-17,1.1083970169981758,0.21958726245524318,4
S7_QQQ,2022-08-18,1.1038967887734055,0.4272708202669517,3
S7_QQQ,2022-08-19,1.0511598691711166,0.4272708202669517,3
S7_QQQ,2022-08-22,1.0359364787131975,0.8173981159954304,1
S7_QQQ,2022-08-23,1.0408663753798402,0.8173981159954304,1
S7_QQQ,2022-08-24,1.0413513296344679,0.8173981159954304,1
S7_QQQ,2022-08-25,1.040577418006263,0.8173981159954304,1
S7_QQQ,2022-08-26,1.0345620390826653,0.8173981159954304,1
S7_QQQ,2022-08-29,1.0320971022515084,0.8173981159954304,1
S7_QQQ,2022-08-30,1.0343962008766214,1.0343962008766214,0
S7_QQQ,2022-08-31,1.0343962008766214,1.0343962008766214,0
S7_QQQ,2022-09-01,1.0343962008766214,1.0343962008766214,0
S7_QQQ,2022-09-02,1.0343962008766214,1.0343962008766214,0
S7_QQQ,2022-09-06,1.0343962008766214,1.0343962008766214,0
S7_QQQ,2022-09-07,1.0343962008766214,1.0343962008766214,0
S7_QQQ,2022-09-08,1.0343962008766214,1.0343962008766214,0
S7_QQQ,2022-09-09,1.0343962008766214,1.0343962008766214,0
S7_QQQ,2022-09-12,1.0343962008766214,1.0343962008766214,0
S7_QQQ,2022-09-13,1.0343962008766214,1.0343962008766214,0
S7_QQQ,2022-09-14,1.0343962008766214,1.0343962008766214,0
S7_QQQ,2022-09-15,1.0343962008766214,1.0343962008766214,0
S7_QQQ,2022-09-16,1.0343962008766214,1.0343962008766214,0
S7_QQQ,2022-09-19,1.0343962008766214,1.0343962008766214,0
S7_QQQ,2022-09-20,1.0343962008766214,1.0343962008766214,0
S7_QQQ,2022-09-21,1.0343962008766214,1.0343962008766214,0
S7_QQQ,2022-09-22,1.0343962008766214,1.0343962008766214,0
S7_QQQ,2022-09-23,1.0343962008766214,1.0343962008766214,0
S7_QQQ,2022-09-26,1.0343962008766214,1.0343962008766214,0
S7_QQQ,2022-09-27,1.0343962008766214,1.0343962008766214,0
S7_QQQ,2022-09-28,1.0343962008766214,1.0343962008766214,0
S7_QQQ,2022-09-29,1.0343962008766214,1.0343962008766214,0
S7_QQQ,2022-09-30,1.0343962008766214,1.0343962008766214,0
S7_QQQ,2022-10-03,1.0343962008766214,1.0343962008766214,0
S7_QQQ,2022-10-04,1.0343962008766214,1.0343962008766214,0
S7_QQQ,2022-10-05,1.0343962008766214,1.0343962008766214,0
S7_QQQ,2022-10-06,1.0343962008766214,1.0343962008766214,0
S7_QQQ,2022-10-07,1.0343962008766214,1.0343962008766214,0
S7_QQQ,2022-10-10,1.0343962008766214,1.0343962008766214,0
S7_QQQ,2022-10-11,1.0343962008766214,1.0343962008766214,0
S7_QQQ,2022-10-12,1.0343962008766214,1.0343962008766214,0
S7_QQQ,2022-10-13,1.0343962008766214,1.0343962008766214,0
S7_QQQ,2022-10-14,1.0343962008766214,1.0343962008766214,0
S7_QQQ,2022-10-17,1.0343962008766214,1.0343962008766214,0
S7_QQQ,2022-10-18,1.0343962008766214,1.0343962008766214,0
S7_QQQ,2022-10-19,1.0343962008766214,1.0343962008766214,0
S7_QQQ,2022-10-20,1.0343962008766214,1.0343962008766214,0
S7_QQQ,2022-10-21,1.0343962008766214,1.0343962008766214,0
S7_QQQ,2022-10-24,1.0343962008766214,1.0343962008766214,0
S7_QQQ,2022-10-25,1.0343962008766214,1.0343962008766214,0
S7_QQQ,2022-10-26,1.0343962008766214,1.0343962008766214,0
S7_QQQ,2022-10-27,1.0343962008766214,1.0343962008766214,0
S7_QQQ,2022-10-28,1.0343962008766214,1.0343962008766214,0
S7_QQQ,2022-10-31,1.0343962008766214,1.0343962008766214,0
S7_QQQ,2022-11-01,1.0343962008766214,1.0343962008766214,0
S7_QQQ,2022-11-02,1.0343962008766214,1.0343962008766214,0
S7_QQQ,2022-11-03,1.0343962008766214,1.0343962008766214,0
S7_QQQ,2022-11-04,1.0343962008766214,1.0343962008766214,0
S7_QQQ,2022-11-07,1.0343962008766214,1.0343962008766214,0
S7_QQQ,2022-11-08,1.0343962008766214,1.0343962008766214,0
S7_QQQ,2022-11-09,1.0343962008766214,1.0343962008766214,0
S7_QQQ,2022-11-10,1.0343962008766214,1.0343962008766214,0
S7_QQQ,2022-11-11,1.0343962008766214,1.0343962008766214,0
S7_QQQ,2022-11-14,1.0343962008766214,1.0343962008766214,0
S7_QQQ,2022-11-15,1.0343962008766214,1.0343962008766214,0
S7_QQQ,2022-11-16,1.0343962008766214,1.0343962008766214,0
S7_QQQ,2022-11-17,1.0343962008766214,1.0343962008766214,0
S7_QQQ,2022-11-18,1.0343962008766214,1.0343962008766214,0
S7_QQQ,2022-11-21,1.0343962008766214,1.0343962008766214,0
S7_QQQ,2022-11-22,1.0343962008766214,1.0343962008766214,0
S7_QQQ,2022-11-23,1.0343962008766214,1.0343962008766214,0
S7_QQQ,2022-11-25,1.0343962008766214,1.0343962008766214,0
S7_QQQ,2022-11-28,1.0343962008766214,1.0343962008766214,0
S7_QQQ,2022-11-29,1.0343962008766214,1.0343962008766214,0
S7_QQQ,2022-11-30,1.0343962008766214,1.0343962008766214,0
S7_QQQ,2022-12-01,1.0343962008766214,1.0343962008766214,0
S7_QQQ,2022-12-02,1.0343962008766214,1.0343962008766214,0
S7_QQQ,2022-12-05,1.0343962008766214,1.0343962008766214,0
S7_QQQ,2022-12-06,1.0343962008766214,1.0343962008766214,0
S7_QQQ,2022-12-07,1.0343962008766214,1.0343962008766214,0
S7_QQQ,2022-12-08,1.0343962008766214,1.0343962008766214,0
S7_QQQ,2022-12-09,1.0343962008766214,1.0343962008766214,0
S7_QQQ,2022-12-12,1.0343962008766214,1.0343962008766214,0
S7_QQQ,2022-12-13,1.0343962008766214,1.0343962008766214,0
S7_QQQ,2022-12-14,1.0343962008766214,1.0343962008766214,0
S7_QQQ,2022-12-15,1.0343962008766214,1.0343962008766214,0
S7_QQQ,2022-12-16,1.0343962008766214,1.0343962008766214,0
S7_QQQ,2022-12-19,1.0343962008766214,1.0343962008766214,0
S7_QQQ,2022-12-20,1.0343962008766214,1.0343962008766214,0
S7_QQQ,2022-12-21,1.0343962008766214,1.0343962008766214,0
S7_QQQ,2022-12-22,1.0343962008766214,1.0343962008766214,0
S7_QQQ,2022-12-23,1.0343962008766214,1.0343962008766214,0
S7_QQQ,2022-12-27,1.0343962008766214,1.0343962008766214,0
S7_QQQ,2022-12-28,1.0343962008766214,1.0343962008766214,0
S7_QQQ,2022-12-29,1.0343962008766214,1.0343962008766214,0
S7_QQQ,2022-12-30,1.0343962008766214,1.0343962008766214,0
S7_QQQ,2023-01-03,1.0343962008766214,1.0343962008766214,0
S7_QQQ,2023-01-04,1.0343962008766214,1.0343962008766214,0
S7_QQQ,2023-01-05,1.0343962008766214,1.0343962008766214,0
S7_QQQ,2023-01-06,1.0343962008766214,1.0343962008766214,0
S7_QQQ,2023-01-09,1.0343962008766214,1.0343962008766214,0
S7_QQQ,2023-01-10,1.0343962008766214,1.0343962008766214,0
S7_QQQ,2023-01-11,1.0343962008766214,1.0343962008766214,0
S7_QQQ,2023-01-12,1.0343962008766214,1.0343962008766214,0
S7_QQQ,2023-01-13,1.0343962008766214,1.0343962008766214,0
S7_QQQ,2023-01-17,1.0343962008766214,1.0343962008766214,0
S7_QQQ,2023-01-18,1.0343962008766214,1.0343962008766214,0
S7_QQQ,2023-01-19,1.0343962008766214,1.0343962008766214,0
S7_QQQ,2023-01-20,1.0343962008766214,1.0343962008766214,0
S7_QQQ,2023-01-23,1.0343962008766214,1.0343962008766214,0
S7_QQQ,2023-01-24,1.030671477873005,0.20687924017532422,4
S7_QQQ,2023-01-25,1.0293915023667148,0.0034735179786450354,5
S7_QQQ,2023-01-26,1.0306911764649533,0.0034735179786450354,5
S7_QQQ,2023-01-27,1.0343319431632483,0.0034735179786450354,5
S7_QQQ,2023-01-30,1.0055067056610212,0.0034735179786450354,5
S7_QQQ,2023-01-31,1.0248985222651141,0.0034735179786450354,5
S7_QQQ,2023-02-01,1.0724000177409252,0.0034735179786450354,5
S7_QQQ,2023-02-02,1.103622397831161,0.021778914592781473,5
S7_QQQ,2023-02-03,1.1089263816591868,0.021778914592781473,5
S7_QQQ,2023-02-06,1.0573289751551254,0.043167005461910046,5
S7_QQQ,2023-02-07,1.0538817429775849,0.043167005461910046,5
S7_QQQ,2023-02-08,1.027974013071748,0.027630441227215086,5
S7_QQQ,2023-02-09,1.0088136247629345,0.027630441227215086,5
S7_QQQ,2023-02-10,1.0080148989333106,0.40746161918920343,3
S7_QQQ,2023-02-13,1.0078611743417774,0.20564007209140656,4
S7_QQQ,2023-02-14,1.058802339959374,0.006405547222432306,5
S7_QQQ,2023-02-15,1.1185793464727682,0.03136689108601198,5
S7_QQQ,2023-02-16,1.093693196350346,0.04945071456189537,5
S7_QQQ,2023-02-17,1.0746567190278975,0.04945071456189537,5
S7_QQQ,2023-02-21,1.0283063907048753,0.04945071456189537,5
S7_QQQ,2023-02-22,1.0210347039740602,0.6127128161929625,2
S7_QQQ,2023-02-23,1.0131308454963852,0.19892774192616725,4
S7_QQQ,2023-02-24,1.0102209239114879,0.19892774192616725,4
S7_QQQ,2023-02-27,1.055895028589035,0.19892774192616725,4
S7_QQQ,2023-02-28,1.0548456486528035,0.0,5
S7_QQQ,2023-03-01,1.0517264963449635,0.0,5
S7_QQQ,2023-03-02,0.9717116376782318,0.0,5
S7_QQQ,2023-03-03,1.022360853853548,0.0017889150498147377,5
S7_QQQ,2023-03-06,1.0335378935619113,0.0017889150498147377,5
S7_QQQ,2023-03-07,1.0053639607371505,0.0017889150498147377,5
S7_QQQ,2023-03-08,1.0013514694666792,0.0017889150498147377,5
S7_QQQ,2023-03-09,0.9586611337893869,0.16342510099021648,4
S7_QQQ,2023-03-10,0.9317860816279253,0.3566730428052754,3
S7_QQQ,2023-03-13,0.9247649552369008,0.0,5
S7_QQQ,2023-03-14,0.9520341037963926,0.0,5
S7_QQQ,2023-03-15,0.9400762247688992,0.0,5
S7_QQQ,2023-03-16,0.9886543275485637,0.0,5
S7_QQQ,2023-03-17,0.9722000237580108,0.0,5
S7_QQQ,2023-03-20,0.998472524043464,0.0,5
S7_QQQ,2023-03-21,1.0023826724817277,0.20931848196853325,4
S7_QQQ,2023-03-22,0.9814632670616021,0.008632300689501493,5
S7_QQQ,2023-03-23,0.9820542921654537,0.20581104740598274,4
S7_QQQ,2023-03-24,0.9748132532387643,0.01051721092675223,5
S7_QQQ,2023-03-27,0.9649440000763871,0.01051721092675223,5
S7_QQQ,2023-03-28,0.9709081043516286,0.01051721092675223,5
S7_QQQ,2023-03-29,0.9909978922915752,0.01051721092675223,5
S7_QQQ,2023-03-30,1.002946200803872,0.021803344719754897,5
S7_QQQ,2023-03-31,1.0471973581623135,0.22538396817022402,4
S7_QQQ,2023-04-03,1.0510389271382612,0.45636959851386205,3
S7_QQQ,2023-04-04,1.0478203521939886,0.45636959851386205,3
S7_QQQ,2023-04-05,1.04306058561201,0.45636959851386205,3
S7_QQQ,2023-04-06,1.0482628035416672,0.45636959851386205,3
S7_QQQ,2023-04-10,1.073542362765141,0.24777832130117677,4
S7_QQQ,2023-04-11,1.109905825261526,0.06023088631459292,5
S7_QQQ,2023-04-12,1.1084802903016742,0.09989770061314623,5
S7_QQQ,2023-04-13,1.1151574902166084,0.09989770061314623,5
S7_QQQ,2023-04-14,1.1140893547250137,0.09989770061314623,5
S7_QQQ,2023-04-17,1.0925244280308801,0.2784334911677604,4
S7_QQQ,2023-04-18,1.0886080410689458,0.48600851957158775,3
S7_QQQ,2023-04-19,1.0793974879355819,1.0793974879355819,0
S7_QQQ,2023-04-20,1.0793974879355819,1.0793974879355819,0
S7_QQQ,2023-04-21,1.0784653672481217,0.8635179903484655,1
S7_QQQ,2023-04-24,1.0532147339427766,0.21835770734632684,4
S7_QQQ,2023-04-25,1.020948770250059,0.21835770734632684,4
S7_QQQ,2023-04-26,1.0263235024990904,0.40663095181416997,3
S7_QQQ,2023-04-27,1.0345516932431147,0.40663095181416997,3
S7_QQQ,2023-04-28,1.052355074314024,0.40663095181416997,3
S7_QQQ,2023-05-01,1.0401942993889628,0.40663095181416997,3
S7_QQQ,2023-05-02,1.0308055446578694,0.40663095181416997,3
S7_QQQ,2023-05-03,1.022566196928755,0.0,5
S7_QQQ,2023-05-04,1.0177706480692423,0.0,5
S7_QQQ,2023-05-05,1.0457537035835314,0.0,5
S7_QQQ,2023-05-08,1.0243129684466334,0.0,5
S7_QQQ,2023-05-09,1.0350162048927678,0.18094208407457202,4
S7_QQQ,2023-05-10,1.0493371477805309,0.18094208407457202,4
S7_QQQ,2023-05-11,1.0535691929764979,0.18094208407457202,4
S7_QQQ,2023-05-12,1.0524029123131453,0.18094208407457202,4
S7_QQQ,2023-05-15,1.0878092316661712,0.18094208407457202,4
S7_QQQ,2023-05-16,1.076892250634235,0.4274170869612728,3
S7_QQQ,2023-05-17,1.0982552148925764,0.4274170869612728,3
S7_QQQ,2023-05-18,1.1123760054574925,0.6683196137623372,2
S7_QQQ,2023-05-19,1.1118320598770564,0.9059115312047764,1
S7_QQQ,2023-05-22,1.1118675506026154,0.9059115312047764,1
S7_QQQ,2023-05-23,1.1085330731314988,0.9059115312047764,1
S7_QQQ,2023-05-24,1.1047610955587912,0.9059115312047764,1
S7_QQQ,2023-05-25,1.1151428831172376,0.9059115312047764,1
S7_QQQ,2023-05-26,1.1216580949375463,0.9059115312047764,1
S7_QQQ,2023-05-30,1.1208895106361059,0.9059115312047764,1
S7_QQQ,2023-05-31,1.113901307988647,0.9059115312047764,1
S7_QQQ,2023-06-01,1.1146226076937151,1.1146226076937151,0
S7_QQQ,2023-06-02,1.1146226076937151,1.1146226076937151,0
S7_QQQ,2023-06-05,1.1146226076937151,1.1146226076937151,0
S7_QQQ,2023-06-06,1.1146226076937151,1.1146226076937151,0
S7_QQQ,2023-06-07,1.1146226076937151,1.1146226076937151,0
S7_QQQ,2023-06-08,1.1146226076937151,1.1146226076937151,0
S7_QQQ,2023-06-09,1.1146226076937151,1.1146226076937151,0
S7_QQQ,2023-06-12,1.1146226076937151,1.1146226076937151,0
S7_QQQ,2023-06-13,1.1146226076937151,1.1146226076937151,0
S7_QQQ,2023-06-14,1.1146226076937151,1.1146226076937151,0
S7_QQQ,2023-06-15,1.1146226076937151,1.1146226076937151,0
S7_QQQ,2023-06-16,1.1146226076937151,1.1146226076937151,0
S7_QQQ,2023-06-20,1.1146226076937151,1.1146226076937151,0
S7_QQQ,2023-06-21,1.1146226076937151,1.1146226076937151,0
S7_QQQ,2023-06-22,1.1146226076937151,1.1146226076937151,0
S7_QQQ,2023-06-23,1.1146226076937151,1.1146226076937151,0
S7_QQQ,2023-06-26,1.1146226076937151,1.1146226076937151,0
S7_QQQ,2023-06-27,1.1146226076937151,1.1146226076937151,0
S7_QQQ,2023-06-28,1.1146226076937151,1.1146226076937151,0
S7_QQQ,2023-06-29,1.1146226076937151,1.1146226076937151,0
S7_QQQ,2023-06-30,1.1146226076937151,1.1146226076937151,0
S7_QQQ,2023-07-03,1.1146226076937151,1.1146226076937151,0
S7_QQQ,2023-07-05,1.1146226076937151,1.1146226076937151,0
S7_QQQ,2023-07-06,1.1146226076937151,1.1146226076937151,0
S7_QQQ,2023-07-07,1.1146226076937151,1.1146226076937151,0
S7_QQQ,2023-07-10,1.1146226076937151,1.1146226076937151,0
S7_QQQ,2023-07-11,1.1146226076937151,1.1146226076937151,0
S7_QQQ,2023-07-12,1.1146226076937151,1.1146226076937151,0
S7_QQQ,2023-07-13,1.1146226076937151,1.1146226076937151,0
S7_QQQ,2023-07-14,1.1146226076937151,1.1146226076937151,0
S7_QQQ,2023-07-17,1.1146226076937151,1.1146226076937151,0
S7_QQQ,2023-07-18,1.1146226076937151,1.1146226076937151,0
S7_QQQ,2023-07-19,1.1146226076937151,1.1146226076937151,0
S7_QQQ,2023-07-20,1.1146226076937151,1.1146226076937151,0
S7_QQQ,2023-07-21,1.1146226076937151,1.1146226076937151,0
S7_QQQ,2023-07-24,1.1146226076937151,1.1146226076937151,0
S7_QQQ,2023-07-25,1.1146226076937151,1.1146226076937151,0
S7_QQQ,2023-07-26,1.1146226076937151,1.1146226076937151,0
S7_QQQ,2023-07-27,1.1146226076937151,1.1146226076937151,0
S7_QQQ,2023-07-28,1.1146226076937151,1.1146226076937151,0
S7_QQQ,2023-07-31,1.1146226076937151,1.1146226076937151,0
S7_QQQ,2023-08-01,1.1146226076937151,1.1146226076937151,0
S7_QQQ,2023-08-02,1.1146226076937151,1.1146226076937151,0
S7_QQQ,2023-08-03,1.1146226076937151,1.1146226076937151,0
S7_QQQ,2023-08-04,1.1146226076937151,1.1146226076937151,0
S7_QQQ,2023-08-07,1.1146226076937151,1.1146226076937151,0
S7_QQQ,2023-08-08,1.1146226076937151,1.1146226076937151,0
S7_QQQ,2023-08-09,1.1146226076937151,1.1146226076937151,0
S7_QQQ,2023-08-10,1.1146226076937151,1.1146226076937151,0
S7_QQQ,2023-08-11,1.1146226076937151,1.1146226076937151,0
S7_QQQ,2023-08-14,1.1146226076937151,1.1146226076937151,0
S7_QQQ,2023-08-15,1.1146226076937151,1.1146226076937151,0
S7_QQQ,2023-08-16,1.1146226076937151,1.1146226076937151,0
S7_QQQ,2023-08-17,1.1146226076937151,1.1146226076937151,0
S7_QQQ,2023-08-18,1.1146226076937151,1.1146226076937151,0
S7_QQQ,2023-08-21,1.1146226076937151,1.1146226076937151,0
S7_QQQ,2023-08-22,1.1146226076937151,1.1146226076937151,0
S7_QQQ,2023-08-23,1.1146226076937151,1.1146226076937151,0
S7_QQQ,2023-08-24,1.1146226076937151,1.1146226076937151,0
S7_QQQ,2023-08-25,1.1146226076937151,1.1146226076937151,0
S7_QQQ,2023-08-28,1.1146226076937151,1.1146226076937151,0
S7_QQQ,2023-08-29,1.1146226076937151,1.1146226076937151,0
S7_QQQ,2023-08-30,1.1146226076937151,1.1146226076937151,0
S7_QQQ,2023-08-31,1.1146226076937151,1.1146226076937151,0
S7_QQQ,2023-09-01,1.1146226076937151,1.1146226076937151,0
S7_QQQ,2023-09-05,1.1146226076937151,1.1146226076937151,0
S7_QQQ,2023-09-06,1.1146226076937151,1.1146226076937151,0
S7_QQQ,2023-09-07,1.1146226076937151,1.1146226076937151,0
S7_QQQ,2023-09-08,1.1146226076937151,1.1146226076937151,0
S7_QQQ,2023-09-11,1.1146226076937151,1.1146226076937151,0
S7_QQQ,2023-09-12,1.1146226076937151,1.1146226076937151,0
S7_QQQ,2023-09-13,1.1146226076937151,1.1146226076937151,0
S7_QQQ,2023-09-14,1.1146226076937151,1.1146226076937151,0
S7_QQQ,2023-09-15,1.1146226076937151,1.1146226076937151,0
S7_QQQ,2023-09-18,1.1146226076937151,1.1146226076937151,0
S7_QQQ,2023-09-19,1.1146226076937151,1.1146226076937151,0
S7_QQQ,2023-09-20,1.1146226076937151,1.1146226076937151,0
S7_QQQ,2023-09-21,1.1146226076937151,1.1146226076937151,0
S7_QQQ,2023-09-22,1.1146226076937151,1.1146226076937151,0
S7_QQQ,2023-09-25,1.1146226076937151,1.1146226076937151,0
S7_QQQ,2023-09-26,1.1146226076937151,1.1146226076937151,0
S7_QQQ,2023-09-27,1.1146226076937151,1.1146226076937151,0
S7_QQQ,2023-09-28,1.1103840932659903,0.6687735646162292,2
S7_QQQ,2023-09-29,1.1100448681902344,0.0,5
S7_QQQ,2023-10-02,1.1112556394428394,0.0,5
S7_QQQ,2023-10-03,1.1032559107266156,0.0,5
S7_QQQ,2023-10-04,1.1081705537768627,0.0,5
S7_QQQ,2023-10-05,1.115894744251149,0.0,5
S7_QQQ,2023-10-06,1.1215841472541457,0.0,5
S7_QQQ,2023-10-09,1.1232179957585622,0.0,5
S7_QQQ,2023-10-10,1.126374122641134,0.0,5
S7_QQQ,2023-10-11,1.1515844365545842,0.0,5
S7_QQQ,2023-10-12,1.1399983222252859,0.0,5
S7_QQQ,2023-10-13,1.1259241149151433,0.0,5
S7_QQQ,2023-10-16,1.1381298602876986,0.0,5
S7_QQQ,2023-10-17,1.137601564048087,0.0,5
S7_QQQ,2023-10-18,1.129980614034848,0.0,5
S7_QQQ,2023-10-19,1.116954915291433,0.0,5
S7_QQQ,2023-10-20,1.1058409280091035,0.0,5
S7_QQQ,2023-10-23,1.0944452932036537,0.0,5
S7_QQQ,2023-10-24,1.1218304288486562,0.0,5
S7_QQQ,2023-10-25,1.080703619403068,0.0,5
S7_QQQ,2023-10-26,1.077441440959802,0.2266307878475566,4
S7_QQQ,2023-10-27,1.0952070200272268,0.8713589185818541,1
S7_QQQ,2023-10-30,1.1138372798190606,0.652506425064855,2
S7_QQQ,2023-10-31,1.1128656721019323,0.4473330247296005,3
S7_QQQ,2023-11-01,1.1365510190972992,0.001154656602616766,5
S7_QQQ,2023-11-02,1.156713537838632,0.001154656602616766,5
S7_QQQ,2023-11-03,1.1697072989308266,0.001154656602616766,5
S7_QQQ,2023-11-06,1.172274973476923,0.001154656602616766,5
S7_QQQ,2023-11-07,1.1742739112436866,0.001154656602616766,5
S7_QQQ,2023-11-08,1.173767116943053,0.001154656602616766,5
S7_QQQ,2023-11-09,1.1713955533446034,0.001154656602616766,5
S7_QQQ,2023-11-10,1.202854587926867,0.001154656602616766,5
S7_QQQ,2023-11-13,1.196959319146613,0.24736891255741628,4
S7_QQQ,2023-11-14,1.2255139888169118,0.24736891255741628,4
S7_QQQ,2023-11-15,1.228046248706111,0.5003790449278049,3
S7_QQQ,2023-11-16,1.2319698976806333,0.7556212680915574,2
S7_QQQ,2023-11-17,1.2338461597108032,0.7556212680915574,2
S7_QQQ,2023-11-20,1.2317600300818685,0.7556212680915574,2
S7_QQQ,2023-11-21,1.2305050992200006,0.7556212680915574,2
S7_QQQ,2023-11-22,1.2346913732762888,0.7556212680915574,2
S7_QQQ,2023-11-24,1.2348266262080656,0.7556212680915574,2
S7_QQQ,2023-11-27,1.2401589069855405,0.7556212680915574,2
S7_QQQ,2023-11-28,1.232856780172066,0.7556212680915574,2
S7_QQQ,2023-11-29,1.2361050358207848,0.9954664946487329,1
S7_QQQ,2023-11-30,1.2373199357193962,1.2373199357193962,0
S7_QQQ,2023-12-01,1.2373199357193962,1.2373199357193962,0
S7_QQQ,2023-12-04,1.2373199357193962,1.2373199357193962,0
S7_QQQ,2023-12-05,1.2373199357193962,1.2373199357193962,0
S7_QQQ,2023-12-06,1.2373199357193962,1.2373199357193962,0
S7_QQQ,2023-12-07,1.2373199357193962,1.2373199357193962,0
S7_QQQ,2023-12-08,1.2373199357193962,1.2373199357193962,0
S7_QQQ,2023-12-11,1.2373199357193962,1.2373199357193962,0
S7_QQQ,2023-12-12,1.2373199357193962,1.2373199357193962,0
S7_QQQ,2023-12-13,1.2373199357193962,1.2373199357193962,0
S7_QQQ,2023-12-14,1.2373199357193962,1.2373199357193962,0
S7_QQQ,2023-12-15,1.2373199357193962,1.2373199357193962,0
S7_QQQ,2023-12-18,1.2373199357193962,1.2373199357193962,0
S7_QQQ,2023-12-19,1.2373199357193962,1.2373199357193962,0
S7_QQQ,2023-12-20,1.2373199357193962,1.2373199357193962,0
S7_QQQ,2023-12-21,1.2373199357193962,1.2373199357193962,0
S7_QQQ,2023-12-22,1.2373199357193962,1.2373199357193962,0
S7_QQQ,2023-12-26,1.2373199357193962,1.2373199357193962,0
S7_QQQ,2023-12-27,1.2373199357193962,1.2373199357193962,0
S7_QQQ,2023-12-28,1.2373199357193962,1.2373199357193962,0
S7_QQQ,2023-12-29,1.2373199357193962,1.2373199357193962,0
S7_QQQ,2024-01-02,1.2373199357193962,1.2373199357193962,0
S7_QQQ,2024-01-03,1.2373199357193962,1.2373199357193962,0
S7_QQQ,2024-01-04,1.2373199357193962,1.2373199357193962,0
S7_QQQ,2024-01-05,1.2373199357193962,1.2373199357193962,0
S7_QQQ,2024-01-08,1.2373199357193962,1.2373199357193962,0
S7_QQQ,2024-01-09,1.2373199357193962,1.2373199357193962,0
S7_QQQ,2024-01-10,1.2373199357193962,1.2373199357193962,0
S7_QQQ,2024-01-11,1.2373199357193962,1.2373199357193962,0
S7_QQQ,2024-01-12,1.2373199357193962,1.2373199357193962,0
S7_QQQ,2024-01-16,1.2373199357193962,1.2373199357193962,0
S7_QQQ,2024-01-17,1.2373199357193962,1.2373199357193962,0
S7_QQQ,2024-01-18,1.2373199357193962,1.2373199357193962,0
S7_QQQ,2024-01-19,1.2373199357193962,1.2373199357193962,0
S7_QQQ,2024-01-22,1.2373199357193962,1.2373199357193962,0
S7_QQQ,2024-01-23,1.2373199357193962,1.2373199357193962,0
S7_QQQ,2024-01-24,1.2373199357193962,1.2373199357193962,0
S7_QQQ,2024-01-25,1.2373199357193962,1.2373199357193962,0
S7_QQQ,2024-01-26,1.2373199357193962,1.2373199357193962,0
S7_QQQ,2024-01-29,1.2373199357193962,1.2373199357193962,0
S7_QQQ,2024-01-30,1.2373199357193962,1.2373199357193962,0
S7_QQQ,2024-01-31,1.2373199357193962,1.2373199357193962,0
S7_QQQ,2024-02-01,1.2373199357193962,1.2373199357193962,0
S7_QQQ,2024-02-02,1.2373199357193962,1.2373199357193962,0
S7_QQQ,2024-02-05,1.2373199357193962,1.2373199357193962,0
S7_QQQ,2024-02-06,1.2373199357193962,1.2373199357193962,0
S7_QQQ,2024-02-07,1.2373199357193962,1.2373199357193962,0
S7_QQQ,2024-02-08,1.2373199357193962,1.2373199357193962,0
S7_QQQ,2024-02-09,1.2373199357193962,1.2373199357193962,0
S7_QQQ,2024-02-12,1.2373199357193962,1.2373199357193962,0
S7_QQQ,2024-02-13,1.2373199357193962,1.2373199357193962,0
S7_QQQ,2024-02-14,1.2373199357193962,1.2373199357193962,0
S7_QQQ,2024-02-15,1.2373199357193962,1.2373199357193962,0
S7_QQQ,2024-02-16,1.2373199357193962,1.2373199357193962,0
S7_QQQ,2024-02-20,1.2373199357193962,1.2373199357193962,0
S7_QQQ,2024-02-21,1.2373199357193962,1.2373199357193962,0
S7_QQQ,2024-02-22,1.2373199357193962,1.2373199357193962,0
S7_QQQ,2024-02-23,1.2373199357193962,1.2373199357193962,0
S7_QQQ,2024-02-26,1.2373199357193962,1.2373199357193962,0
S7_QQQ,2024-02-27,1.2373199357193962,1.2373199357193962,0
S7_QQQ,2024-02-28,1.2373199357193962,1.2373199357193962,0
S7_QQQ,2024-02-29,1.2373199357193962,1.2373199357193962,0
S7_QQQ,2024-03-01,1.2373199357193962,1.2373199357193962,0
S7_QQQ,2024-03-04,1.2373199357193962,1.2373199357193962,0
S7_QQQ,2024-03-05,1.2373199357193962,1.2373199357193962,0
S7_QQQ,2024-03-06,1.2373199357193962,1.2373199357193962,0
S7_QQQ,2024-03-07,1.2373199357193962,1.2373199357193962,0
S7_QQQ,2024-03-08,1.2373199357193962,1.2373199357193962,0
S7_QQQ,2024-03-11,1.2373199357193962,1.2373199357193962,0
S7_QQQ,2024-03-12,1.2373199357193962,1.2373199357193962,0
S7_QQQ,2024-03-13,1.2373199357193962,1.2373199357193962,0
S7_QQQ,2024-03-14,1.2373199357193962,1.2373199357193962,0
S7_QQQ,2024-03-15,1.2373199357193962,1.2373199357193962,0
S7_QQQ,2024-03-18,1.2373199357193962,1.2373199357193962,0
S7_QQQ,2024-03-19,1.2373199357193962,1.2373199357193962,0
S7_QQQ,2024-03-20,1.2373199357193962,1.2373199357193962,0
S7_QQQ,2024-03-21,1.2373199357193962,1.2373199357193962,0
S7_QQQ,2024-03-22,1.2373199357193962,1.2373199357193962,0
S7_QQQ,2024-03-25,1.2373199357193962,1.2373199357193962,0
S7_QQQ,2024-03-26,1.2373199357193962,1.2373199357193962,0
S7_QQQ,2024-03-27,1.2373199357193962,1.2373199357193962,0
S7_QQQ,2024-03-28,1.2373199357193962,1.2373199357193962,0
S7_QQQ,2024-04-01,1.2373199357193962,1.2373199357193962,0
S7_QQQ,2024-04-02,1.2373199357193962,1.2373199357193962,0
S7_QQQ,2024-04-03,1.2373199357193962,1.2373199357193962,0
S7_QQQ,2024-04-04,1.2373199357193962,1.2373199357193962,0
S7_QQQ,2024-04-05,1.2373199357193962,1.2373199357193962,0
S7_QQQ,2024-04-08,1.2373199357193962,1.2373199357193962,0
S7_QQQ,2024-04-09,1.2373199357193962,1.2373199357193962,0
S7_QQQ,2024-04-10,1.2373199357193962,1.2373199357193962,0
S7_QQQ,2024-04-11,1.2373199357193962,1.2373199357193962,0
S7_QQQ,2024-04-12,1.2373199357193962,1.2373199357193962,0
S7_QQQ,2024-04-15,1.2373199357193962,1.2373199357193962,0
S7_QQQ,2024-04-16,1.2373199357193962,1.2373199357193962,0
S7_QQQ,2024-04-17,1.2373199357193962,1.2373199357193962,0
S7_QQQ,2024-04-18,1.2523530165867922,0.989855948575517,1
S7_QQQ,2024-04-19,1.272071086338612,0.989855948575517,1
S7_QQQ,2024-04-22,1.281930121214522,1.281930121214522,0
S7_QQQ,2024-04-23,1.3006913205534643,1.1102230246251565e-16,5
S7_QQQ,2024-04-24,1.2786335031460472,1.1102230246251565e-16,5
S7_QQQ,2024-04-25,1.2513808363902394,1.1102230246251565e-16,5
S7_QQQ,2024-04-26,1.2717532195867611,1.1102230246251565e-16,5
S7_QQQ,2024-04-29,1.2212779279324848,1.1102230246251565e-16,5
S7_QQQ,2024-04-30,1.203105564324346,0.4387709839372599,3
S7_QQQ,2024-05-01,1.204564456696143,0.4387709839372599,3
S7_QQQ,2024-05-02,1.2183199471726207,0.0,5
S7_QQQ,2024-05-03,1.2434142734167646,0.0,5
S7_QQQ,2024-05-06,1.2607617827192144,0.0,5
S7_QQQ,2024-05-07,1.239532143409509,0.0,5
S7_QQQ,2024-05-08,1.231793410647644,0.44563806948930834,3
S7_QQQ,2024-05-09,1.243882803369303,0.44563806948930834,3
S7_QQQ,2024-05-10,1.2382018499653358,0.44563806948930834,3
S7_QQQ,2024-05-13,1.2343297023245374,0.44563806948930834,3
S7_QQQ,2024-05-14,1.2738561950106297,0.44563806948930834,3
S7_QQQ,2024-05-15,1.267796120552763,0.7355557672524138,2
S7_QQQ,2024-05-16,1.4431448311513102,0.7355557672524138,2
S7_QQQ,2024-05-17,1.4535718811222087,1.1671350198055799,1
S7_QQQ,2024-05-20,1.4537833896481458,1.4537833896481458,0
S7_QQQ,2024-05-21,1.4537833896481458,1.4537833896481458,0
S7_QQQ,2024-05-22,1.4537833896481458,1.4537833896481458,0
S7_QQQ,2024-05-23,1.4537833896481458,1.4537833896481458,0
S7_QQQ,2024-05-24,1.4537833896481458,1.4537833896481458,0
S7_QQQ,2024-05-28,1.4537833896481458,1.4537833896481458,0
S7_QQQ,2024-05-29,1.4537833896481458,1.4537833896481458,0
S7_QQQ,2024-05-30,1.4537833896481458,1.4537833896481458,0
S7_QQQ,2024-05-31,1.4537833896481458,1.4537833896481458,0
S7_QQQ,2024-06-03,1.4537833896481458,1.4537833896481458,0
S7_QQQ,2024-06-04,1.4537833896481458,1.4537833896481458,0
S7_QQQ,2024-06-05,1.4537833896481458,1.4537833896481458,0
S7_QQQ,2024-06-06,1.4537833896481458,1.4537833896481458,0
S7_QQQ,2024-06-07,1.4537833896481458,1.4537833896481458,0
S7_QQQ,2024-06-10,1.4537833896481458,1.4537833896481458,0
S7_QQQ,2024-06-11,1.4537833896481458,1.4537833896481458,0
S7_QQQ,2024-06-12,1.4537833896481458,1.4537833896481458,0
S7_QQQ,2024-06-13,1.4537833896481458,1.4537833896481458,0
S7_QQQ,2024-06-14,1.4537833896481458,1.4537833896481458,0
S7_QQQ,2024-06-17,1.4537833896481458,1.4537833896481458,0
S7_QQQ,2024-06-18,1.4537833896481458,1.4537833896481458,0
S7_QQQ,2024-06-20,1.4537833896481458,1.4537833896481458,0
S7_QQQ,2024-06-21,1.4537833896481458,1.4537833896481458,0
S7_QQQ,2024-06-24,1.4537833896481458,1.4537833896481458,0
S7_QQQ,2024-06-25,1.4537833896481458,1.4537833896481458,0
S7_QQQ,2024-06-26,1.4537833896481458,1.4537833896481458,0
S7_QQQ,2024-06-27,1.4537833896481458,1.4537833896481458,0
S7_QQQ,2024-06-28,1.4537833896481458,1.4537833896481458,0
S7_QQQ,2024-07-01,1.4537833896481458,1.4537833896481458,0
S7_QQQ,2024-07-02,1.4537833896481458,1.4537833896481458,0
S7_QQQ,2024-07-03,1.4537833896481458,1.4537833896481458,0
S7_QQQ,2024-07-05,1.4537833896481458,1.4537833896481458,0
S7_QQQ,2024-07-08,1.4537833896481458,1.4537833896481458,0
S7_QQQ,2024-07-09,1.4537833896481458,1.4537833896481458,0
S7_QQQ,2024-07-10,1.4537833896481458,1.4537833896481458,0
S7_QQQ,2024-07-11,1.4537833896481458,1.4537833896481458,0
S7_QQQ,2024-07-12,1.4537833896481458,1.4537833896481458,0
S7_QQQ,2024-07-15,1.4537833896481458,1.4537833896481458,0
S7_QQQ,2024-07-16,1.4537833896481458,1.4537833896481458,0
S7_QQQ,2024-07-17,1.4537833896481458,1.4537833896481458,0
S7_QQQ,2024-07-18,1.4537833896481458,1.4537833896481458,0
S7_QQQ,2024-07-19,1.4537833896481458,1.4537833896481458,0
S7_QQQ,2024-07-22,1.4537833896481458,1.4537833896481458,0
S7_QQQ,2024-07-23,1.4537833896481458,1.4537833896481458,0
S7_QQQ,2024-07-24,1.4537833896481458,1.4537833896481458,0
S7_QQQ,2024-07-25,1.4537833896481458,1.4537833896481458,0
S7_QQQ,2024-07-26,1.4622695881787018,0.2907566779296293,4
S7_QQQ,2024-07-29,1.4272120157490176,0.2907566779296293,4
S7_QQQ,2024-07-30,1.4127917490399127,0.004790716552195262,5
S7_QQQ,2024-07-31,1.4568333728782592,0.004790716552195262,5
S7_QQQ,2024-08-01,1.36057384326964,0.004790716552195262,5
S7_QQQ,2024-08-02,1.288906957626993,0.24278414417055696,4
S7_QQQ,2024-08-05,1.2213749168853059,0.931778944256793,1
S7_QQQ,2024-08-06,1.1934106849037922,0.6865588159110858,2
S7_QQQ,2024-08-07,1.1873837691423796,0.9143361223070128,1
S7_QQQ,2024-08-08,1.1894523098665228,0.9143361223070128,1
S7_QQQ,2024-08-09,1.1782305743549624,0.1978467120443704,4
S7_QQQ,2024-08-12,1.1634681783867036,0.1978467120443704,4
S7_QQQ,2024-08-13,1.179656861387179,0.41738215827305314,3
S7_QQQ,2024-08-14,1.1624056843691526,0.41738215827305314,3
S7_QQQ,2024-08-15,1.1816693818965196,0.18171902821575203,4
S7_QQQ,2024-08-16,1.223143552137611,0.18171902821575203,4
S7_QQQ,2024-08-19,1.21496128965628,0.4627450734930639,3
S7_QQQ,2024-08-20,1.2136444920477751,0.4627450734930639,3
S7_QQQ,2024-08-21,1.2240776952385004,0.4627450734930639,3
S7_QQQ,2024-08-22,1.1989210298818735,0.4627450734930639,3
S7_QQQ,2024-08-23,1.2286041936613266,0.4980134967977472,3
S7_QQQ,2024-08-26,1.2291607875326656,0.4980134967977472,3
S7_QQQ,2024-08-27,1.2247164328090774,0.4980134967977472,3
S7_QQQ,2024-08-28,1.2074460612214997,0.25321975730905816,4
S7_QQQ,2024-08-29,1.2267195773496156,0.25321975730905816,4
S7_QQQ,2024-08-30,1.2468878115102544,0.25321975730905816,4
S7_QQQ,2024-09-03,1.1407642753170617,0.00624650766663426,5
S7_QQQ,2024-09-04,1.1438780813166836,0.0,5
S7_QQQ,2024-09-05,1.1232138487000742,0.0,5
S7_QQQ,2024-09-06,1.0792237472598294,0.0,5
S7_QQQ,2024-09-09,1.098694025087875,0.6732972655813044,2
S7_QQQ,2024-09-10,1.104875261845703,0.45312769327044,3
S7_QQQ,2024-09-11,1.1299597938240953,0.23200428129309944,4
S7_QQQ,2024-09-12,1.1263629081789674,0.006401813366958914,5
S7_QQQ,2024-09-13,1.1334065522067145,0.017768519035207153,5
S7_QQQ,2024-09-16,1.1154889773064407,0.017768519035207153,5
S7_QQQ,2024-09-17,1.1303120568885636,0.017768519035207153,5
S7_QQQ,2024-09-18,1.122736072926875,0.017768519035207153,5
S7_QQQ,2024-09-19,1.1915153570770496,0.017768519035207153,5
S7_QQQ,2024-09-20,1.1874862890535627,0.27094202420885466,4
S7_QQQ,2024-09-23,1.2175438464985706,0.029268752194238773,5
S7_QQQ,2024-09-24,1.2268349741653712,0.2983558008910278,4
S7_QQQ,2024-09-25,1.2207486357640138,0.2983558008910278,4
S7_QQQ,2024-09-26,1.257014292297419,0.2983558008910278,4
S7_QQQ,2024-09-27,1.2881531631731227,0.2983558008910278,4
S7_QQQ,2024-09-30,1.2804089403236687,0.583813301288815,3
S7_QQQ,2024-10-01,1.2664921201345254,0.583813301288815,3
S7_QQQ,2024-10-02,1.2531713936456428,0.07586755138800816,5
S7_QQQ,2024-10-03,1.265517250979106,0.07586755138800816,5
S7_QQQ,2024-10-04,1.2622055224882271,0.03831676878546897,5
S7_QQQ,2024-10-07,1.251002302639062,0.012846762894304087,5
S7_QQQ,2024-10-08,1.2319812310471094,0.012846762894304087,5
S7_QQQ,2024-10-09,1.2102246732406985,0.012846762894304087,5
S7_QQQ,2024-10-10,1.2149039268222441,0.2293265236330541,4
S7_QQQ,2024-10-11,1.21843513792596,0.45922393853705024,3
S7_QQQ,2024-10-14,1.221681078389488,0.45922393853705024,3
S7_QQQ,2024-10-15,1.2232153264608816,0.45922393853705024,3
S7_QQQ,2024-10-16,1.271241292534553,0.21183612952657976,4
S7_QQQ,2024-10-17,1.259254061189327,0.0,5
S7_QQQ,2024-10-18,1.2858597460089591,0.0,5
S7_QQQ,2024-10-21,1.33277049560933,0.0,5
S7_QQQ,2024-10-22,1.338197259426928,0.5731005968081534,3
S7_QQQ,2024-10-23,1.3105872806863212,0.5731005968081534,3
S7_QQQ,2024-10-24,1.3510738684500962,0.5731005968081534,3
S7_QQQ,2024-10-25,1.3360337938137041,0.3187046273760361,4
S7_QQQ,2024-10-28,1.3967484388132205,0.3187046273760361,4
S7_QQQ,2024-10-29,1.4122538816087697,0.8626355084918088,2
S7_QQQ,2024-10-30,1.405172058246853,0.8626355084918088,2
S7_QQQ,2024-10-31,1.3781535039255806,0.8626355084918088,2
S7_QQQ,2024-11-01,1.385696316654593,0.5850322125989825,3
S7_QQQ,2024-11-04,1.3603009807303268,0.03017523982886061,5
S7_QQQ,2024-11-05,1.4003213037405282,0.03017523982886061,5
S7_QQQ,2024-11-06,1.4568281801116292,0.03017523982886061,5
S7_QQQ,2024-11-07,1.4909726337712812,0.03017523982886061,5
S7_QQQ,2024-11-08,1.467804942915187,0.34308229382919947,4
S7_QQQ,2024-11-11,1.4888911924463075,0.34308229382919947,4
S7_QQQ,2024-11-12,1.4832502450301872,0.34308229382919947,4
S7_QQQ,2024-11-13,1.4841658154588995,0.6548336050005583,3
S7_QQQ,2024-11-14,1.468074067084086,0.6548336050005583,3
S7_QQQ,2024-11-15,1.4449620606482663,0.6548336050005583,3
S7_QQQ,2024-11-18,1.4610494989769718,0.3671032685190498,4
S7_QQQ,2024-11-19,1.4854233446222194,0.07605957262935797,5
S7_QQQ,2024-11-20,1.4625552374748056,0.07605957262935797,5
S7_QQQ,2024-11-21,1.4488087779661152,0.07605957262935797,5
S7_QQQ,2024-11-22,1.4640635496986731,0.34696759573641156,4
S7_QQQ,2024-11-25,1.4777780281358082,0.34696759573641156,4
S7_QQQ,2024-11-26,1.460805454131996,0.34696759573641156,4
S7_QQQ,2024-11-27,1.482365764398419,0.34696759573641156,4
S7_QQQ,2024-11-29,1.517972046869086,0.048870500278549056,5
S7_QQQ,2024-12-02,1.4875781267728725,0.3376153702380018,4
S7_QQQ,2024-12-03,1.4752339182097343,0.6159181596973634,3
S7_QQQ,2024-12-04,1.5444453200922195,0.6159181596973634,3
S7_QQQ,2024-12-05,1.5474010387964905,0.9472404815094486,2
S7_QQQ,2024-12-06,1.5608200839588293,0.9472404815094486,2
S7_QQQ,2024-12-09,1.5291915516968921,0.9472404815094486,2
S7_QQQ,2024-12-10,1.5342396465549015,0.9472404815094486,2
S7_QQQ,2024-12-11,1.5662769738371802,0.9472404815094486,2
S7_QQQ,2024-12-12,1.566967594488824,1.2730046688233072,1
S7_QQQ,2024-12-13,1.5506614995662362,1.2730046688233072,1
S7_QQQ,2024-12-16,1.607732874991734,1.2730046688233072,1
S7_QQQ,2024-12-17,1.6109035153591251,1.6109035153591251,0
S7_QQQ,2024-12-18,1.6109035153591251,1.6109035153591251,0
S7_QQQ,2024-12-19,1.6109035153591251,1.6109035153591251,0
S7_QQQ,2024-12-20,1.6109035153591251,1.6109035153591251,0
S7_QQQ,2024-12-23,1.6109035153591251,1.6109035153591251,0
S7_QQQ,2024-12-24,1.6109035153591251,1.6109035153591251,0
S7_QQQ,2024-12-26,1.6109035153591251,1.6109035153591251,0
S7_QQQ,2024-12-27,1.6109035153591251,1.6109035153591251,0
S7_QQQ,2024-12-30,1.6109035153591251,1.6109035153591251,0
S7_QQQ,2024-12-31,1.5995359377162204,1.2887228122873,1
S7_QQQ,2025-01-02,1.616739110186926,1.2887228122873,1
S7_QQQ,2025-01-03,1.6571899165721022,0.9644696812552728,2
S7_QQQ,2025-01-06,1.7015717642289945,0.9644696812552728,2
S7_QQQ,2025-01-07,1.6968560055033608,1.3487231082915803,1
S7_QQQ,2025-01-08,1.6864046093271017,1.3487231082915803,1
S7_QQQ,2025-01-10,1.6900117545888547,1.3487231082915803,1
S7_QQQ,2025-01-13,1.6679990903846686,1.3487231082915803,1
S7_QQQ,2025-01-14,1.6685576960873236,1.0132900981711015,2
S7_QQQ,2025-01-15,1.7017449410217425,1.0132900981711015,2
S7_QQQ,2025-01-16,1.7202671729626935,0.0,5
S7_QQQ,2025-01-17,1.7508284113719301,0.010009201931756528,5
S7_QQQ,2025-01-21,1.7693762887750726,0.3973116808673033,4
S7_QQQ,2025-01-22,1.7829916082434267,0.3973116808673033,4
S7_QQQ,2025-01-23,1.7714777112128428,0.3973116808673033,4
S7_QQQ,2025-01-24,1.7742392922143984,0.7853162322727338,3
S7_QQQ,2025-01-27,1.7445161864295395,0.7853162322727338,3
S7_QQQ,2025-01-28,1.7539087297009652,1.0909410171451734,2
S7_QQQ,2025-01-29,1.7468696372080137,1.0909410171451734,2
S7_QQQ,2025-01-30,1.810783358716109,1.0674886614659884,2
S7_QQQ,2025-01-31,1.7979790604489827,1.0674886614659884,2
S7_QQQ,2025-02-03,1.7941914650537434,1.0674886614659884,2
S7_QQQ,2025-02-04,1.8010596032723316,0.347719216470962,4
S7_QQQ,2025-02-05,1.7990096109659222,0.0,5
S7_QQQ,2025-02-06,1.8244429087463934,0.0,5
S7_QQQ,2025-02-07,1.8306317225599487,0.0,5
S7_QQQ,2025-02-10,1.839746733478076,0.4223133290472326,4
S7_QQQ,2025-02-11,1.8040155127354427,0.4223133290472326,4
S7_QQQ,2025-02-12,1.8004193105768314,0.06916550090305207,5
S7_QQQ,2025-02-13,1.837646768947367,0.06916550090305207,5
S7_QQQ,2025-02-14,1.8323776768781062,0.7066019320071624,3
S7_QQQ,2025-02-18,1.8866790429365161,0.7066019320071624,3
S7_QQQ,2025-02-19,1.871725230629047,1.1223505550248103,2
S7_QQQ,2025-02-20,1.8617756148951785,1.1223505550248103,2
S7_QQQ,2025-02-21,1.7968825822237515,1.1223505550248103,2
S7_QQQ,2025-02-24,1.7472440497015975,1.1223505550248103,2
S7_QQQ,2025-02-25,1.7196504344518027,1.7196504344518027,0
S7_QQQ,2025-02-26,1.7149572754519968,1.3757203475614421,1
S7_QQQ,2025-02-27,1.651234962897688,0.6888869200428438,3
S7_QQQ,2025-02-28,1.6417722979303562,0.9879109369623067,2
S7_QQQ,2025-03-03,1.5756757249554103,0.0,5
S7_QQQ,2025-03-04,1.570029168236982,0.0,5
S7_QQQ,2025-03-05,1.6955601730911989,0.0,5
S7_QQQ,2025-03-06,1.6177561881019935,0.0,5
S7_QQQ,2025-03-07,1.6354870188333157,0.3156512665328609,4
S7_QQQ,2025-03-10,1.5827816685445932,0.3156512665328609,4
S7_QQQ,2025-03-11,1.5991354352584697,0.3156512665328609,4
S7_QQQ,2025-03-12,1.605386776134667,0.6234185516009345,3
S7_QQQ,2025-03-13,1.5912923514177821,0.6234185516009345,3
S7_QQQ,2025-03-14,1.636349015031161,0.6234185516009345,3
S7_QQQ,2025-03-17,1.6340725695687137,0.6234185516009345,3
S7_QQQ,2025-03-18,1.629255736477588,0.0,5
S7_QQQ,2025-03-19,1.6430122549823216,0.0,5
S7_QQQ,2025-03-20,1.6429974480382918,0.0,5
S7_QQQ,2025-03-21,1.6145250853799542,0.0,5
S7_QQQ,2025-03-24,1.6358523483553826,0.0,5
S7_QQQ,2025-03-25,1.6437602860970748,0.0,5
S7_QQQ,2025-03-26,1.5933219504477032,0.0,5
S7_QQQ,2025-03-27,1.5732937866868517,0.0,5
S7_QQQ,2025-03-28,1.5198949367907764,0.0,5
S7_QQQ,2025-03-31,1.4665470998471462,0.6110385561052247,3
S7_QQQ,2025-04-01,1.4575484542063042,0.8665856661260949,2
S7_QQQ,2025-04-02,1.4572444446531896,0.8665856661260949,2
S7_QQQ,2025-04-03,1.4343493245914183,0.8665856661260949,2
S7_QQQ,2025-04-04,1.3910554205919086,1.1463534541885831,1
S7_QQQ,2025-04-07,1.3823028444957808,1.3823028444957808,0
S7_QQQ,2025-04-08,1.3823028444957808,1.3823028444957808,0
S7_QQQ,2025-04-09,1.3823028444957808,1.3823028444957808,0
S7_QQQ,2025-04-10,1.3823028444957808,1.3823028444957808,0
S7_QQQ,2025-04-11,1.3823028444957808,1.3823028444957808,0
S7_QQQ,2025-04-14,1.3823028444957808,1.3823028444957808,0
S7_QQQ,2025-04-15,1.3823028444957808,1.3823028444957808,0
S7_QQQ,2025-04-16,1.3823028444957808,1.3823028444957808,0
S7_QQQ,2025-04-17,1.3823028444957808,1.3823028444957808,0
S7_QQQ,2025-04-21,1.3823028444957808,1.3823028444957808,0
S7_QQQ,2025-04-22,1.3823028444957808,1.3823028444957808,0
S7_QQQ,2025-04-23,1.3823028444957808,1.3823028444957808,0
S7_QQQ,2025-04-24,1.3823028444957808,1.3823028444957808,0
S7_QQQ,2025-04-25,1.3823028444957808,1.3823028444957808,0
S7_QQQ,2025-04-28,1.3823028444957808,1.3823028444957808,0
S7_QQQ,2025-04-29,1.3823028444957808,1.3823028444957808,0
S7_QQQ,2025-04-30,1.3823028444957808,1.3823028444957808,0
S7_QQQ,2025-05-01,1.3823028444957808,1.3823028444957808,0
S7_QQQ,2025-05-02,1.369958013117738,0.8293817066974685,2
S7_QQQ,2025-05-05,1.3299833880730922,0.018471511227150184,5
S7_QQQ,2025-05-06,1.3368651013535449,0.00024138021061625992,5
S7_QQQ,2025-05-07,1.3301269378795912,0.00024138021061625992,5
S7_QQQ,2025-05-08,1.3571347278127674,0.00024138021061625992,5
S7_QQQ,2025-05-09,1.3411463556932928,0.00024138021061625992,5
S7_QQQ,2025-05-12,1.434103474185038,0.00024138021061625992,5
S7_QQQ,2025-05-13,1.4826402470027675,0.04835051779399835,5
S7_QQQ,2025-05-14,1.4814785028466018,0.04835051779399835,5
S7_QQQ,2025-05-15,1.4608521282920917,0.04835051779399835,5
S7_QQQ,2025-05-16,1.5318075552810257,0.04835051779399835,5
S7_QQQ,2025-05-19,1.490306364552896,0.0659374382253543,5
S7_QQQ,2025-05-20,1.4888952390051473,0.0659374382253543,5
S7_QQQ,2025-05-21,1.4574473769315022,0.0659374382253543,5
S7_QQQ,2025-05-22,1.4734976128211035,0.3159945335402808,4
S7_QQQ,2025-05-23,1.4864814280654846,0.023696140359548423,5
S7_QQQ,2025-05-27,1.5360709249294546,0.023696140359548423,5
S7_QQQ,2025-05-28,1.5192208019291296,0.04171675172725575,5
S7_QQQ,2025-05-29,1.502552771458605,0.04171675172725575,5
S7_QQQ,2025-05-30,1.479021550579088,0.04171675172725575,5
S7_QQQ,2025-06-02,1.4816381177187483,0.04171675172725575,5
S7_QQQ,2025-06-03,1.5322723062304375,0.02044380692997233,5
S7_QQQ,2025-06-04,1.538225853370614,0.02044380692997233,5
S7_QQQ,2025-06-05,1.5142886790588106,0.02044380692997233,5
S7_QQQ,2025-06-06,1.5553975971784306,0.27789772720122424,4
S7_QQQ,2025-06-09,1.5709628204754114,0.022179251784903098,5
S7_QQQ,2025-06-10,1.5856981887766843,0.022179251784903098,5
S7_QQQ,2025-06-11,1.5757243956687716,0.3203322354575566,4
S7_QQQ,2025-06-12,1.5727251420464494,0.0076289901732071175,5
S7_QQQ,2025-06-13,1.5237594230798828,0.025745528992702604,5
S7_QQQ,2025-06-16,1.5788440233828007,0.31118358194441165,4
S7_QQQ,2025-06-17,1.521412316570353,0.0,5
S7_QQQ,2025-06-18,1.5233581861100265,0.0,5
S7_QQQ,2025-06-20,1.5292955356613134,0.0,5
S7_QQQ,2025-06-23,1.5498195147508158,0.0,5
S7_QQQ,2025-06-24,1.6253689440843517,0.0,5
S7_QQQ,2025-06-25,1.6238778934131664,0.03277838301046415,5
S7_QQQ,2025-06-26,1.6784727893979805,0.3864259755957574,4
S7_QQQ,2025-06-27,1.6675884520780486,0.046255425263327044,5
S7_QQQ,2025-06-30,1.6894701184086056,0.046255425263327044,5
S7_QQQ,2025-07-01,1.6809133989202583,0.04721523959819446,5
S7_QQQ,2025-07-02,1.7746811256178774,0.04721523959819446,5
S7_QQQ,2025-07-03,1.8378252946578137,0.10249356538912524,5
S7_QQQ,2025-07-07,1.7849095798400252,0.10249356538912524,5
S7_QQQ,2025-07-08,1.8304005698754102,0.10249356538912524,5
S7_QQQ,2025-07-09,1.884222560047107,0.7913913946222533,3
S7_QQQ,2025-07-10,1.8690888551826261,1.1628176587057182,2
S7_QQQ,2025-07-11,1.8483725507726123,0.7880784154747223,3
S7_QQQ,2025-07-14,1.8471218787827548,0.04826175262047627,5
S7_QQQ,2025-07-15,1.8510803323301888,0.04826175262047627,5
S7_QQQ,2025-07-16,1.8955031686483141,0.04826175262047627,5
S7_QQQ,2025-07-17,1.9050707637167428,0.04826175262047627,5
S7_QQQ,2025-07-18,1.8874267413590884,0.04826175262047627,5
S7_QQQ,2025-07-21,1.8697580237737654,0.04826175262047627,5
S7_QQQ,2025-07-22,1.8522165867336498,0.4657970301454591,4
S7_QQQ,2025-07-23,1.8484759802138964,1.8484759802138964,0
S7_QQQ,2025-07-24,1.8484759802138964,1.8484759802138964,0
S7_QQQ,2025-07-25,1.8484759802138964,1.8484759802138964,0
S7_QQQ,2025-07-28,1.8484759802138964,1.8484759802138964,0
S7_QQQ,2025-07-29,1.8484759802138964,1.8484759802138964,0
S7_QQQ,2025-07-30,1.8484759802138964,1.8484759802138964,0
S7_QQQ,2025-07-31,1.8484759802138964,1.8484759802138964,0
S7_QQQ,2025-08-01,1.8484759802138964,1.8484759802138964,0
S7_QQQ,2025-08-04,1.8484759802138964,1.8484759802138964,0
S7_QQQ,2025-08-05,1.8484759802138964,1.8484759802138964,0
S7_QQQ,2025-08-06,1.8484759802138964,1.8484759802138964,0
S7_QQQ,2025-08-07,1.8484759802138964,1.8484759802138964,0
S7_QQQ,2025-08-08,1.8484759802138964,1.8484759802138964,0
S7_QQQ,2025-08-11,1.8484759802138964,1.8484759802138964,0
S7_QQQ,2025-08-12,1.8484759802138964,1.8484759802138964,0
S7_QQQ,2025-08-13,1.8484759802138964,1.8484759802138964,0
S7_QQQ,2025-08-14,1.8484759802138964,1.8484759802138964,0
S7_QQQ,2025-08-15,1.8484759802138964,1.8484759802138964,0
S7_QQQ,2025-08-18,1.8484759802138964,1.8484759802138964,0
S7_QQQ,2025-08-19,1.8484759802138964,1.8484759802138964,0
S7_QQQ,2025-08-20,1.8484759802138964,1.8484759802138964,0
S7_QQQ,2025-08-21,1.8484759802138964,1.8484759802138964,0
S7_QQQ,2025-08-22,1.8484759802138964,1.8484759802138964,0
S7_QQQ,2025-08-25,1.8484759802138964,1.8484759802138964,0
S7_QQQ,2025-08-26,1.8484759802138964,1.8484759802138964,0
S7_QQQ,2025-08-27,1.8484759802138964,1.8484759802138964,0
S7_QQQ,2025-08-28,1.8484759802138964,1.8484759802138964,0
S7_QQQ,2025-08-29,1.8484759802138964,1.8484759802138964,0
S7_QQQ,2025-09-02,1.8484759802138964,1.8484759802138964,0
S7_QQQ,2025-09-03,1.8484759802138964,1.8484759802138964,0
S7_QQQ,2025-09-04,1.8484759802138964,1.8484759802138964,0
S7_QQQ,2025-09-05,1.8484759802138964,1.8484759802138964,0
S7_QQQ,2025-09-08,1.8484759802138964,1.8484759802138964,0
S7_QQQ,2025-09-09,1.8484759802138964,1.8484759802138964,0
S7_QQQ,2025-09-10,1.8484759802138964,1.8484759802138964,0
S7_QQQ,2025-09-11,1.8484759802138964,1.8484759802138964,0
S7_QQQ,2025-09-12,1.8484759802138964,1.8484759802138964,0
S7_QQQ,2025-09-15,1.8484759802138964,1.8484759802138964,0
S7_QQQ,2025-09-16,1.8484759802138964,1.8484759802138964,0
S7_QQQ,2025-09-17,1.8484759802138964,1.8484759802138964,0
S7_QQQ,2025-09-18,1.8484759802138964,1.8484759802138964,0
S7_QQQ,2025-09-19,1.8484759802138964,1.8484759802138964,0
S7_QQQ,2025-09-22,1.8484759802138964,1.8484759802138964,0
S7_QQQ,2025-09-23,1.8484759802138964,1.8484759802138964,0
S7_QQQ,2025-09-24,1.8484759802138964,1.8484759802138964,0
S7_QQQ,2025-09-25,1.8484759802138964,1.8484759802138964,0
S7_QQQ,2025-09-26,1.8484759802138964,1.8484759802138964,0
S7_QQQ,2025-09-29,1.8484759802138964,1.8484759802138964,0
S7_QQQ,2025-09-30,1.8484759802138964,1.8484759802138964,0
S7_QQQ,2025-10-01,1.8484759802138964,1.8484759802138964,0
S7_QQQ,2025-10-02,1.8484759802138964,1.8484759802138964,0
S7_QQQ,2025-10-03,1.8484759802138964,1.8484759802138964,0
S7_QQQ,2025-10-06,1.8484759802138964,1.8484759802138964,0
S7_QQQ,2025-10-07,1.8484759802138964,1.8484759802138964,0
S7_QQQ,2025-10-08,1.8484759802138964,1.8484759802138964,0
S7_QQQ,2025-10-09,1.8484759802138964,1.8484759802138964,0
S7_QQQ,2025-10-10,1.8484759802138964,1.8484759802138964,0
S7_QQQ,2025-10-13,1.8484759802138964,1.8484759802138964,0
S7_QQQ,2025-10-14,1.8484759802138964,1.8484759802138964,0
S7_QQQ,2025-10-15,1.8484759802138964,1.8484759802138964,0
S7_QQQ,2025-10-16,1.8484759802138964,1.8484759802138964,0
S7_QQQ,2025-10-17,1.8484759802138964,1.8484759802138964,0
S7_QQQ,2025-10-20,1.8484759802138964,1.8484759802138964,0
S7_QQQ,2025-10-21,1.8484759802138964,1.8484759802138964,0
S7_QQQ,2025-10-22,1.8484759802138964,1.8484759802138964,0
S7_QQQ,2025-10-23,1.8484759802138964,1.8484759802138964,0
S7_QQQ,2025-10-24,1.8484759802138964,1.8484759802138964,0
S7_QQQ,2025-10-27,1.8484759802138964,1.8484759802138964,0
S7_QQQ,2025-10-28,1.8484759802138964,1.8484759802138964,0
S7_QQQ,2025-10-29,1.8484759802138964,1.8484759802138964,0
S7_QQQ,2025-10-30,1.8484759802138964,1.8484759802138964,0
S7_QQQ,2025-10-31,1.8484759802138964,1.8484759802138964,0
S7_QQQ,2025-11-03,1.8484759802138964,1.8484759802138964,0
S7_QQQ,2025-11-04,1.8484759802138964,1.8484759802138964,0
S7_QQQ,2025-11-05,1.8484759802138964,1.8484759802138964,0
S7_QQQ,2025-11-06,1.8484759802138964,1.8484759802138964,0
S7_QQQ,2025-11-07,1.8484759802138964,1.8484759802138964,0
S7_QQQ,2025-11-10,1.8484759802138964,1.8484759802138964,0
S7_QQQ,2025-11-11,1.8484759802138964,1.8484759802138964,0
S7_QQQ,2025-11-12,1.8484759802138964,1.8484759802138964,0
S7_QQQ,2025-11-13,1.8484759802138964,1.8484759802138964,0
S7_QQQ,2025-11-14,1.8484759802138964,1.8484759802138964,0
S7_QQQ,2025-11-17,1.8484759802138964,1.8484759802138964,0
S7_QQQ,2025-11-18,1.8484759802138964,1.8484759802138964,0
S7_QQQ,2025-11-19,1.8484759802138964,1.8484759802138964,0
S7_QQQ,2025-11-20,1.8484759802138964,1.8484759802138964,0
S7_QQQ,2025-11-21,1.8484759802138964,1.8484759802138964,0
S7_QQQ,2025-11-24,1.8484759802138964,1.8484759802138964,0
S7_QQQ,2025-11-25,1.8484759802138964,1.8484759802138964,0
S7_QQQ,2025-11-26,1.8484759802138964,1.8484759802138964,0
S7_QQQ,2025-11-28,1.8484759802138964,1.8484759802138964,0
S7_QQQ,2025-12-01,1.8484759802138964,1.8484759802138964,0
S7_QQQ,2025-12-02,1.8484759802138964,1.8484759802138964,0
S7_QQQ,2025-12-03,1.8484759802138964,1.8484759802138964,0
S7_QQQ,2025-12-04,1.8484759802138964,1.8484759802138964,0
S7_QQQ,2025-12-05,1.8484759802138964,1.8484759802138964,0
S7_QQQ,2025-12-08,1.8484759802138964,1.8484759802138964,0
S7_QQQ,2025-12-09,1.8484759802138964,1.8484759802138964,0
S7_QQQ,2025-12-10,1.8484759802138964,1.8484759802138964,0
S7_QQQ,2025-12-11,1.8484759802138964,1.8484759802138964,0
S7_QQQ,2025-12-12,1.8484759802138964,1.8484759802138964,0
S7_QQQ,2025-12-15,1.8484759802138964,1.8484759802138964,0
S7_QQQ,2025-12-16,1.8484759802138964,1.8484759802138964,0
S7_QQQ,2025-12-17,1.8484759802138964,1.8484759802138964,0
S7_QQQ,2025-12-18,1.8484759802138964,1.8484759802138964,0
S7_QQQ,2025-12-19,1.8484759802138964,1.8484759802138964,0
S7_QQQ,2025-12-22,1.8484759802138964,1.8484759802138964,0
S7_QQQ,2025-12-23,1.8484759802138964,1.8484759802138964,0
S7_QQQ,2025-12-24,1.8484759802138964,1.8484759802138964,0
S7_QQQ,2025-12-26,1.8484759802138964,1.8484759802138964,0
S7_QQQ,2025-12-29,1.8484759802138964,1.8484759802138964,0
S7_QQQ,2025-12-30,1.8484759802138964,1.8484759802138964,0
S7_QQQ,2025-12-31,1.8484759802138964,1.8484759802138964,0
S7_watchlist,2021-01-04,1.0,1.0,0
S7_watchlist,2021-01-05,1.0,1.0,0
S7_watchlist,2021-01-06,1.0,1.0,0
S7_watchlist,2021-01-07,1.0,1.0,0
S7_watchlist,2021-01-08,1.0,1.0,0
S7_watchlist,2021-01-11,1.0,1.0,0
S7_watchlist,2021-01-12,1.0,1.0,0
S7_watchlist,2021-01-13,1.0,1.0,0
S7_watchlist,2021-01-14,1.0,1.0,0
S7_watchlist,2021-01-15,1.0,1.0,0
S7_watchlist,2021-01-19,1.0,1.0,0
S7_watchlist,2021-01-20,1.0,1.0,0
S7_watchlist,2021-01-21,1.0,1.0,0
S7_watchlist,2021-01-22,1.0,1.0,0
S7_watchlist,2021-01-25,1.0,1.0,0
S7_watchlist,2021-01-26,1.0,1.0,0
S7_watchlist,2021-01-27,1.0,1.0,0
S7_watchlist,2021-01-28,1.0,1.0,0
S7_watchlist,2021-01-29,1.0,1.0,0
S7_watchlist,2021-02-01,1.0,1.0,0
S7_watchlist,2021-02-02,1.0,1.0,0
S7_watchlist,2021-02-03,1.0,1.0,0
S7_watchlist,2021-02-04,1.0,1.0,0
S7_watchlist,2021-02-05,1.0,1.0,0
S7_watchlist,2021-02-08,1.0,1.0,0
S7_watchlist,2021-02-09,1.0,1.0,0
S7_watchlist,2021-02-10,1.0,1.0,0
S7_watchlist,2021-02-11,1.0,1.0,0
S7_watchlist,2021-02-12,1.0,1.0,0
S7_watchlist,2021-02-16,1.0,1.0,0
S7_watchlist,2021-02-17,1.0,1.0,0
S7_watchlist,2021-02-18,1.0,1.0,0
S7_watchlist,2021-02-19,1.0,1.0,0
S7_watchlist,2021-02-22,1.0,1.0,0
S7_watchlist,2021-02-23,1.0,1.0,0
S7_watchlist,2021-02-24,1.0,1.0,0
S7_watchlist,2021-02-25,1.0,1.0,0
S7_watchlist,2021-02-26,1.0,1.0,0
S7_watchlist,2021-03-01,1.0,1.0,0
S7_watchlist,2021-03-02,1.0,1.0,0
S7_watchlist,2021-03-03,1.0,1.0,0
S7_watchlist,2021-03-04,1.0,1.0,0
S7_watchlist,2021-03-05,1.0,1.0,0
S7_watchlist,2021-03-08,0.9661198877808577,5.551115123125783e-17,5
S7_watchlist,2021-03-09,1.0028646979317726,5.551115123125783e-17,5
S7_watchlist,2021-03-10,0.9935267950619768,5.551115123125783e-17,5
S7_watchlist,2021-03-11,1.028151524584304,5.551115123125783e-17,5
S7_watchlist,2021-03-12,1.0232707286827927,5.551115123125783e-17,5
S7_watchlist,2021-03-15,1.0322958243301408,5.551115123125783e-17,5
S7_watchlist,2021-03-16,1.0494800314656882,5.551115123125783e-17,5
S7_watchlist,2021-03-17,1.0556053128889036,0.2249553309690228,4
S7_watchlist,2021-03-18,1.0193689195390256,0.2249553309690228,4
S7_watchlist,2021-03-19,1.0202653436275622,0.2249553309690228,4
S7_watchlist,2021-03-22,1.0220409168960456,0.019179493282243387,5
S7_watchlist,2021-03-23,0.9962462833394439,0.019179493282243387,5
S7_watchlist,2021-03-24,0.9898091798172575,0.019179493282243387,5
S7_watchlist,2021-03-25,0.9978502866291079,0.019179493282243387,5
S7_watchlist,2021-03-26,1.029871470562472,0.019179493282243387,5
S7_watchlist,2021-03-29,1.0178507800845247,0.019179493282243387,5
S7_watchlist,2021-03-30,1.0170372587070995,0.019179493282243387,5
S7_watchlist,2021-03-31,1.02636705196407,0.019179493282243387,5
S7_watchlist,2021-04-01,1.0601955081410472,0.21723822469569595,4
S7_watchlist,2021-04-05,1.0760901035869495,0.21723822469569595,4
S7_watchlist,2021-04-06,1.0735823424034017,1.0735823424034017,0
S7_watchlist,2021-04-07,1.0735823424034017,1.0735823424034017,0
S7_watchlist,2021-04-08,1.0735823424034017,1.0735823424034017,0
S7_watchlist,2021-04-09,1.0735823424034017,1.0735823424034017,0
S7_watchlist,2021-04-12,1.0735823424034017,1.0735823424034017,0
S7_watchlist,2021-04-13,1.0735823424034017,1.0735823424034017,0
S7_watchlist,2021-04-14,1.0735823424034017,1.0735823424034017,0
S7_watchlist,2021-04-15,1.0735823424034017,1.0735823424034017,0
S7_watchlist,2021-04-16,1.0735823424034017,1.0735823424034017,0
S7_watchlist,2021-04-19,1.0735823424034017,1.0735823424034017,0
S7_watchlist,2021-04-20,1.0735823424034017,1.0735823424034017,0
S7_watchlist,2021-04-21,1.0735823424034017,1.0735823424034017,0
S7_watchlist,2021-04-22,1.0735823424034017,1.0735823424034017,0
S7_watchlist,2021-04-23,1.0735823424034017,1.0735823424034017,0
S7_watchlist,2021-04-26,1.0735823424034017,1.0735823424034017,0
S7_watchlist,2021-04-27,1.0735823424034017,1.0735823424034017,0
S7_watchlist,2021-04-28,1.0735823424034017,1.0735823424034017,0
S7_watchlist,2021-04-29,1.0735823424034017,1.0735823424034017,0
S7_watchlist,2021-04-30,1.0735823424034017,1.0735823424034017,0
S7_watchlist,2021-05-03,1.0735823424034017,1.0735823424034017,0
S7_watchlist,2021-05-04,1.0735823424034017,1.0735823424034017,0
S7_watchlist,2021-05-05,1.0735823424034017,1.0735823424034017,0
S7_watchlist,2021-05-06,1.0735823424034017,1.0735823424034017,0
S7_watchlist,2021-05-07,1.0735823424034017,1.0735823424034017,0
S7_watchlist,2021-05-10,1.0735823424034017,1.0735823424034017,0
S7_watchlist,2021-05-11,1.0735823424034017,1.0735823424034017,0
S7_watchlist,2021-05-12,1.0735823424034017,1.0735823424034017,0
S7_watchlist,2021-05-13,1.0735823424034017,1.0735823424034017,0
S7_watchlist,2021-05-14,1.0765209322467313,0.6441494054420409,2
S7_watchlist,2021-05-17,1.083571436534992,0.21562925627698368,4
S7_watchlist,2021-05-18,1.0841994668197994,0.0,5
S7_watchlist,2021-05-19,1.102826540012159,0.0,5
S7_watchlist,2021-05-20,1.111474064663564,0.25833206735610353,4
S7_watchlist,2021-05-21,1.0886063085037279,0.03665435703701839,5
S7_watchlist,2021-05-24,1.1109800983914446,0.03665435703701839,5
S7_watchlist,2021-05-25,1.0956386829917484,0.03665435703701839,5
S7_watchlist,2021-05-26,1.1161238024063287,0.03665435703701839,5
S7_watchlist,2021-05-27,1.1266023063454462,0.03665435703701839,5
S7_watchlist,2021-05-28,1.1277252868605132,0.03665435703701839,5
S7_watchlist,2021-06-01,1.1436301534287399,0.03665435703701839,5
S7_watchlist,2021-06-02,1.1665531802755282,0.03665435703701839,5
S7_watchlist,2021-06-03,1.155103615008857,0.04653302705406598,5
S7_watchlist,2021-06-04,1.170273659750399,0.04653302705406598,5
S7_watchlist,2021-06-07,1.1824044462409968,0.04653302705406598,5
S7_watchlist,2021-06-08,1.1932393815033169,0.04653302705406598,5
S7_watchlist,2021-06-09,1.1790244889027996,0.04653302705406598,5
S7_watchlist,2021-06-10,1.1863167627307647,0.04653302705406598,5
S7_watchlist,2021-06-11,1.185140583251965,0.2900166647387544,4
S7_watchlist,2021-06-14,1.1795201241216888,0.503497007101148,3
S7_watchlist,2021-06-15,1.1694607614007924,0.7122062441896653,2
S7_watchlist,2021-06-16,1.16766989522458,0.7122062441896653,2
S7_watchlist,2021-06-17,1.1756579238466895,0.7122062441896653,2
S7_watchlist,2021-06-18,1.1703152643996633,0.7122062441896653,2
S7_watchlist,2021-06-21,1.1784042022959498,0.9418215775514442,1
S7_watchlist,2021-06-22,1.188447803369471,0.9418215775514442,1
S7_watchlist,2021-06-23,1.2008163122631375,0.9418215775514442,1
S7_watchlist,2021-06-24,1.2054661279034278,1.2054661279034278,0
S7_watchlist,2021-06-25,1.2054661279034278,1.2054661279034278,0
S7_watchlist,2021-06-28,1.2054661279034278,1.2054661279034278,0
S7_watchlist,2021-06-29,1.2054661279034278,1.2054661279034278,0
S7_watchlist,2021-06-30,1.2054661279034278,1.2054661279034278,0
S7_watchlist,2021-07-01,1.2054661279034278,1.2054661279034278,0
S7_watchlist,2021-07-02,1.2054661279034278,1.2054661279034278,0
S7_watchlist,2021-07-06,1.2054661279034278,1.2054661279034278,0
S7_watchlist,2021-07-07,1.2054661279034278,1.2054661279034278,0
S7_watchlist,2021-07-08,1.2054661279034278,1.2054661279034278,0
S7_watchlist,2021-07-09,1.2054661279034278,1.2054661279034278,0
S7_watchlist,2021-07-12,1.2054661279034278,1.2054661279034278,0
S7_watchlist,2021-07-13,1.2054661279034278,1.2054661279034278,0
S7_watchlist,2021-07-14,1.2054661279034278,1.2054661279034278,0
S7_watchlist,2021-07-15,1.2054661279034278,1.2054661279034278,0
S7_watchlist,2021-07-16,1.2054661279034278,1.2054661279034278,0
S7_watchlist,2021-07-19,1.2054661279034278,1.2054661279034278,0
S7_watchlist,2021-07-20,1.2054661279034278,1.2054661279034278,0
S7_watchlist,2021-07-21,1.2054661279034278,1.2054661279034278,0
S7_watchlist,2021-07-22,1.2054661279034278,1.2054661279034278,0
S7_watchlist,2021-07-23,1.2054661279034278,1.2054661279034278,0
S7_watchlist,2021-07-26,1.2054661279034278,1.2054661279034278,0
S7_watchlist,2021-07-27,1.2054661279034278,1.2054661279034278,0
S7_watchlist,2021-07-28,1.2054661279034278,1.2054661279034278,0
S7_watchlist,2021-07-29,1.2054661279034278,1.2054661279034278,0
S7_watchlist,2021-07-30,1.2054661279034278,1.2054661279034278,0
S7_watchlist,2021-08-02,1.2054661279034278,1.2054661279034278,0
S7_watchlist,2021-08-03,1.2054661279034278,1.2054661279034278,0
S7_watchlist,2021-08-04,1.2054661279034278,1.2054661279034278,0
S7_watchlist,2021-08-05,1.2054661279034278,1.2054661279034278,0
S7_watchlist,2021-08-06,1.2054661279034278,1.2054661279034278,0
S7_watchlist,2021-08-09,1.2054661279034278,1.2054661279034278,0
S7_watchlist,2021-08-10,1.2054661279034278,1.2054661279034278,0
S7_watchlist,2021-08-11,1.2054661279034278,1.2054661279034278,0
S7_watchlist,2021-08-12,1.2054661279034278,1.2054661279034278,0
S7_watchlist,2021-08-13,1.2054661279034278,1.2054661279034278,0
S7_watchlist,2021-08-16,1.2054661279034278,1.2054661279034278,0
S7_watchlist,2021-08-17,1.2054661279034278,1.2054661279034278,0
S7_watchlist,2021-08-18,1.2054661279034278,1.2054661279034278,0
S7_watchlist,2021-08-19,1.2054661279034278,1.2054661279034278,0
S7_watchlist,2021-08-20,1.2054661279034278,1.2054661279034278,0
S7_watchlist,2021-08-23,1.2054661279034278,1.2054661279034278,0
S7_watchlist,2021-08-24,1.2054661279034278,1.2054661279034278,0
S7_watchlist,2021-08-25,1.2054661279034278,1.2054661279034278,0
S7_watchlist,2021-08-26,1.2054661279034278,1.2054661279034278,0
S7_watchlist,2021-08-27,1.2054661279034278,1.2054661279034278,0
S7_watchlist,2021-08-30,1.2054661279034278,1.2054661279034278,0
S7_watchlist,2021-08-31,1.2054661279034278,1.2054661279034278,0
S7_watchlist,2021-09-01,1.2054661279034278,1.2054661279034278,0
S7_watchlist,2021-09-02,1.2054661279034278,1.2054661279034278,0
S7_watchlist,2021-09-03,1.2054661279034278,1.2054661279034278,0
S7_watchlist,2021-09-07,1.2054661279034278,1.2054661279034278,0
S7_watchlist,2021-09-08,1.2054661279034278,1.2054661279034278,0
S7_watchlist,2021-09-09,1.2054661279034278,1.2054661279034278,0
S7_watchlist,2021-09-10,1.2054661279034278,1.2054661279034278,0
S7_watchlist,2021-09-13,1.2054661279034278,1.2054661279034278,0
S7_watchlist,2021-09-14,1.2054661279034278,1.2054661279034278,0
S7_watchlist,2021-09-15,1.2054661279034278,1.2054661279034278,0
S7_watchlist,2021-09-16,1.2054661279034278,1.2054661279034278,0
S7_watchlist,2021-09-17,1.2054661279034278,1.2054661279034278,0
S7_watchlist,2021-09-20,1.2054661279034278,1.2054661279034278,0
S7_watchlist,2021-09-21,1.2054661279034278,1.2054661279034278,0
S7_watchlist,2021-09-22,1.2127044503211861,0.48218645116137104,3
S7_watchlist,2021-09-23,1.211601105562636,0.48218645116137104,3
S7_watchlist,2021-09-24,1.2197379674568427,0.48218645116137104,3
S7_watchlist,2021-09-27,1.2418184152870295,0.48218645116137104,3
S7_watchlist,2021-09-28,1.2213386456300905,0.48218645116137104,3
S7_watchlist,2021-09-29,1.20550867681821,0.23848747371392884,4
S7_watchlist,2021-09-30,1.1952578314001079,0.22705275256933538,4
S7_watchlist,2021-10-01,1.2214808902627174,0.21797354516945988,4
S7_watchlist,2021-10-04,1.192828579047808,0.0,5
S7_watchlist,2021-10-05,1.2090574555935572,0.0,5
S7_watchlist,2021-10-06,1.1963918981994703,0.0,5
S7_watchlist,2021-10-07,1.2292590075160585,0.0,5
S7_watchlist,2021-10-08,1.2071105839833367,0.0,5
S7_watchlist,2021-10-11,1.241401051848985,0.0,5
S7_watchlist,2021-10-12,1.2225281153907517,0.02090205396115824,5
S7_watchlist,2021-10-13,1.2302452460563573,0.02090205396115824,5
S7_watchlist,2021-10-14,1.2489406517253088,0.02090205396115824,5
S7_watchlist,2021-10-15,1.267679238687254,0.02090205396115824,5
S7_watchlist,2021-10-18,1.2607184685679025,0.04237908786365019,5
S7_watchlist,2021-10-19,1.2835554849973323,0.04237908786365019,5
S7_watchlist,2021-10-20,1.2868262742439298,0.29573951715388813,4
S7_watchlist,2021-10-21,1.275266956886303,0.29573951715388813,4
S7_watchlist,2021-10-22,1.2571191725469002,0.29573951715388813,4
S7_watchlist,2021-10-25,1.252756826013154,0.045001099498966135,5
S7_watchlist,2021-10-26,1.259063811111909,0.045001099498966135,5
S7_watchlist,2021-10-27,1.2638059368218375,0.045001099498966135,5
S7_watchlist,2021-10-28,1.3015050735247438,0.045001099498966135,5
S7_watchlist,2021-10-29,1.2888036058840902,0.28161616831506164,4
S7_watchlist,2021-11-01,1.306067080048222,0.49160851642878506,3
S7_watchlist,2021-11-02,1.3228719387306371,0.7838739002070674,2
S7_watchlist,2021-11-03,1.3376639152183438,0.7838739002070674,2
S7_watchlist,2021-11-04,1.3420904977540566,1.0711981357432805,1
S7_watchlist,2021-11-05,1.3410193871917175,1.0711981357432805,1
S7_watchlist,2021-11-08,1.3448312463720367,1.0711981357432805,1
S7_watchlist,2021-11-09,1.3463118512000627,1.0711981357432805,1
S7_watchlist,2021-11-10,1.3431003849725287,1.0711981357432805,1
S7_watchlist,2021-11-11,1.3400154072616086,1.0711981357432805,1
S7_watchlist,2021-11-12,1.3429895974065635,1.0711981357432805,1
S7_watchlist,2021-11-15,1.3432901627864844,1.3432901627864844,0
S7_watchlist,2021-11-16,1.3432901627864844,1.3432901627864844,0
S7_watchlist,2021-11-17,1.3432901627864844,1.3432901627864844,0
S7_watchlist,2021-11-18,1.3432901627864844,1.3432901627864844,0
S7_watchlist,2021-11-19,1.3432901627864844,1.3432901627864844,0
S7_watchlist,2021-11-22,1.3432901627864844,1.3432901627864844,0
S7_watchlist,2021-11-23,1.3432901627864844,1.3432901627864844,0
S7_watchlist,2021-11-24,1.3432901627864844,1.3432901627864844,0
S7_watchlist,2021-11-26,1.3432901627864844,1.3432901627864844,0
S7_watchlist,2021-11-29,1.3432901627864844,1.3432901627864844,0
S7_watchlist,2021-11-30,1.3432901627864844,1.3432901627864844,0
S7_watchlist,2021-12-01,1.3432901627864844,1.3432901627864844,0
S7_watchlist,2021-12-02,1.3432901627864844,1.3432901627864844,0
S7_watchlist,2021-12-03,1.3432901627864844,1.3432901627864844,0
S7_watchlist,2021-12-06,1.3432901627864844,1.3432901627864844,0
S7_watchlist,2021-12-07,1.3432901627864844,1.3432901627864844,0
S7_watchlist,2021-12-08,1.3432901627864844,1.3432901627864844,0
S7_watchlist,2021-12-09,1.3432901627864844,1.3432901627864844,0
S7_watchlist,2021-12-10,1.3432901627864844,1.3432901627864844,0
S7_watchlist,2021-12-13,1.3432901627864844,1.3432901627864844,0
S7_watchlist,2021-12-14,1.3432901627864844,1.3432901627864844,0
S7_watchlist,2021-12-15,1.3432901627864844,1.3432901627864844,0
S7_watchlist,2021-12-16,1.3432901627864844,1.3432901627864844,0
S7_watchlist,2021-12-17,1.3423763480894584,1.0746321302291875,1
S7_watchlist,2021-12-20,1.3362830764596345,0.8068021350575127,2
S7_watchlist,2021-12-21,1.355596646125912,0.5381550359162999,3
S7_watchlist,2021-12-22,1.3666639054404488,0.0,5
S7_watchlist,2021-12-23,1.3738429789007525,0.0,5
S7_watchlist,2021-12-27,1.4315738514273715,0.0,5
S7_watchlist,2021-12-28,1.4216930153308485,0.3016136362967009,4
S7_watchlist,2021-12-29,1.4228800656766518,0.3016136362967009,4
S7_watchlist,2021-12-30,1.4217741565450224,0.3016136362967009,4
S7_watchlist,2021-12-31,1.421343170998437,0.3016136362967009,4
S7_watchlist,2022-01-03,1.446635102243226,0.3016136362967009,4
S7_watchlist,2022-01-04,1.4704902041073487,0.3016136362967009,4
S7_watchlist,2022-01-05,1.4745845887391187,0.6103905438358936,3
S7_watchlist,2022-01-06,1.4721248665571292,0.6103905438358936,3
S7_watchlist,2022-01-07,1.4661306588790883,0.023226471461192832,5
S7_watchlist,2022-01-10,1.4938075447682921,0.023226471461192832,5
S7_watchlist,2022-01-11,1.4915074760617526,0.023226471461192832,5
S7_watchlist,2022-01-12,1.5041135367283887,0.023226471461192832,5
S7_watchlist,2022-01-13,1.4853505058433951,0.023226471461192832,5
S7_watchlist,2022-01-14,1.4771812496835839,0.023226471461192832,5
S7_watchlist,2022-01-18,1.4519973286618277,0.02189015098641417,5
S7_watchlist,2022-01-19,1.4122882478250975,0.30868588982295503,4
S7_watchlist,2022-01-20,1.3873885845101483,0.28419762580532126,4
S7_watchlist,2022-01-21,1.337149446109437,0.5419269777062954,3
S7_watchlist,2022-01-24,1.3143007456499702,0.7776142831207065,2
S7_watchlist,2022-01-25,1.3092014224945245,1.03759645611852,1
S7_watchlist,2022-01-26,1.3105815209054037,1.03759645611852,1
S7_watchlist,2022-01-27,1.3057166231518074,1.03759645611852,1
S7_watchlist,2022-01-28,1.304215768388656,1.304215768388656,0
S7_watchlist,2022-01-31,1.304215768388656,1.304215768388656,0
S7_watchlist,2022-02-01,1.3222569859677713,1.1102230246251565e-16,5
S7_watchlist,2022-02-02,1.3338953668170146,1.1102230246251565e-16,5
S7_watchlist,2022-02-03,1.2623607940128103,1.1102230246251565e-16,5
S7_watchlist,2022-02-04,1.2590357917584525,0.22357501866840837,4
S7_watchlist,2022-02-07,1.263870050802585,0.5045995530444711,3
S7_watchlist,2022-02-08,1.2804516366274412,0.001195936373891926,5
S7_watchlist,2022-02-09,1.2944610623361714,0.001195936373891926,5
S7_watchlist,2022-02-10,1.2786649957168303,0.001195936373891926,5
S7_watchlist,2022-02-11,1.2231038614947867,0.001195936373891926,5
S7_watchlist,2022-02-14,1.2229735028352893,1.2229735028352893,0
S7_watchlist,2022-02-15,1.2229735028352893,1.2229735028352893,0
S7_watchlist,2022-02-16,1.2229735028352893,1.2229735028352893,0
S7_watchlist,2022-02-17,1.2229735028352893,1.2229735028352893,0
S7_watchlist,2022-02-18,1.2229735028352893,1.2229735028352893,0
S7_watchlist,2022-02-22,1.2229735028352893,1.2229735028352893,0
S7_watchlist,2022-02-23,1.2229735028352893,1.2229735028352893,0
S7_watchlist,2022-02-24,1.2229735028352893,1.2229735028352893,0
S7_watchlist,2022-02-25,1.2229735028352893,1.2229735028352893,0
S7_watchlist,2022-02-28,1.2229735028352893,1.2229735028352893,0
S7_watchlist,2022-03-01,1.2229735028352893,1.2229735028352893,0
S7_watchlist,2022-03-02,1.2229735028352893,1.2229735028352893,0
S7_watchlist,2022-03-03,1.2229735028352893,1.2229735028352893,0
S7_watchlist,2022-03-04,1.2229735028352893,1.2229735028352893,0
S7_watchlist,2022-03-07,1.2229735028352893,1.2229735028352893,0
S7_watchlist,2022-03-08,1.2229735028352893,1.2229735028352893,0
S7_watchlist,2022-03-09,1.2229735028352893,1.2229735028352893,0
S7_watchlist,2022-03-10,1.2229735028352893,1.2229735028352893,0
S7_watchlist,2022-03-11,1.2229735028352893,1.2229735028352893,0
S7_watchlist,2022-03-14,1.2229735028352893,1.2229735028352893,0
S7_watchlist,2022-03-15,1.2229735028352893,1.2229735028352893,0
S7_watchlist,2022-03-16,1.2229735028352893,1.2229735028352893,0
S7_watchlist,2022-03-17,1.2229735028352893,1.2229735028352893,0
S7_watchlist,2022-03-18,1.2229735028352893,1.2229735028352893,0
S7_watchlist,2022-03-21,1.2229735028352893,1.2229735028352893,0
S7_watchlist,2022-03-22,1.2229735028352893,1.2229735028352893,0
S7_watchlist,2022-03-23,1.2229735028352893,1.2229735028352893,0
S7_watchlist,2022-03-24,1.2229735028352893,1.2229735028352893,0
S7_watchlist,2022-03-25,1.2234111630783786,0.48918940113411563,3
S7_watchlist,2022-03-28,1.2261038049660518,0.48918940113411563,3
S7_watchlist,2022-03-29,1.2352804121348102,0.48918940113411563,3
S7_watchlist,2022-03-30,1.2219270212347222,0.48918940113411563,3
S7_watchlist,2022-03-31,1.2044817721266128,0.48918940113411563,3
S7_watchlist,2022-04-01,1.2072993580116769,1.2072993580116769,0
S7_watchlist,2022-04-04,1.2171881521967545,0.9658394864093415,1
S7_watchlist,2022-04-05,1.1881756046331193,0.48189458361766946,3
S7_watchlist,2022-04-06,1.158410263837293,0.48189458361766946,3
S7_watchlist,2022-04-07,1.1598639386295038,1.1598639386295038,0
S7_watchlist,2022-04-08,1.1598639386295038,1.1598639386295038,0
S7_watchlist,2022-04-11,1.1598639386295038,1.1598639386295038,0
S7_watchlist,2022-04-12,1.1598639386295038,1.1598639386295038,0
S7_watchlist,2022-04-13,1.1598639386295038,1.1598639386295038,0
S7_watchlist,2022-04-14,1.1598639386295038,1.1598639386295038,0
S7_watchlist,2022-04-18,1.1598639386295038,1.1598639386295038,0
S7_watchlist,2022-04-19,1.1598639386295038,1.1598639386295038,0
S7_watchlist,2022-04-20,1.1598639386295038,1.1598639386295038,0
S7_watchlist,2022-04-21,1.1598639386295038,1.1598639386295038,0
S7_watchlist,2022-04-22,1.1598639386295038,1.1598639386295038,0
S7_watchlist,2022-04-25,1.1598639386295038,1.1598639386295038,0
S7_watchlist,2022-04-26,1.1598639386295038,1.1598639386295038,0
S7_watchlist,2022-04-27,1.1598639386295038,1.1598639386295038,0
S7_watchlist,2022-04-28,1.1598639386295038,1.1598639386295038,0
S7_watchlist,2022-04-29,1.1598639386295038,1.1598639386295038,0
S7_watchlist,2022-05-02,1.1598639386295038,1.1598639386295038,0
S7_watchlist,2022-05-03,1.1598639386295038,1.1598639386295038,0
S7_watchlist,2022-05-04,1.1598639386295038,1.1598639386295038,0
S7_watchlist,2022-05-05,1.1598639386295038,1.1598639386295038,0
S7_watchlist,2022-05-06,1.1598639386295038,1.1598639386295038,0
S7_watchlist,2022-05-09,1.1598639386295038,1.1598639386295038,0
S7_watchlist,2022-05-10,1.1598639386295038,1.1598639386295038,0
S7_watchlist,2022-05-11,1.1598639386295038,1.1598639386295038,0
S7_watchlist,2022-05-12,1.1598639386295038,1.1598639386295038,0
S7_watchlist,2022-05-13,1.1598639386295038,1.1598639386295038,0
S7_watchlist,2022-05-16,1.1598639386295038,1.1598639386295038,0
S7_watchlist,2022-05-17,1.1598639386295038,1.1598639386295038,0
S7_watchlist,2022-05-18,1.1598639386295038,1.1598639386295038,0
S7_watchlist,2022-05-19,1.1598639386295038,1.1598639386295038,0
S7_watchlist,2022-05-20,1.1598639386295038,1.1598639386295038,0
S7_watchlist,2022-05-23,1.1598639386295038,1.1598639386295038,0
S7_watchlist,2022-05-24,1.1598639386295038,1.1598639386295038,0
S7_watchlist,2022-05-25,1.1598639386295038,1.1598639386295038,0
S7_watchlist,2022-05-26,1.1598639386295038,1.1598639386295038,0
S7_watchlist,2022-05-27,1.1598639386295038,1.1598639386295038,0
S7_watchlist,2022-05-31,1.1598639386295038,1.1598639386295038,0
S7_watchlist,2022-06-01,1.1598639386295038,1.1598639386295038,0
S7_watchlist,2022-06-02,1.1598639386295038,1.1598639386295038,0
S7_watchlist,2022-06-03,1.1598639386295038,1.1598639386295038,0
S7_watchlist,2022-06-06,1.1598639386295038,1.1598639386295038,0
S7_watchlist,2022-06-07,1.1598639386295038,1.1598639386295038,0
S7_watchlist,2022-06-08,1.1598639386295038,1.1598639386295038,0
S7_watchlist,2022-06-09,1.1598639386295038,1.1598639386295038,0
S7_watchlist,2022-06-10,1.1598639386295038,1.1598639386295038,0
S7_watchlist,2022-06-13,1.1598639386295038,1.1598639386295038,0
S7_watchlist,2022-06-14,1.1598639386295038,1.1598639386295038,0
S7_watchlist,2022-06-15,1.1598639386295038,1.1598639386295038,0
S7_watchlist,2022-06-16,1.1598639386295038,1.1598639386295038,0
S7_watchlist,2022-06-17,1.1598639386295038,1.1598639386295038,0
S7_watchlist,2022-06-21,1.1598639386295038,1.1598639386295038,0
S7_watchlist,2022-06-22,1.1598639386295038,1.1598639386295038,0
S7_watchlist,2022-06-23,1.1598639386295038,1.1598639386295038,0
S7_watchlist,2022-06-24,1.1598639386295038,1.1598639386295038,0
S7_watchlist,2022-06-27,1.1598639386295038,1.1598639386295038,0
S7_watchlist,2022-06-28,1.1598639386295038,1.1598639386295038,0
S7_watchlist,2022-06-29,1.1598639386295038,1.1598639386295038,0
S7_watchlist,2022-06-30,1.1598639386295038,1.1598639386295038,0
S7_watchlist,2022-07-01,1.1598639386295038,1.1598639386295038,0
S7_watchlist,2022-07-05,1.1598639386295038,1.1598639386295038,0
S7_watchlist,2022-07-06,1.1598639386295038,1.1598639386295038,0
S7_watchlist,2022-07-07,1.1598639386295038,1.1598639386295038,0
S7_watchlist,2022-07-08,1.1598639386295038,1.1598639386295038,0
S7_watchlist,2022-07-11,1.1598639386295038,1.1598639386295038,0
S7_watchlist,2022-07-12,1.1598639386295038,1.1598639386295038,0
S7_watchlist,2022-07-13,1.1598639386295038,1.1598639386295038,0
S7_watchlist,2022-07-14,1.1598639386295038,1.1598639386295038,0
S7_watchlist,2022-07-15,1.1598639386295038,1.1598639386295038,0
S7_watchlist,2022-07-18,1.1598639386295038,1.1598639386295038,0
S7_watchlist,2022-07-19,1.1598639386295038,1.1598639386295038,0
S7_watchlist,2022-07-20,1.1598639386295038,1.1598639386295038,0
S7_watchlist,2022-07-21,1.1598639386295038,1.1598639386295038,0
S7_watchlist,2022-07-22,1.1598639386295038,1.1598639386295038,0
S7_watchlist,2022-07-25,1.1598639386295038,1.1598639386295038,0
S7_watchlist,2022-07-26,1.1598639386295038,1.1598639386295038,0
S7_watchlist,2022-07-27,1.1598639386295038,1.1598639386295038,0
S7_watchlist,2022-07-28,1.1598639386295038,1.1598639386295038,0
S7_watchlist,2022-07-29,1.1598639386295038,1.1598639386295038,0
S7_watchlist,2022-08-01,1.1598639386295038,1.1598639386295038,0
S7_watchlist,2022-08-02,1.1598639386295038,1.1598639386295038,0
S7_watchlist,2022-08-03,1.1598639386295038,1.1598639386295038,0
S7_watchlist,2022-08-04,1.1598639386295038,1.1598639386295038,0
S7_watchlist,2022-08-05,1.1598639386295038,1.1598639386295038,0
S7_watchlist,2022-08-08,1.1598639386295038,1.1598639386295038,0
S7_watchlist,2022-08-09,1.1598639386295038,1.1598639386295038,0
S7_watchlist,2022-08-10,1.1598639386295038,1.1598639386295038,0
S7_watchlist,2022-08-11,1.1598639386295038,1.1598639386295038,0
S7_watchlist,2022-08-12,1.1598639386295038,1.1598639386295038,0
S7_watchlist,2022-08-15,1.1598639386295038,1.1598639386295038,0
S7_watchlist,2022-08-16,1.123414082635383,0.6959183631777022,2
S7_watchlist,2022-08-17,1.0965802830586298,0.4452823272905835,3
S7_watchlist,2022-08-18,1.0929850467126294,0.6495276566254552,2
S7_watchlist,2022-08-19,1.0454456059976291,0.6495276566254552,2
S7_watchlist,2022-08-22,1.0354228324181531,1.0354228324181531,0
S7_watchlist,2022-08-23,1.0354228324181531,1.0354228324181531,0
S7_watchlist,2022-08-24,1.0354228324181531,1.0354228324181531,0
S7_watchlist,2022-08-25,1.0354228324181531,1.0354228324181531,0
S7_watchlist,2022-08-26,1.0354228324181531,1.0354228324181531,0
S7_watchlist,2022-08-29,1.0354228324181531,1.0354228324181531,0
S7_watchlist,2022-08-30,1.0354228324181531,1.0354228324181531,0
S7_watchlist,2022-08-31,1.0354228324181531,1.0354228324181531,0
S7_watchlist,2022-09-01,1.0354228324181531,1.0354228324181531,0
S7_watchlist,2022-09-02,1.0354228324181531,1.0354228324181531,0
S7_watchlist,2022-09-06,1.0354228324181531,1.0354228324181531,0
S7_watchlist,2022-09-07,1.0354228324181531,1.0354228324181531,0
S7_watchlist,2022-09-08,1.0354228324181531,1.0354228324181531,0
S7_watchlist,2022-09-09,1.0354228324181531,1.0354228324181531,0
S7_watchlist,2022-09-12,1.0354228324181531,1.0354228324181531,0
S7_watchlist,2022-09-13,1.0354228324181531,1.0354228324181531,0
S7_watchlist,2022-09-14,1.0354228324181531,1.0354228324181531,0
S7_watchlist,2022-09-15,1.0354228324181531,1.0354228324181531,0
S7_watchlist,2022-09-16,1.0354228324181531,1.0354228324181531,0
S7_watchlist,2022-09-19,1.0354228324181531,1.0354228324181531,0
S7_watchlist,2022-09-20,1.0354228324181531,1.0354228324181531,0
S7_watchlist,2022-09-21,1.0354228324181531,1.0354228324181531,0
S7_watchlist,2022-09-22,1.0354228324181531,1.0354228324181531,0
S7_watchlist,2022-09-23,1.0354228324181531,1.0354228324181531,0
S7_watchlist,2022-09-26,1.0354228324181531,1.0354228324181531,0
S7_watchlist,2022-09-27,1.0354228324181531,1.0354228324181531,0
S7_watchlist,2022-09-28,1.0354228324181531,1.0354228324181531,0
S7_watchlist,2022-09-29,1.0354228324181531,1.0354228324181531,0
S7_watchlist,2022-09-30,1.0354228324181531,1.0354228324181531,0
S7_watchlist,2022-10-03,1.0354228324181531,1.0354228324181531,0
S7_watchlist,2022-10-04,1.0354228324181531,1.0354228324181531,0
S7_watchlist,2022-10-05,1.0354228324181531,1.0354228324181531,0
S7_watchlist,2022-10-06,1.0354228324181531,1.0354228324181531,0
S7_watchlist,2022-10-07,1.0354228324181531,1.0354228324181531,0
S7_watchlist,2022-10-10,1.0354228324181531,1.0354228324181531,0
S7_watchlist,2022-10-11,1.0354228324181531,1.0354228324181531,0
S7_watchlist,2022-10-12,1.0354228324181531,1.0354228324181531,0
S7_watchlist,2022-10-13,1.0354228324181531,1.0354228324181531,0
S7_watchlist,2022-10-14,1.0354228324181531,1.0354228324181531,0
S7_watchlist,2022-10-17,1.0354228324181531,1.0354228324181531,0
S7_watchlist,2022-10-18,1.0354228324181531,1.0354228324181531,0
S7_watchlist,2022-10-19,1.0354228324181531,1.0354228324181531,0
S7_watchlist,2022-10-20,1.0354228324181531,1.0354228324181531,0
S7_watchlist,2022-10-21,1.0354228324181531,1.0354228324181531,0
S7_watchlist,2022-10-24,1.0354228324181531,1.0354228324181531,0
S7_watchlist,2022-10-25,1.0354228324181531,1.0354228324181531,0
S7_watchlist,2022-10-26,1.0354228324181531,1.0354228324181531,0
S7_watchlist,2022-10-27,1.0354228324181531,1.0354228324181531,0
S7_watchlist,2022-10-28,1.0354228324181531,1.0354228324181531,0
S7_watchlist,2022-10-31,1.0354228324181531,1.0354228324181531,0
S7_watchlist,2022-11-01,1.0354228324181531,1.0354228324181531,0
S7_watchlist,2022-11-02,1.0354228324181531,1.0354228324181531,0
S7_watchlist,2022-11-03,1.0354228324181531,1.0354228324181531,0
S7_watchlist,2022-11-04,1.0354228324181531,1.0354228324181531,0
S7_watchlist,2022-11-07,1.0354228324181531,1.0354228324181531,0
S7_watchlist,2022-11-08,1.0354228324181531,1.0354228324181531,0
S7_watchlist,2022-11-09,1.0354228324181531,1.0354228324181531,0
S7_watchlist,2022-11-10,1.0354228324181531,1.0354228324181531,0
S7_watchlist,2022-11-11,1.0354228324181531,1.0354228324181531,0
S7_watchlist,2022-11-14,1.0354228324181531,1.0354228324181531,0
S7_watchlist,2022-11-15,1.0354228324181531,1.0354228324181531,0
S7_watchlist,2022-11-16,1.0354228324181531,1.0354228324181531,0
S7_watchlist,2022-11-17,1.0354228324181531,1.0354228324181531,0
S7_watchlist,2022-11-18,1.0354228324181531,1.0354228324181531,0
S7_watchlist,2022-11-21,1.0354228324181531,1.0354228324181531,0
S7_watchlist,2022-11-22,1.0354228324181531,1.0354228324181531,0
S7_watchlist,2022-11-23,1.0354228324181531,1.0354228324181531,0
S7_watchlist,2022-11-25,1.0354228324181531,1.0354228324181531,0
S7_watchlist,2022-11-28,1.0354228324181531,1.0354228324181531,0
S7_watchlist,2022-11-29,1.0354228324181531,1.0354228324181531,0
S7_watchlist,2022-11-30,1.0354228324181531,1.0354228324181531,0
S7_watchlist,2022-12-01,1.0354228324181531,1.0354228324181531,0
S7_watchlist,2022-12-02,1.0354228324181531,1.0354228324181531,0
S7_watchlist,2022-12-05,1.0354228324181531,1.0354228324181531,0
S7_watchlist,2022-12-06,1.0354228324181531,1.0354228324181531,0
S7_watchlist,2022-12-07,1.0354228324181531,1.0354228324181531,0
S7_watchlist,2022-12-08,1.0354228324181531,1.0354228324181531,0
S7_watchlist,2022-12-09,1.0354228324181531,1.0354228324181531,0
S7_watchlist,2022-12-12,1.0354228324181531,1.0354228324181531,0
S7_watchlist,2022-12-13,1.0354228324181531,1.0354228324181531,0
S7_watchlist,2022-12-14,1.0354228324181531,1.0354228324181531,0
S7_watchlist,2022-12-15,1.0354228324181531,1.0354228324181531,0
S7_watchlist,2022-12-16,1.0354228324181531,1.0354228324181531,0
S7_watchlist,2022-12-19,1.0354228324181531,1.0354228324181531,0
S7_watchlist,2022-12-20,1.0354228324181531,1.0354228324181531,0
S7_watchlist,2022-12-21,1.0354228324181531,1.0354228324181531,0
S7_watchlist,2022-12-22,1.0354228324181531,1.0354228324181531,0
S7_watchlist,2022-12-23,1.0354228324181531,1.0354228324181531,0
S7_watchlist,2022-12-27,1.0354228324181531,1.0354228324181531,0
S7_watchlist,2022-12-28,1.0354228324181531,1.0354228324181531,0
S7_watchlist,2022-12-29,1.0354228324181531,1.0354228324181531,0
S7_watchlist,2022-12-30,1.0354228324181531,1.0354228324181531,0
S7_watchlist,2023-01-03,1.0354228324181531,1.0354228324181531,0
S7_watchlist,2023-01-04,1.0354228324181531,1.0354228324181531,0
S7_watchlist,2023-01-05,1.0354228324181531,1.0354228324181531,0
S7_watchlist,2023-01-06,1.0354228324181531,1.0354228324181531,0
S7_watchlist,2023-01-09,1.0354228324181531,1.0354228324181531,0
S7_watchlist,2023-01-10,1.0354228324181531,1.0354228324181531,0
S7_watchlist,2023-01-11,1.0354228324181531,1.0354228324181531,0
S7_watchlist,2023-01-12,1.0354228324181531,1.0354228324181531,0
S7_watchlist,2023-01-13,1.0354228324181531,1.0354228324181531,0
S7_watchlist,2023-01-17,1.0354228324181531,1.0354228324181531,0
S7_watchlist,2023-01-18,1.0354228324181531,1.0354228324181531,0
S7_watchlist,2023-01-19,1.0354228324181531,1.0354228324181531,0
S7_watchlist,2023-01-20,1.0354228324181531,1.0354228324181531,0
S7_watchlist,2023-01-23,1.0354228324181531,1.0354228324181531,0
S7_watchlist,2023-01-24,1.0308286937587934,0.6212536994508919,2
S7_watchlist,2023-01-25,1.0304561285194875,0.4164245302306757,3
S7_watchlist,2023-01-26,1.0234839984906032,0.20746344999207764,4
S7_watchlist,2023-01-27,1.0704984280356022,0.003905304937108417,5
S7_watchlist,2023-01-30,1.0374153752163013,0.029904604491455433,5
S7_watchlist,2023-01-31,1.0348411123678993,0.029904604491455433,5
S7_watchlist,2023-02-01,1.0716831868683858,0.008840105075170496,5
S7_watchlist,2023-02-02,1.1346024487251303,0.008840105075170496,5
S7_watchlist,2023-02-03,1.1041401254779128,0.022636369070502538,5
S7_watchlist,2023-02-06,1.0741285080793628,0.4576320211788114,3
S7_watchlist,2023-02-07,1.0852732948088215,0.4576320211788114,3
S7_watchlist,2023-02-08,1.0614453954791145,0.02546862239396991,5
S7_watchlist,2023-02-09,1.0360645682235607,0.02546862239396991,5
S7_watchlist,2023-02-10,1.0412179698674502,0.21141874755115678,4
S7_watchlist,2023-02-13,1.035884363977664,0.003052856995623493,5
S7_watchlist,2023-02-14,1.049514094879719,0.003052856995623493,5
S7_watchlist,2023-02-15,1.0907018396997783,0.003052856995623493,5
S7_watchlist,2023-02-16,1.0702589985209798,0.02268596306755169,5
S7_watchlist,2023-02-17,1.0585502709302572,0.02268596306755169,5
S7_watchlist,2023-02-21,1.0155639052486995,0.02268596306755169,5
S7_watchlist,2023-02-22,1.0071795711286438,0.6047338540154732,2
S7_watchlist,2023-02-23,1.0009071574180135,0.19694905692813847,4
S7_watchlist,2023-02-24,0.9860287180915909,0.19694905692813847,4
S7_watchlist,2023-02-27,1.005773101735521,0.19694905692813847,4
S7_watchlist,2023-02-28,1.0125204267452026,0.0,5
S7_watchlist,2023-03-01,1.002699734671172,0.0,5
S7_watchlist,2023-03-02,0.9472848562245633,0.19339015556949105,4
S7_watchlist,2023-03-03,0.9858894709767764,0.002707191725666358,5
S7_watchlist,2023-03-06,0.9995762020806848,0.002707191725666358,5
S7_watchlist,2023-03-07,0.9845298007770729,0.002707191725666358,5
S7_watchlist,2023-03-08,0.9876286613312347,0.002707191725666358,5
S7_watchlist,2023-03-09,0.9536342088359051,0.16267070997323924,4
S7_watchlist,2023-03-10,0.9248086883294664,0.16267070997323924,4
S7_watchlist,2023-03-13,0.9154991101529323,0.0,5
S7_watchlist,2023-03-14,0.9481298841101387,0.0,5
S7_watchlist,2023-03-15,0.9408310020356633,0.0,5
S7_watchlist,2023-03-16,0.9932896577434854,0.0,5
S7_watchlist,2023-03-17,0.9791202699711601,0.029761889804595543,5
S7_watchlist,2023-03-20,1.0029761868031435,0.029761889804595543,5
S7_watchlist,2023-03-21,1.0081299218028916,0.03529821606560418,5
S7_watchlist,2023-03-22,0.9887169661315622,0.03529821606560418,5
S7_watchlist,2023-03-23,0.9971962130571335,0.22961768339339803,4
S7_watchlist,2023-03-24,0.9887182706785661,0.031612722001786414,5
S7_watchlist,2023-03-27,0.9794624031587902,0.031612722001786414,5
S7_watchlist,2023-03-28,0.9834675420216095,0.031612722001786414,5
S7_watchlist,2023-03-29,1.0179422595721022,0.031612722001786414,5
S7_watchlist,2023-03-30,1.028617171567066,0.004543692510087793,5
S7_watchlist,2023-03-31,1.0585808878292378,0.20242034642528953,4
S7_watchlist,2023-04-03,1.0602452767826978,0.012362867068346273,5
S7_watchlist,2023-04-04,1.0472987384057533,0.012362867068346273,5
S7_watchlist,2023-04-05,1.0398310596644658,0.012362867068346273,5
S7_watchlist,2023-04-06,1.0496444115486072,0.012362867068346273,5
S7_watchlist,2023-04-10,1.069159231656019,0.012362867068346273,5
S7_watchlist,2023-04-11,1.0663183866662935,0.012362867068346273,5
S7_watchlist,2023-04-12,1.053964964473413,0.012362867068346273,5
S7_watchlist,2023-04-13,1.0642881463562224,0.012362867068346273,5
S7_watchlist,2023-04-14,1.060864419628908,0.012362867068346273,5
S7_watchlist,2023-04-17,1.0540399516472485,0.20649352009546626,4
S7_watchlist,2023-04-18,1.0469653281568634,0.20649352009546626,4
S7_watchlist,2023-04-19,1.0332029525717719,1.0332029525717719,0
S7_watchlist,2023-04-20,1.0332029525717719,1.0332029525717719,0
S7_watchlist,2023-04-21,1.0313687308382131,0.6199217715430632,2
S7_watchlist,2023-04-24,1.0082982812516266,0.002596185561516584,5
S7_watchlist,2023-04-25,0.9732857072868986,0.002596185561516584,5
S7_watchlist,2023-04-26,0.9781588813884211,0.1827465978356909,4
S7_watchlist,2023-04-27,0.993604644170866,0.1827465978356909,4
S7_watchlist,2023-04-28,1.0101550899858214,0.1827465978356909,4
S7_watchlist,2023-05-01,0.9982433053055542,0.1827465978356909,4
S7_watchlist,2023-05-02,0.9855903859685612,0.1827465978356909,4
S7_watchlist,2023-05-03,0.982520078094267,0.0,5
S7_watchlist,2023-05-04,0.9804580747457308,0.0,5
S7_watchlist,2023-05-05,1.0004345365991039,0.0,5
S7_watchlist,2023-05-08,1.0074307238914213,0.0,5
S7_watchlist,2023-05-09,1.0121714746597668,0.0,5
S7_watchlist,2023-05-10,1.0345830252357024,0.0,5
S7_watchlist,2023-05-11,1.0480908286505821,0.0,5
S7_watchlist,2023-05-12,1.0488032132963336,0.0,5
S7_watchlist,2023-05-15,1.080620276395379,0.0,5
S7_watchlist,2023-05-16,1.0763281774163556,0.2358411228893511,4
S7_watchlist,2023-05-17,1.09657276839882,0.46924977242714117,3
S7_watchlist,2023-05-18,1.1097782491920174,0.699758837290654,2
S7_watchlist,2023-05-19,1.1092971884121636,0.927182630056945,1
S7_watchlist,2023-05-22,1.1093285761414617,0.927182630056945,1
S7_watchlist,2023-05-23,1.1063795894818351,0.927182630056945,1
S7_watchlist,2023-05-24,1.103043681040804,0.927182630056945,1
S7_watchlist,2023-05-25,1.1122252554488279,0.927182630056945,1
S7_watchlist,2023-05-26,1.1179872595136802,0.927182630056945,1
S7_watchlist,2023-05-30,1.1173075293696384,0.927182630056945,1
S7_watchlist,2023-05-31,1.1111272157940835,0.927182630056945,1
S7_watchlist,2023-06-01,1.111765127798667,1.111765127798667,0
S7_watchlist,2023-06-02,1.111765127798667,1.111765127798667,0
S7_watchlist,2023-06-05,1.111765127798667,1.111765127798667,0
S7_watchlist,2023-06-06,1.111765127798667,1.111765127798667,0
S7_watchlist,2023-06-07,1.111765127798667,1.111765127798667,0
S7_watchlist,2023-06-08,1.111765127798667,1.111765127798667,0
S7_watchlist,2023-06-09,1.111765127798667,1.111765127798667,0
S7_watchlist,2023-06-12,1.111765127798667,1.111765127798667,0
S7_watchlist,2023-06-13,1.111765127798667,1.111765127798667,0
S7_watchlist,2023-06-14,1.111765127798667,1.111765127798667,0
S7_watchlist,2023-06-15,1.111765127798667,1.111765127798667,0
S7_watchlist,2023-06-16,1.111765127798667,1.111765127798667,0
S7_watchlist,2023-06-20,1.111765127798667,1.111765127798667,0
S7_watchlist,2023-06-21,1.111765127798667,1.111765127798667,0
S7_watchlist,2023-06-22,1.111765127798667,1.111765127798667,0
S7_watchlist,2023-06-23,1.111765127798667,1.111765127798667,0
S7_watchlist,2023-06-26,1.111765127798667,1.111765127798667,0
S7_watchlist,2023-06-27,1.111765127798667,1.111765127798667,0
S7_watchlist,2023-06-28,1.111765127798667,1.111765127798667,0
S7_watchlist,2023-06-29,1.111765127798667,1.111765127798667,0
S7_watchlist,2023-06-30,1.111765127798667,1.111765127798667,0
S7_watchlist,2023-07-03,1.111765127798667,1.111765127798667,0
S7_watchlist,2023-07-05,1.111765127798667,1.111765127798667,0
S7_watchlist,2023-07-06,1.111765127798667,1.111765127798667,0
S7_watchlist,2023-07-07,1.111765127798667,1.111765127798667,0
S7_watchlist,2023-07-10,1.111765127798667,1.111765127798667,0
S7_watchlist,2023-07-11,1.111765127798667,1.111765127798667,0
S7_watchlist,2023-07-12,1.111765127798667,1.111765127798667,0
S7_watchlist,2023-07-13,1.111765127798667,1.111765127798667,0
S7_watchlist,2023-07-14,1.111765127798667,1.111765127798667,0
S7_watchlist,2023-07-17,1.111765127798667,1.111765127798667,0
S7_watchlist,2023-07-18,1.111765127798667,1.111765127798667,0
S7_watchlist,2023-07-19,1.111765127798667,1.111765127798667,0
S7_watchlist,2023-07-20,1.111765127798667,1.111765127798667,0
S7_watchlist,2023-07-21,1.111765127798667,1.111765127798667,0
S7_watchlist,2023-07-24,1.111765127798667,1.111765127798667,0
S7_watchlist,2023-07-25,1.111765127798667,1.111765127798667,0
S7_watchlist,2023-07-26,1.111765127798667,1.111765127798667,0
S7_watchlist,2023-07-27,1.111765127798667,1.111765127798667,0
S7_watchlist,2023-07-28,1.111765127798667,1.111765127798667,0
S7_watchlist,2023-07-31,1.111765127798667,1.111765127798667,0
S7_watchlist,2023-08-01,1.111765127798667,1.111765127798667,0
S7_watchlist,2023-08-02,1.111765127798667,1.111765127798667,0
S7_watchlist,2023-08-03,1.111765127798667,1.111765127798667,0
S7_watchlist,2023-08-04,1.111765127798667,1.111765127798667,0
S7_watchlist,2023-08-07,1.111765127798667,1.111765127798667,0
S7_watchlist,2023-08-08,1.111765127798667,1.111765127798667,0
S7_watchlist,2023-08-09,1.111765127798667,1.111765127798667,0
S7_watchlist,2023-08-10,1.111765127798667,1.111765127798667,0
S7_watchlist,2023-08-11,1.111765127798667,1.111765127798667,0
S7_watchlist,2023-08-14,1.111765127798667,1.111765127798667,0
S7_watchlist,2023-08-15,1.111765127798667,1.111765127798667,0
S7_watchlist,2023-08-16,1.111765127798667,1.111765127798667,0
S7_watchlist,2023-08-17,1.111765127798667,1.111765127798667,0
S7_watchlist,2023-08-18,1.111765127798667,1.111765127798667,0
S7_watchlist,2023-08-21,1.111765127798667,1.111765127798667,0
S7_watchlist,2023-08-22,1.111765127798667,1.111765127798667,0
S7_watchlist,2023-08-23,1.111765127798667,1.111765127798667,0
S7_watchlist,2023-08-24,1.111765127798667,1.111765127798667,0
S7_watchlist,2023-08-25,1.111765127798667,1.111765127798667,0
S7_watchlist,2023-08-28,1.111765127798667,1.111765127798667,0
S7_watchlist,2023-08-29,1.111765127798667,1.111765127798667,0
S7_watchlist,2023-08-30,1.111765127798667,1.111765127798667,0
S7_watchlist,2023-08-31,1.111765127798667,1.111765127798667,0
S7_watchlist,2023-09-01,1.111765127798667,1.111765127798667,0
S7_watchlist,2023-09-05,1.111765127798667,1.111765127798667,0
S7_watchlist,2023-09-06,1.111765127798667,1.111765127798667,0
S7_watchlist,2023-09-07,1.111765127798667,1.111765127798667,0
S7_watchlist,2023-09-08,1.111765127798667,1.111765127798667,0
S7_watchlist,2023-09-11,1.111765127798667,1.111765127798667,0
S7_watchlist,2023-09-12,1.111765127798667,1.111765127798667,0
S7_watchlist,2023-09-13,1.111765127798667,1.111765127798667,0
S7_watchlist,2023-09-14,1.111765127798667,1.111765127798667,0
S7_watchlist,2023-09-15,1.111765127798667,1.111765127798667,0
S7_watchlist,2023-09-18,1.111765127798667,1.111765127798667,0
S7_watchlist,2023-09-19,1.111765127798667,1.111765127798667,0
S7_watchlist,2023-09-20,1.111765127798667,1.111765127798667,0
S7_watchlist,2023-09-21,1.111765127798667,1.111765127798667,0
S7_watchlist,2023-09-22,1.111765127798667,1.111765127798667,0
S7_watchlist,2023-09-25,1.111765127798667,1.111765127798667,0
S7_watchlist,2023-09-26,1.111765127798667,1.111765127798667,0
S7_watchlist,2023-09-27,1.111765127798667,1.111765127798667,0
S7_watchlist,2023-09-28,1.1075374793534536,0.6670590766792002,2
S7_watchlist,2023-09-29,1.10719912392526,0.0,5
S7_watchlist,2023-10-02,1.1084067912084248,0.0,5
S7_watchlist,2023-10-03,1.1004275708362938,0.0,5
S7_watchlist,2023-10-04,1.1053296145604459,0.0,5
S7_watchlist,2023-10-05,1.1130340030687276,0.0,5
S7_watchlist,2023-10-06,1.1187088205478133,0.0,5
S7_watchlist,2023-10-09,1.1203384804692775,0.0,5
S7_watchlist,2023-10-10,1.123486516210461,0.0,5
S7_watchlist,2023-10-11,1.1486322002082265,0.0,5
S7_watchlist,2023-10-12,1.1370757883885754,0.0,5
S7_watchlist,2023-10-13,1.1230376621377527,0.0,5
S7_watchlist,2023-10-16,1.1352121164959634,0.0,5
S7_watchlist,2023-10-17,1.1346851746124118,0.0,5
S7_watchlist,2023-10-18,1.12708376189484,0.0,5
S7_watchlist,2023-10-19,1.114091456222785,0.0,5
S7_watchlist,2023-10-20,1.103005961091067,0.0,5
S7_watchlist,2023-10-23,1.0916395404762524,0.0,5
S7_watchlist,2023-10-24,1.118954470767453,0.0,5
S7_watchlist,2023-10-25,1.0779330952421238,0.0,5
S7_watchlist,2023-10-26,1.0746792798172027,0.22604979037325168,4
S7_watchlist,2023-10-27,1.0923993145141302,0.869125076764873,1
S7_watchlist,2023-10-30,1.1109818132140687,0.6508336400539081,2
S7_watchlist,2023-10-31,1.1100126963395793,0.4461862283917793,3
S7_watchlist,2023-11-01,1.1336373228701186,0.001151696490373555,5
S7_watchlist,2023-11-02,1.1537481523746287,0.001151696490373555,5
S7_watchlist,2023-11-03,1.1667086022717825,0.001151696490373555,5
S7_watchlist,2023-11-06,1.1692696942505219,0.001151696490373555,5
S7_watchlist,2023-11-07,1.1712635074805675,0.001151696490373555,5
S7_watchlist,2023-11-08,1.170758012412979,0.001151696490373555,5
S7_watchlist,2023-11-09,1.1683925286259882,0.001151696490373555,5
S7_watchlist,2023-11-10,1.1997709138851393,0.001151696490373555,5
S7_watchlist,2023-11-13,1.1938907583924674,0.24673475020559085,4
S7_watchlist,2023-11-14,1.2223722244565145,0.24673475020559085,4
S7_watchlist,2023-11-15,1.2248979925684322,0.4990962582241123,3
S7_watchlist,2023-11-16,1.2288115827589476,0.7536841347811984,2
S7_watchlist,2023-11-17,1.2306830347475912,0.7536841347811984,2
S7_watchlist,2023-11-20,1.2286022531830436,0.7536841347811984,2
S7_watchlist,2023-11-21,1.2273505394995126,0.7536841347811984,2
S7_watchlist,2023-11-22,1.23152608149827,0.7536841347811984,2
S7_watchlist,2023-11-24,1.2316609876915807,0.7536841347811984,2
S7_watchlist,2023-11-27,1.2369795984743763,0.7536841347811984,2
S7_watchlist,2023-11-28,1.229696191611867,0.7536841347811984,2
S7_watchlist,2023-11-29,1.2329361199351343,0.9929144869332795,1
S7_watchlist,2023-11-30,1.2341479052799846,1.2341479052799846,0
S7_watchlist,2023-12-01,1.2341479052799846,1.2341479052799846,0
S7_watchlist,2023-12-04,1.2341479052799846,1.2341479052799846,0
S7_watchlist,2023-12-05,1.2341479052799846,1.2341479052799846,0
S7_watchlist,2023-12-06,1.2341479052799846,1.2341479052799846,0
S7_watchlist,2023-12-07,1.2341479052799846,1.2341479052799846,0
S7_watchlist,2023-12-08,1.2341479052799846,1.2341479052799846,0
S7_watchlist,2023-12-11,1.2341479052799846,1.2341479052799846,0
S7_watchlist,2023-12-12,1.2341479052799846,1.2341479052799846,0
S7_watchlist,2023-12-13,1.2341479052799846,1.2341479052799846,0
S7_watchlist,2023-12-14,1.2341479052799846,1.2341479052799846,0
S7_watchlist,2023-12-15,1.2341479052799846,1.2341479052799846,0
S7_watchlist,2023-12-18,1.2341479052799846,1.2341479052799846,0
S7_watchlist,2023-12-19,1.2341479052799846,1.2341479052799846,0
S7_watchlist,2023-12-20,1.2341479052799846,1.2341479052799846,0
S7_watchlist,2023-12-21,1.2341479052799846,1.2341479052799846,0
S7_watchlist,2023-12-22,1.2341479052799846,1.2341479052799846,0
S7_watchlist,2023-12-26,1.2341479052799846,1.2341479052799846,0
S7_watchlist,2023-12-27,1.2341479052799846,1.2341479052799846,0
S7_watchlist,2023-12-28,1.2341479052799846,1.2341479052799846,0
S7_watchlist,2023-12-29,1.2341479052799846,1.2341479052799846,0
S7_watchlist,2024-01-02,1.2341479052799846,1.2341479052799846,0
S7_watchlist,2024-01-03,1.2341479052799846,1.2341479052799846,0
S7_watchlist,2024-01-04,1.2341479052799846,1.2341479052799846,0
S7_watchlist,2024-01-05,1.2341479052799846,1.2341479052799846,0
S7_watchlist,2024-01-08,1.2341479052799846,1.2341479052799846,0
S7_watchlist,2024-01-09,1.2341479052799846,1.2341479052799846,0
S7_watchlist,2024-01-10,1.2341479052799846,1.2341479052799846,0
S7_watchlist,2024-01-11,1.2341479052799846,1.2341479052799846,0
S7_watchlist,2024-01-12,1.2341479052799846,1.2341479052799846,0
S7_watchlist,2024-01-16,1.2341479052799846,1.2341479052799846,0
S7_watchlist,2024-01-17,1.2341479052799846,1.2341479052799846,0
S7_watchlist,2024-01-18,1.2341479052799846,1.2341479052799846,0
S7_watchlist,2024-01-19,1.2341479052799846,1.2341479052799846,0
S7_watchlist,2024-01-22,1.2341479052799846,1.2341479052799846,0
S7_watchlist,2024-01-23,1.2341479052799846,1.2341479052799846,0
S7_watchlist,2024-01-24,1.2341479052799846,1.2341479052799846,0
S7_watchlist,2024-01-25,1.2341479052799846,1.2341479052799846,0
S7_watchlist,2024-01-26,1.2341479052799846,1.2341479052799846,0
S7_watchlist,2024-01-29,1.2341479052799846,1.2341479052799846,0
S7_watchlist,2024-01-30,1.2341479052799846,1.2341479052799846,0
S7_watchlist,2024-01-31,1.2341479052799846,1.2341479052799846,0
S7_watchlist,2024-02-01,1.2341479052799846,1.2341479052799846,0
S7_watchlist,2024-02-02,1.2341479052799846,1.2341479052799846,0
S7_watchlist,2024-02-05,1.2341479052799846,1.2341479052799846,0
S7_watchlist,2024-02-06,1.2341479052799846,1.2341479052799846,0
S7_watchlist,2024-02-07,1.2341479052799846,1.2341479052799846,0
S7_watchlist,2024-02-08,1.2341479052799846,1.2341479052799846,0
S7_watchlist,2024-02-09,1.2341479052799846,1.2341479052799846,0
S7_watchlist,2024-02-12,1.2341479052799846,1.2341479052799846,0
S7_watchlist,2024-02-13,1.2341479052799846,1.2341479052799846,0
S7_watchlist,2024-02-14,1.2341479052799846,1.2341479052799846,0
S7_watchlist,2024-02-15,1.2341479052799846,1.2341479052799846,0
S7_watchlist,2024-02-16,1.2341479052799846,1.2341479052799846,0
S7_watchlist,2024-02-20,1.2341479052799846,1.2341479052799846,0
S7_watchlist,2024-02-21,1.2341479052799846,1.2341479052799846,0
S7_watchlist,2024-02-22,1.2341479052799846,1.2341479052799846,0
S7_watchlist,2024-02-23,1.2341479052799846,1.2341479052799846,0
S7_watchlist,2024-02-26,1.2341479052799846,1.2341479052799846,0
S7_watchlist,2024-02-27,1.2341479052799846,1.2341479052799846,0
S7_watchlist,2024-02-28,1.2341479052799846,1.2341479052799846,0
S7_watchlist,2024-02-29,1.2341479052799846,1.2341479052799846,0
S7_watchlist,2024-03-01,1.2341479052799846,1.2341479052799846,0
S7_watchlist,2024-03-04,1.2341479052799846,1.2341479052799846,0
S7_watchlist,2024-03-05,1.2341479052799846,1.2341479052799846,0
S7_watchlist,2024-03-06,1.2341479052799846,1.2341479052799846,0
S7_watchlist,2024-03-07,1.2341479052799846,1.2341479052799846,0
S7_watchlist,2024-03-08,1.2341479052799846,1.2341479052799846,0
S7_watchlist,2024-03-11,1.2341479052799846,1.2341479052799846,0
S7_watchlist,2024-03-12,1.2341479052799846,1.2341479052799846,0
S7_watchlist,2024-03-13,1.2341479052799846,1.2341479052799846,0
S7_watchlist,2024-03-14,1.2341479052799846,1.2341479052799846,0
S7_watchlist,2024-03-15,1.2341479052799846,1.2341479052799846,0
S7_watchlist,2024-03-18,1.2341479052799846,1.2341479052799846,0
S7_watchlist,2024-03-19,1.2341479052799846,1.2341479052799846,0
S7_watchlist,2024-03-20,1.2341479052799846,1.2341479052799846,0
S7_watchlist,2024-03-21,1.2341479052799846,1.2341479052799846,0
S7_watchlist,2024-03-22,1.2341479052799846,1.2341479052799846,0
S7_watchlist,2024-03-25,1.2341479052799846,1.2341479052799846,0
S7_watchlist,2024-03-26,1.2341479052799846,1.2341479052799846,0
S7_watchlist,2024-03-27,1.2341479052799846,1.2341479052799846,0
S7_watchlist,2024-03-28,1.2341479052799846,1.2341479052799846,0
S7_watchlist,2024-04-01,1.2341479052799846,1.2341479052799846,0
S7_watchlist,2024-04-02,1.2341479052799846,1.2341479052799846,0
S7_watchlist,2024-04-03,1.2341479052799846,1.2341479052799846,0
S7_watchlist,2024-04-04,1.2341479052799846,1.2341479052799846,0
S7_watchlist,2024-04-05,1.2341479052799846,1.2341479052799846,0
S7_watchlist,2024-04-08,1.2341479052799846,1.2341479052799846,0
S7_watchlist,2024-04-09,1.2341479052799846,1.2341479052799846,0
S7_watchlist,2024-04-10,1.2341479052799846,1.2341479052799846,0
S7_watchlist,2024-04-11,1.2341479052799846,1.2341479052799846,0
S7_watchlist,2024-04-12,1.2341479052799846,1.2341479052799846,0
S7_watchlist,2024-04-15,1.2341479052799846,1.2341479052799846,0
S7_watchlist,2024-04-16,1.2341479052799846,1.2341479052799846,0
S7_watchlist,2024-04-17,1.2341479052799846,1.2341479052799846,0
S7_watchlist,2024-04-18,1.2491424468910954,0.9873183242239877,1
S7_watchlist,2024-04-19,1.2688099668088313,0.9873183242239877,1
S7_watchlist,2024-04-22,1.2786437267676993,1.2786437267676993,0
S7_watchlist,2024-04-23,1.297356829334202,0.0,5
S7_watchlist,2024-04-24,1.275355560008024,0.0,5
S7_watchlist,2024-04-25,1.2481727590048066,0.0,5
S7_watchlist,2024-04-26,1.2684929149497037,0.0,5
S7_watchlist,2024-04-29,1.2181470232646214,0.0,5
S7_watchlist,2024-04-30,1.20002124687201,0.4376461375036084,3
S7_watchlist,2024-05-01,1.2014763991836352,0.4376461375036084,3
S7_watchlist,2024-05-02,1.2151966256728122,0.0,5
S7_watchlist,2024-05-03,1.2402266193507334,0.0,5
S7_watchlist,2024-05-06,1.2575296560588554,0.0,5
S7_watchlist,2024-05-07,1.2363544416882168,0.0,5
S7_watchlist,2024-05-08,1.228635548173401,0.44449561838949725,3
S7_watchlist,2024-05-09,1.2406939481658552,0.44449561838949725,3
S7_watchlist,2024-05-10,1.2350275586241535,0.44449561838949725,3
S7_watchlist,2024-05-13,1.2311653377370007,0.44449561838949725,3
S7_watchlist,2024-05-14,1.2705904991228012,0.44449561838949725,3
S7_watchlist,2024-05-15,1.264545960453287,0.733670074460878,2
S7_watchlist,2024-05-16,1.4394451418464334,0.733670074460878,2
S7_watchlist,2024-05-17,1.4498454607197826,1.1641429175183289,1
S7_watchlist,2024-05-20,1.450056427016129,1.450056427016129,0
S7_watchlist,2024-05-21,1.450056427016129,1.450056427016129,0
S7_watchlist,2024-05-22,1.450056427016129,1.450056427016129,0
S7_watchlist,2024-05-23,1.450056427016129,1.450056427016129,0
S7_watchlist,2024-05-24,1.450056427016129,1.450056427016129,0
S7_watchlist,2024-05-28,1.450056427016129,1.450056427016129,0
S7_watchlist,2024-05-29,1.450056427016129,1.450056427016129,0
S7_watchlist,2024-05-30,1.450056427016129,1.450056427016129,0
S7_watchlist,2024-05-31,1.450056427016129,1.450056427016129,0
S7_watchlist,2024-06-03,1.450056427016129,1.450056427016129,0
S7_watchlist,2024-06-04,1.450056427016129,1.450056427016129,0
S7_watchlist,2024-06-05,1.450056427016129,1.450056427016129,0
S7_watchlist,2024-06-06,1.450056427016129,1.450056427016129,0
S7_watchlist,2024-06-07,1.450056427016129,1.450056427016129,0
S7_watchlist,2024-06-10,1.450056427016129,1.450056427016129,0
S7_watchlist,2024-06-11,1.450056427016129,1.450056427016129,0
S7_watchlist,2024-06-12,1.450056427016129,1.450056427016129,0
S7_watchlist,2024-06-13,1.450056427016129,1.450056427016129,0
S7_watchlist,2024-06-14,1.450056427016129,1.450056427016129,0
S7_watchlist,2024-06-17,1.450056427016129,1.450056427016129,0
S7_watchlist,2024-06-18,1.450056427016129,1.450056427016129,0
S7_watchlist,2024-06-20,1.450056427016129,1.450056427016129,0
S7_watchlist,2024-06-21,1.450056427016129,1.450056427016129,0
S7_watchlist,2024-06-24,1.450056427016129,1.450056427016129,0
S7_watchlist,2024-06-25,1.450056427016129,1.450056427016129,0
S7_watchlist,2024-06-26,1.450056427016129,1.450056427016129,0
S7_watchlist,2024-06-27,1.450056427016129,1.450056427016129,0
S7_watchlist,2024-06-28,1.450056427016129,1.450056427016129,0
S7_watchlist,2024-07-01,1.450056427016129,1.450056427016129,0
S7_watchlist,2024-07-02,1.450056427016129,1.450056427016129,0
S7_watchlist,2024-07-03,1.450056427016129,1.450056427016129,0
S7_watchlist,2024-07-05,1.450056427016129,1.450056427016129,0
S7_watchlist,2024-07-08,1.450056427016129,1.450056427016129,0
S7_watchlist,2024-07-09,1.450056427016129,1.450056427016129,0
S7_watchlist,2024-07-10,1.450056427016129,1.450056427016129,0
S7_watchlist,2024-07-11,1.450056427016129,1.450056427016129,0
S7_watchlist,2024-07-12,1.450056427016129,1.450056427016129,0
S7_watchlist,2024-07-15,1.450056427016129,1.450056427016129,0
S7_watchlist,2024-07-16,1.450056427016129,1.450056427016129,0
S7_watchlist,2024-07-17,1.450056427016129,1.450056427016129,0
S7_watchlist,2024-07-18,1.450056427016129,1.450056427016129,0
S7_watchlist,2024-07-19,1.450056427016129,1.450056427016129,0
S7_watchlist,2024-07-22,1.450056427016129,1.450056427016129,0
S7_watchlist,2024-07-23,1.450056427016129,1.450056427016129,0
S7_watchlist,2024-07-24,1.450056427016129,1.450056427016129,0
S7_watchlist,2024-07-25,1.450056427016129,1.450056427016129,0
S7_watchlist,2024-07-26,1.4585208700740084,0.2900112854032259,4
S7_watchlist,2024-07-29,1.4235531722868224,0.2900112854032259,4
S7_watchlist,2024-07-30,1.4091698738052756,0.004778434927781461,5
S7_watchlist,2024-07-31,1.4530985912179004,0.004778434927781461,5
S7_watchlist,2024-08-01,1.3570858354219282,0.004778434927781461,5
S7_watchlist,2024-08-02,1.2856026771534177,0.24216173546826134,4
S7_watchlist,2024-08-05,1.218243763573659,0.9293902078526814,1
S7_watchlist,2024-08-06,1.1903512215346568,0.6847987331712482,2
S7_watchlist,2024-08-07,1.1641804863559573,0.673361096159402,2
S7_watchlist,2024-08-08,1.1741476306829486,0.8997367392203663,1
S7_watchlist,2024-08-09,1.1728116369235773,0.0,5
S7_watchlist,2024-08-12,1.161512925470491,0.0,5
S7_watchlist,2024-08-13,1.1805561486630503,0.21671958081446357,4
S7_watchlist,2024-08-14,1.1674131445151699,0.0,5
S7_watchlist,2024-08-15,1.1918736807708978,0.0,5
S7_watchlist,2024-08-16,1.2029234669789615,0.0,5
S7_watchlist,2024-08-19,1.2091962554007418,0.0,5
S7_watchlist,2024-08-20,1.2023565395761424,0.0,5
S7_watchlist,2024-08-21,1.2162955034331784,0.0,5
S7_watchlist,2024-08-22,1.1827980141986614,0.0,5
S7_watchlist,2024-08-23,1.2219162382405744,0.03641115215798582,5
S7_watchlist,2024-08-26,1.2168567425314631,0.03641115215798582,5
S7_watchlist,2024-08-27,1.2063128391675746,0.03641115215798582,5
S7_watchlist,2024-08-28,1.1854292540342113,0.03641115215798582,5
S7_watchlist,2024-08-29,1.1862750457110522,0.03641115215798582,5
S7_watchlist,2024-08-30,1.205028099561108,0.03641115215798582,5
S7_watchlist,2024-09-03,1.1122138737100509,0.03641115215798582,5
S7_watchlist,2024-09-04,1.1168233662607434,0.2228673261667544,4
S7_watchlist,2024-09-05,1.086884723128089,0.00282582983736554,5
S7_watchlist,2024-09-06,1.0454797701891771,0.0,5
S7_watchlist,2024-09-09,1.0694836823356042,0.8555470632454971,1
S7_watchlist,2024-09-10,1.06983212129385,0.8555470632454971,1
S7_watchlist,2024-09-11,1.1189164677632677,0.0,5
S7_watchlist,2024-09-12,1.1261754868684455,0.0,5
S7_watchlist,2024-09-13,1.1515790667998673,0.0,5
S7_watchlist,2024-09-16,1.1440762307287176,0.04316523417757251,5
S7_watchlist,2024-09-17,1.1651043421105776,0.04316523417757251,5
S7_watchlist,2024-09-18,1.161311085597912,0.04316523417757251,5
S7_watchlist,2024-09-19,1.2203587548027792,0.04316523417757251,5
S7_watchlist,2024-09-20,1.2602034555626611,0.04316523417757251,5
S7_watchlist,2024-09-23,1.2935708736930944,0.08065203505075891,5
S7_watchlist,2024-09-24,1.3001654447705535,0.07129212454152623,5
S7_watchlist,2024-09-25,1.2911516195919488,0.31129952837999486,4
S7_watchlist,2024-09-26,1.3366629157941436,0.31129952837999486,4
S7_watchlist,2024-09-27,1.3797528384521118,0.5784495565279921,3
S7_watchlist,2024-09-30,1.382522960429117,0.8822169945422154,2
S7_watchlist,2024-10-01,1.3717987037205868,0.8822169945422154,2
S7_watchlist,2024-10-02,1.355274680165344,0.3331936251217893,4
S7_watchlist,2024-10-03,1.373766285655326,0.06251058247225033,5
S7_watchlist,2024-10-04,1.3898429173038462,0.06251058247225033,5
S7_watchlist,2024-10-07,1.38822503541216,0.06251058247225033,5
S7_watchlist,2024-10-08,1.4039893221770239,0.06251058247225033,5
S7_watchlist,2024-10-09,1.409755542447688,0.00827830186930073,5
S7_watchlist,2024-10-10,1.4193653820849195,0.00827830186930073,5
S7_watchlist,2024-10-11,1.450145956787332,0.00827830186930073,5
S7_watchlist,2024-10-14,1.443858077193787,0.3280949591333405,4
S7_watchlist,2024-10-15,1.4207878493312767,0.3280949591333405,4
S7_watchlist,2024-10-16,1.4651222489961355,0.04243224199651552,5
S7_watchlist,2024-10-17,1.4530409786786458,0.04243224199651552,5
S7_watchlist,2024-10-18,1.4818802197865808,0.04243224199651552,5
S7_watchlist,2024-10-21,1.5392815579205117,0.04243224199651552,5
S7_watchlist,2024-10-22,1.5441349273668177,0.673109276209179,3
S7_watchlist,2024-10-23,1.5239236275622077,0.673109276209179,3
S7_watchlist,2024-10-24,1.558306599287156,0.673109276209179,3
S7_watchlist,2024-10-25,1.5454133485811514,0.3592158385702455,4
S7_watchlist,2024-10-28,1.5741924223817731,0.3592158385702455,4
S7_watchlist,2024-10-29,1.5803104415235516,0.6688799795286691,3
S7_watchlist,2024-10-30,1.5648657622621316,0.6688799795286691,3
S7_watchlist,2024-10-31,1.524257098509823,0.6688799795286691,3
S7_watchlist,2024-11-01,1.5534349272533365,0.3580505549084508,4
S7_watchlist,2024-11-04,1.5271970378277389,0.047493166067886394,5
S7_watchlist,2024-11-05,1.5702172606487421,0.047493166067886394,5
S7_watchlist,2024-11-06,1.638897287794068,0.01811447367412783,5
S7_watchlist,2024-11-07,1.6630738186452552,0.01811447367412783,5
S7_watchlist,2024-11-08,1.6412938274383475,0.01811447367412783,5
S7_watchlist,2024-11-11,1.6700264394127105,0.01811447367412783,5
S7_watchlist,2024-11-12,1.6783832650153738,0.01811447367412783,5
S7_watchlist,2024-11-13,1.6659711226323108,0.37744390621149626,4
S7_watchlist,2024-11-14,1.6440596189572463,0.37744390621149626,4
S7_watchlist,2024-11-15,1.6032035315540412,0.37744390621149626,4
S7_watchlist,2024-11-18,1.6146584399511346,0.05792282601867543,5
S7_watchlist,2024-11-19,1.6528429828589735,0.05792282601867543,5
S7_watchlist,2024-11-20,1.6281470900218007,0.05792282601867543,5
S7_watchlist,2024-11-21,1.6136506825475845,0.05792282601867543,5
S7_watchlist,2024-11-22,1.6162255317408456,0.37017564653486756,4
S7_watchlist,2024-11-25,1.6188486643806834,0.37017564653486756,4
S7_watchlist,2024-11-26,1.606718181231098,0.37017564653486756,4
S7_watchlist,2024-11-27,1.6355758172938033,0.37017564653486756,4
S7_watchlist,2024-11-29,1.6744384880834158,0.04084403251977842,5
S7_watchlist,2024-12-02,1.6324315194469845,0.3641485577880454,4
S7_watchlist,2024-12-03,1.6283718826369604,0.6763058377420743,3
S7_watchlist,2024-12-04,1.7104709700097125,0.6763058377420743,3
S7_watchlist,2024-12-05,1.716903457227382,1.3721228968615935,1
S7_watchlist,2024-12-06,1.7279124291891632,1.3721228968615935,1
S7_watchlist,2024-12-09,1.6913827019728442,1.3721228968615935,1
S7_watchlist,2024-12-10,1.678872521746177,1.3721228968615935,1
S7_watchlist,2024-12-11,1.6953859558275737,1.3721228968615935,1
S7_watchlist,2024-12-12,1.6968871640924597,1.3721228968615935,1
S7_watchlist,2024-12-13,1.678872521746177,1.3721228968615935,1
S7_watchlist,2024-12-16,1.7419238176807164,1.3721228968615935,1
S7_watchlist,2024-12-17,1.7454266767342421,1.7454266767342421,0
S7_watchlist,2024-12-18,1.7454266767342421,1.7454266767342421,0
S7_watchlist,2024-12-19,1.7454266767342421,1.7454266767342421,0
S7_watchlist,2024-12-20,1.7454266767342421,1.7454266767342421,0
S7_watchlist,2024-12-23,1.7454266767342421,1.7454266767342421,0
S7_watchlist,2024-12-24,1.7454266767342421,1.7454266767342421,0
S7_watchlist,2024-12-26,1.7454266767342421,1.7454266767342421,0
S7_watchlist,2024-12-27,1.7454266767342421,1.7454266767342421,0
S7_watchlist,2024-12-30,1.7454266767342421,1.7454266767342421,0
S7_watchlist,2024-12-31,1.7222953453126437,1.0472560060405454,2
S7_watchlist,2025-01-02,1.7510613512680593,1.0472560060405454,2
S7_watchlist,2025-01-03,1.8272704203349193,0.34287406143231625,4
S7_watchlist,2025-01-06,1.8915314023843997,0.34287406143231625,4
S7_watchlist,2025-01-07,1.8617067806607017,0.7602349906803313,3
S7_watchlist,2025-01-08,1.844489457933519,0.7602349906803313,3
S7_watchlist,2025-01-10,1.8512715205670065,0.7602349906803313,3
S7_watchlist,2025-01-13,1.8102162901200427,0.7602349906803313,3
S7_watchlist,2025-01-14,1.826148450862474,0.3924276181649865,4
S7_watchlist,2025-01-15,1.8704122732464983,0.3924276181649865,4
S7_watchlist,2025-01-16,1.8606557743768481,0.01419397668275324,5
S7_watchlist,2025-01-17,1.8966960611889436,0.023078140988538887,5
S7_watchlist,2025-01-21,1.9266895816389182,0.442723434610423,4
S7_watchlist,2025-01-22,1.9649439622885065,0.442723434610423,4
S7_watchlist,2025-01-23,1.9550879184547811,0.442723434610423,4
S7_watchlist,2025-01-24,1.9516674019853908,0.8634331080398843,3
S7_watchlist,2025-01-27,1.8662983201090928,0.8634331080398843,3
S7_watchlist,2025-01-28,1.8843642699483105,1.5053895613622983,1
S7_watchlist,2025-01-29,1.884577728562157,1.5053895613622983,1
S7_watchlist,2025-01-30,1.9345831696832183,1.127314847682762,2
S7_watchlist,2025-01-31,1.9211119739789948,1.127314847682762,2
S7_watchlist,2025-02-03,1.9168821081630854,1.127314847682762,2
S7_watchlist,2025-02-04,1.942837506163914,0.0,5
S7_watchlist,2025-02-05,1.9574162651674638,0.0,5
S7_watchlist,2025-02-06,1.9963776414035355,0.4439753068600552,4
S7_watchlist,2025-02-07,2.0135605494496045,0.4439753068600552,4
S7_watchlist,2025-02-10,2.0243795493880183,0.8952068633687693,3
S7_watchlist,2025-02-11,2.0042220665213453,0.8952068633687693,3
S7_watchlist,2025-02-12,2.0108817217858554,0.4988250755246033,4
S7_watchlist,2025-02-13,2.0623890468004924,0.09380665841524671,5
S7_watchlist,2025-02-14,2.0604402174096634,0.45291092433541563,4
S7_watchlist,2025-02-18,2.1290725156365466,0.45291092433541563,4
S7_watchlist,2025-02-19,2.1109273638770416,0.9195573804427546,3
S7_watchlist,2025-02-20,2.0985659435717707,0.9195573804427546,3
S7_watchlist,2025-02-21,2.024645093204774,0.9195573804427546,3
S7_watchlist,2025-02-24,1.9708663174317993,0.9195573804427546,3
S7_watchlist,2025-02-25,1.9413971958571707,1.5366562586853771,1
S7_watchlist,2025-02-26,1.938322307041006,1.1477265683686408,2
S7_watchlist,2025-02-27,1.8675588644285883,0.36736804821188834,4
S7_watchlist,2025-02-28,1.8618959584044705,0.7071097235372075,3
S7_watchlist,2025-03-03,1.7638073593620467,0.0,5
S7_watchlist,2025-03-04,1.741070604958664,0.6290225230363202,3
S7_watchlist,2025-03-05,1.8182963974614128,0.2799318383442655,4
S7_watchlist,2025-03-06,1.739829257321681,0.0,5
S7_watchlist,2025-03-07,1.7478529207697915,0.7111781276072894,3
S7_watchlist,2025-03-10,1.6977462312250817,0.7111781276072894,3
S7_watchlist,2025-03-11,1.6805057319693835,0.7111781276072894,3
S7_watchlist,2025-03-12,1.6932861356457136,1.05921349710175,2
S7_watchlist,2025-03-13,1.6870387236873676,1.05921349710175,2
S7_watchlist,2025-03-14,1.720838289554789,1.05921349710175,2
S7_watchlist,2025-03-17,1.7230627203303734,1.05921349710175,2
S7_watchlist,2025-03-18,1.7136729251835014,0.027141773704239203,5
S7_watchlist,2025-03-19,1.7273999268953997,0.027141773704239203,5
S7_watchlist,2025-03-20,1.7201193705775215,0.027141773704239203,5
S7_watchlist,2025-03-21,1.7009538056129534,0.027141773704239203,5
S7_watchlist,2025-03-24,1.7714637012283638,0.027141773704239203,5
S7_watchlist,2025-03-25,1.764406414986673,0.027141773704239203,5
S7_watchlist,2025-03-26,1.6993171405796164,0.027141773704239203,5
S7_watchlist,2025-03-27,1.6709159615998326,0.027141773704239203,5
S7_watchlist,2025-03-28,1.6319884371866595,0.027141773704239203,5
S7_watchlist,2025-03-31,1.5705968619299386,0.3297263893762699,4
S7_watchlist,2025-04-01,1.5849991039710642,0.6231032125412281,3
S7_watchlist,2025-04-02,1.6018702903466748,0.6231032125412281,3
S7_watchlist,2025-04-03,1.4870918617134548,0.9062725362852774,2
S7_watchlist,2025-04-04,1.4646804030343918,1.4646804030343918,0
S7_watchlist,2025-04-07,1.4646804030343918,1.4646804030343918,0
S7_watchlist,2025-04-08,1.4646804030343918,1.4646804030343918,0
S7_watchlist,2025-04-09,1.4646804030343918,1.4646804030343918,0
S7_watchlist,2025-04-10,1.4646804030343918,1.4646804030343918,0
S7_watchlist,2025-04-11,1.4646804030343918,1.4646804030343918,0
S7_watchlist,2025-04-14,1.4646804030343918,1.4646804030343918,0
S7_watchlist,2025-04-15,1.4646804030343918,1.4646804030343918,0
S7_watchlist,2025-04-16,1.4646804030343918,1.4646804030343918,0
S7_watchlist,2025-04-17,1.4646804030343918,1.4646804030343918,0
S7_watchlist,2025-04-21,1.4646804030343918,1.4646804030343918,0
S7_watchlist,2025-04-22,1.4646804030343918,1.4646804030343918,0
S7_watchlist,2025-04-23,1.4646804030343918,1.4646804030343918,0
S7_watchlist,2025-04-24,1.4646804030343918,1.4646804030343918,0
S7_watchlist,2025-04-25,1.4646804030343918,1.4646804030343918,0
S7_watchlist,2025-04-28,1.4646804030343918,1.4646804030343918,0
S7_watchlist,2025-04-29,1.4646804030343918,1.4646804030343918,0
S7_watchlist,2025-04-30,1.4646804030343918,1.4646804030343918,0
S7_watchlist,2025-05-01,1.4646804030343918,1.4646804030343918,0
S7_watchlist,2025-05-02,1.4515998883916121,0.8788082418206351,2
S7_watchlist,2025-05-05,1.4061137582715055,0.019572310522666503,5
S7_watchlist,2025-05-06,1.4136571483250482,0.0015991138851346176,5
S7_watchlist,2025-05-07,1.4262046557355086,0.0015991138851346176,5
S7_watchlist,2025-05-08,1.4600017463833954,0.0015991138851346176,5
S7_watchlist,2025-05-09,1.4130052969643179,0.0015991138851346176,5
S7_watchlist,2025-05-12,1.5235913668397747,0.0,5
S7_watchlist,2025-05-13,1.5796146569755303,0.3525005274512304,4
S7_watchlist,2025-05-14,1.5558661380474939,0.03462895711579439,5
S7_watchlist,2025-05-15,1.5217861643893076,0.03462895711579439,5
S7_watchlist,2025-05-16,1.5977831045721196,0.03462895711579439,5
S7_watchlist,2025-05-19,1.5499510728178896,0.3674253246328413,4
S7_watchlist,2025-05-20,1.5323943433327456,0.058951525788354664,5
S7_watchlist,2025-05-21,1.4832870863486,0.29873135449295496,4
S7_watchlist,2025-05-22,1.4930752115182016,0.5636904613962423,3
S7_watchlist,2025-05-23,1.5017267207620362,0.2674454573126333,4
S7_watchlist,2025-05-27,1.550512014522901,0.2674454573126333,4
S7_watchlist,2025-05-28,1.5280928128509237,0.302439439334351,4
S7_watchlist,2025-05-29,1.5444576998268413,0.6001750574383741,3
S7_watchlist,2025-05-30,1.5120838879760177,0.6001750574383741,3
S7_watchlist,2025-06-02,1.5292234877062088,0.6001750574383741,3
S7_watchlist,2025-06-03,1.5953253805723642,0.2807852825914122,4
S7_watchlist,2025-06-04,1.639134142504752,0.0,5
S7_watchlist,2025-06-05,1.5912684437163978,0.03740709302018452,5
S7_watchlist,2025-06-06,1.6404649908499478,0.6081468210277599,3
S7_watchlist,2025-06-09,1.6400005913203164,0.2991882277371687,4
S7_watchlist,2025-06-10,1.6354723712733168,0.0,5
S7_watchlist,2025-06-11,1.6386736774713029,0.0,5
S7_watchlist,2025-06-12,1.615299846215772,0.0,5
S7_watchlist,2025-06-13,1.5548086428380332,0.29642094916764333,4
S7_watchlist,2025-06-16,1.609326156841988,0.5971252924326522,3
S7_watchlist,2025-06-17,1.5528029763169446,0.5971252924326522,3
S7_watchlist,2025-06-18,1.5606079729866391,0.5971252924326522,3
S7_watchlist,2025-06-20,1.5762638321897728,0.5971252924326522,3
S7_watchlist,2025-06-23,1.5978108986945265,0.5971252924326522,3
S7_watchlist,2025-06-24,1.651578730130227,0.5971252924326522,3
S7_watchlist,2025-06-25,1.6362824963230351,0.9805687163886827,2
S7_watchlist,2025-06-26,1.6769698164491382,0.9805687163886827,2
S7_watchlist,2025-06-27,1.6686305622983575,0.6413940776133946,3
S7_watchlist,2025-06-30,1.7485585367539864,0.6413940776133946,3
S7_watchlist,2025-07-01,1.7270097112401,1.7270097112401,0
S7_watchlist,2025-07-02,1.7302184686629758,1.38160776899208,1
S7_watchlist,2025-07-03,1.745158578088981,0.0,5
S7_watchlist,2025-07-07,1.6793898222063757,0.0,5
S7_watchlist,2025-07-08,1.7352764307255848,0.0,5
S7_watchlist,2025-07-09,1.7200150341779268,0.0,5
S7_watchlist,2025-07-10,1.8891797769516647,0.0,5
S7_watchlist,2025-07-11,1.8664744500399586,0.4850629780400905,4
S7_watchlist,2025-07-14,1.8723785651084086,0.11550374174909611,5
S7_watchlist,2025-07-15,1.8783324250589948,0.11550374174909611,5
S7_watchlist,2025-07-16,1.9050913530495472,0.5351040291270119,4
S7_watchlist,2025-07-17,1.930258965449946,0.5351040291270119,4
S7_watchlist,2025-07-18,1.9102686807205218,0.5351040291270119,4
S7_watchlist,2025-07-21,1.9270257846415348,0.5351040291270119,4
S7_watchlist,2025-07-22,1.9472668229291676,0.5351040291270119,4
S7_watchlist,2025-07-23,1.9488292321666538,1.9488292321666538,0
S7_watchlist,2025-07-24,1.9488292321666538,1.9488292321666538,0
S7_watchlist,2025-07-25,1.9488292321666538,1.9488292321666538,0
S7_watchlist,2025-07-28,1.9488292321666538,1.9488292321666538,0
S7_watchlist,2025-07-29,1.9488292321666538,1.9488292321666538,0
S7_watchlist,2025-07-30,1.9488292321666538,1.9488292321666538,0
S7_watchlist,2025-07-31,1.9488292321666538,1.9488292321666538,0
S7_watchlist,2025-08-01,1.9488292321666538,1.9488292321666538,0
S7_watchlist,2025-08-04,1.9488292321666538,1.9488292321666538,0
S7_watchlist,2025-08-05,1.9488292321666538,1.9488292321666538,0
S7_watchlist,2025-08-06,1.9488292321666538,1.9488292321666538,0
S7_watchlist,2025-08-07,1.9488292321666538,1.9488292321666538,0
S7_watchlist,2025-08-08,1.9488292321666538,1.9488292321666538,0
S7_watchlist,2025-08-11,1.9488292321666538,1.9488292321666538,0
S7_watchlist,2025-08-12,1.9488292321666538,1.9488292321666538,0
S7_watchlist,2025-08-13,1.9488292321666538,1.9488292321666538,0
S7_watchlist,2025-08-14,1.9488292321666538,1.9488292321666538,0
S7_watchlist,2025-08-15,1.9488292321666538,1.9488292321666538,0
S7_watchlist,2025-08-18,1.9488292321666538,1.9488292321666538,0
S7_watchlist,2025-08-19,1.9488292321666538,1.9488292321666538,0
S7_watchlist,2025-08-20,1.9488292321666538,1.9488292321666538,0
S7_watchlist,2025-08-21,1.9488292321666538,1.9488292321666538,0
S7_watchlist,2025-08-22,1.9488292321666538,1.9488292321666538,0
S7_watchlist,2025-08-25,1.9488292321666538,1.9488292321666538,0
S7_watchlist,2025-08-26,1.9488292321666538,1.9488292321666538,0
S7_watchlist,2025-08-27,1.9488292321666538,1.9488292321666538,0
S7_watchlist,2025-08-28,1.9488292321666538,1.9488292321666538,0
S7_watchlist,2025-08-29,1.9488292321666538,1.9488292321666538,0
S7_watchlist,2025-09-02,1.9488292321666538,1.9488292321666538,0
S7_watchlist,2025-09-03,1.9488292321666538,1.9488292321666538,0
S7_watchlist,2025-09-04,1.9488292321666538,1.9488292321666538,0
S7_watchlist,2025-09-05,1.9488292321666538,1.9488292321666538,0
S7_watchlist,2025-09-08,1.9488292321666538,1.9488292321666538,0
S7_watchlist,2025-09-09,1.9488292321666538,1.9488292321666538,0
S7_watchlist,2025-09-10,1.9488292321666538,1.9488292321666538,0
S7_watchlist,2025-09-11,1.9488292321666538,1.9488292321666538,0
S7_watchlist,2025-09-12,1.9488292321666538,1.9488292321666538,0
S7_watchlist,2025-09-15,1.9488292321666538,1.9488292321666538,0
S7_watchlist,2025-09-16,1.9488292321666538,1.9488292321666538,0
S7_watchlist,2025-09-17,1.9488292321666538,1.9488292321666538,0
S7_watchlist,2025-09-18,1.9488292321666538,1.9488292321666538,0
S7_watchlist,2025-09-19,1.9488292321666538,1.9488292321666538,0
S7_watchlist,2025-09-22,1.9488292321666538,1.9488292321666538,0
S7_watchlist,2025-09-23,1.9488292321666538,1.9488292321666538,0
S7_watchlist,2025-09-24,1.9488292321666538,1.9488292321666538,0
S7_watchlist,2025-09-25,1.9488292321666538,1.9488292321666538,0
S7_watchlist,2025-09-26,1.9488292321666538,1.9488292321666538,0
S7_watchlist,2025-09-29,1.9488292321666538,1.9488292321666538,0
S7_watchlist,2025-09-30,1.9488292321666538,1.9488292321666538,0
S7_watchlist,2025-10-01,1.9488292321666538,1.9488292321666538,0
S7_watchlist,2025-10-02,1.9488292321666538,1.9488292321666538,0
S7_watchlist,2025-10-03,1.9488292321666538,1.9488292321666538,0
S7_watchlist,2025-10-06,1.9488292321666538,1.9488292321666538,0
S7_watchlist,2025-10-07,1.9488292321666538,1.9488292321666538,0
S7_watchlist,2025-10-08,1.9488292321666538,1.9488292321666538,0
S7_watchlist,2025-10-09,1.9488292321666538,1.9488292321666538,0
S7_watchlist,2025-10-10,1.9488292321666538,1.9488292321666538,0
S7_watchlist,2025-10-13,1.9488292321666538,1.9488292321666538,0
S7_watchlist,2025-10-14,1.9488292321666538,1.9488292321666538,0
S7_watchlist,2025-10-15,1.9488292321666538,1.9488292321666538,0
S7_watchlist,2025-10-16,1.9488292321666538,1.9488292321666538,0
S7_watchlist,2025-10-17,1.9488292321666538,1.9488292321666538,0
S7_watchlist,2025-10-20,1.9488292321666538,1.9488292321666538,0
S7_watchlist,2025-10-21,1.9488292321666538,1.9488292321666538,0
S7_watchlist,2025-10-22,1.9488292321666538,1.9488292321666538,0
S7_watchlist,2025-10-23,1.9488292321666538,1.9488292321666538,0
S7_watchlist,2025-10-24,1.9488292321666538,1.9488292321666538,0
S7_watchlist,2025-10-27,1.9488292321666538,1.9488292321666538,0
S7_watchlist,2025-10-28,1.9488292321666538,1.9488292321666538,0
S7_watchlist,2025-10-29,1.9488292321666538,1.9488292321666538,0
S7_watchlist,2025-10-30,1.9488292321666538,1.9488292321666538,0
S7_watchlist,2025-10-31,1.9488292321666538,1.9488292321666538,0
S7_watchlist,2025-11-03,1.9488292321666538,1.9488292321666538,0
S7_watchlist,2025-11-04,1.9488292321666538,1.9488292321666538,0
S7_watchlist,2025-11-05,1.9488292321666538,1.9488292321666538,0
S7_watchlist,2025-11-06,1.9488292321666538,1.9488292321666538,0
S7_watchlist,2025-11-07,1.9488292321666538,1.9488292321666538,0
S7_watchlist,2025-11-10,1.9488292321666538,1.9488292321666538,0
S7_watchlist,2025-11-11,1.9488292321666538,1.9488292321666538,0
S7_watchlist,2025-11-12,1.9488292321666538,1.9488292321666538,0
S7_watchlist,2025-11-13,1.9488292321666538,1.9488292321666538,0
S7_watchlist,2025-11-14,1.9488292321666538,1.9488292321666538,0
S7_watchlist,2025-11-17,1.9488292321666538,1.9488292321666538,0
S7_watchlist,2025-11-18,1.9488292321666538,1.9488292321666538,0
S7_watchlist,2025-11-19,1.9488292321666538,1.9488292321666538,0
S7_watchlist,2025-11-20,1.9488292321666538,1.9488292321666538,0
S7_watchlist,2025-11-21,1.9488292321666538,1.9488292321666538,0
S7_watchlist,2025-11-24,1.9664099835553446,1.5590633857333231,1
S7_watchlist,2025-11-25,1.9675014256080914,1.5590633857333231,1
S7_watchlist,2025-11-26,1.977924754160493,1.5590633857333231,1
S7_watchlist,2025-11-28,1.9892394265929736,1.5590633857333231,1
S7_watchlist,2025-12-01,1.996479407956381,1.5590633857333231,1
S7_watchlist,2025-12-02,1.9933687589457818,1.9933687589457818,0
S7_watchlist,2025-12-03,1.9933687589457818,1.9933687589457818,0
S7_watchlist,2025-12-04,1.9933687589457818,1.9933687589457818,0
S7_watchlist,2025-12-05,1.9933687589457818,1.9933687589457818,0
S7_watchlist,2025-12-08,1.9933687589457818,1.9933687589457818,0
S7_watchlist,2025-12-09,1.9933687589457818,1.9933687589457818,0
S7_watchlist,2025-12-10,1.9933687589457818,1.9933687589457818,0
S7_watchlist,2025-12-11,1.9933687589457818,1.9933687589457818,0
S7_watchlist,2025-12-12,1.9933687589457818,1.9933687589457818,0
S7_watchlist,2025-12-15,1.9933687589457818,1.9933687589457818,0
S7_watchlist,2025-12-16,1.9933687589457818,1.9933687589457818,0
S7_watchlist,2025-12-17,1.9933687589457818,1.9933687589457818,0
S7_watchlist,2025-12-18,1.9933687589457818,1.9933687589457818,0
S7_watchlist,2025-12-19,1.9933687589457818,1.9933687589457818,0
S7_watchlist,2025-12-22,1.9933687589457818,1.9933687589457818,0
S7_watchlist,2025-12-23,1.9933687589457818,1.9933687589457818,0
S7_watchlist,2025-12-24,1.9933687589457818,1.9933687589457818,0
S7_watchlist,2025-12-26,1.9933687589457818,1.9933687589457818,0
S7_watchlist,2025-12-29,1.9933687589457818,1.9933687589457818,0
S7_watchlist,2025-12-30,1.9933687589457818,1.9933687589457818,0
S7_watchlist,2025-12-31,1.9933687589457818,1.9933687589457818,0
S7_both,2021-01-04,1.0,1.0,0
S7_both,2021-01-05,1.0,1.0,0
S7_both,2021-01-06,1.0,1.0,0
S7_both,2021-01-07,1.0,1.0,0
S7_both,2021-01-08,1.0,1.0,0
S7_both,2021-01-11,1.0,1.0,0
S7_both,2021-01-12,1.0,1.0,0
S7_both,2021-01-13,1.0,1.0,0
S7_both,2021-01-14,1.0,1.0,0
S7_both,2021-01-15,1.0,1.0,0
S7_both,2021-01-19,1.0,1.0,0
S7_both,2021-01-20,1.0,1.0,0
S7_both,2021-01-21,1.0,1.0,0
S7_both,2021-01-22,1.0,1.0,0
S7_both,2021-01-25,1.0,1.0,0
S7_both,2021-01-26,1.0,1.0,0
S7_both,2021-01-27,1.0,1.0,0
S7_both,2021-01-28,1.0,1.0,0
S7_both,2021-01-29,1.0,1.0,0
S7_both,2021-02-01,1.0,1.0,0
S7_both,2021-02-02,1.0,1.0,0
S7_both,2021-02-03,1.0,1.0,0
S7_both,2021-02-04,1.0,1.0,0
S7_both,2021-02-05,1.0,1.0,0
S7_both,2021-02-08,1.0,1.0,0
S7_both,2021-02-09,1.0,1.0,0
S7_both,2021-02-10,1.0,1.0,0
S7_both,2021-02-11,1.0,1.0,0
S7_both,2021-02-12,1.0,1.0,0
S7_both,2021-02-16,1.0,1.0,0
S7_both,2021-02-17,1.0,1.0,0
S7_both,2021-02-18,1.0,1.0,0
S7_both,2021-02-19,1.0,1.0,0
S7_both,2021-02-22,1.0,1.0,0
S7_both,2021-02-23,1.0,1.0,0
S7_both,2021-02-24,1.0,1.0,0
S7_both,2021-02-25,1.0,1.0,0
S7_both,2021-02-26,1.0,1.0,0
S7_both,2021-03-01,1.0,1.0,0
S7_both,2021-03-02,1.0,1.0,0
S7_both,2021-03-03,1.0,1.0,0
S7_both,2021-03-04,1.0,1.0,0
S7_both,2021-03-05,1.0,1.0,0
S7_both,2021-03-08,0.9661198877808577,5.551115123125783e-17,5
S7_both,2021-03-09,1.0028646979317726,5.551115123125783e-17,5
S7_both,2021-03-10,0.9935267950619768,5.551115123125783e-17,5
S7_both,2021-03-11,1.028151524584304,5.551115123125783e-17,5
S7_both,2021-03-12,1.0232707286827927,5.551115123125783e-17,5
S7_both,2021-03-15,1.0322958243301408,5.551115123125783e-17,5
S7_both,2021-03-16,1.0494800314656882,5.551115123125783e-17,5
S7_both,2021-03-17,1.0556053128889036,0.2249553309690228,4
S7_both,2021-03-18,1.0193689195390256,0.2249553309690228,4
S7_both,2021-03-19,1.0202653436275622,0.2249553309690228,4
S7_both,2021-03-22,1.0220409168960456,0.019179493282243387,5
S7_both,2021-03-23,0.9962462833394439,0.019179493282243387,5
S7_both,2021-03-24,0.9898091798172575,0.019179493282243387,5
S7_both,2021-03-25,0.9978502866291079,0.019179493282243387,5
S7_both,2021-03-26,1.029871470562472,0.019179493282243387,5
S7_both,2021-03-29,1.0178507800845247,0.019179493282243387,5
S7_both,2021-03-30,1.0170372587070995,0.019179493282243387,5
S7_both,2021-03-31,1.02636705196407,0.019179493282243387,5
S7_both,2021-04-01,1.0601955081410472,0.21723822469569595,4
S7_both,2021-04-05,1.0760901035869495,0.21723822469569595,4
S7_both,2021-04-06,1.0735823424034017,1.0735823424034017,0
S7_both,2021-04-07,1.0735823424034017,1.0735823424034017,0
S7_both,2021-04-08,1.0735823424034017,1.0735823424034017,0
S7_both,2021-04-09,1.0735823424034017,1.0735823424034017,0
S7_both,2021-04-12,1.0735823424034017,1.0735823424034017,0
S7_both,2021-04-13,1.0735823424034017,1.0735823424034017,0
S7_both,2021-04-14,1.0735823424034017,1.0735823424034017,0
S7_both,2021-04-15,1.0735823424034017,1.0735823424034017,0
S7_both,2021-04-16,1.0735823424034017,1.0735823424034017,0
S7_both,2021-04-19,1.0735823424034017,1.0735823424034017,0
S7_both,2021-04-20,1.0735823424034017,1.0735823424034017,0
S7_both,2021-04-21,1.0735823424034017,1.0735823424034017,0
S7_both,2021-04-22,1.0735823424034017,1.0735823424034017,0
S7_both,2021-04-23,1.0735823424034017,1.0735823424034017,0
S7_both,2021-04-26,1.0735823424034017,1.0735823424034017,0
S7_both,2021-04-27,1.0735823424034017,1.0735823424034017,0
S7_both,2021-04-28,1.0735823424034017,1.0735823424034017,0
S7_both,2021-04-29,1.0735823424034017,1.0735823424034017,0
S7_both,2021-04-30,1.0735823424034017,1.0735823424034017,0
S7_both,2021-05-03,1.0735823424034017,1.0735823424034017,0
S7_both,2021-05-04,1.0735823424034017,1.0735823424034017,0
S7_both,2021-05-05,1.0735823424034017,1.0735823424034017,0
S7_both,2021-05-06,1.0735823424034017,1.0735823424034017,0
S7_both,2021-05-07,1.0735823424034017,1.0735823424034017,0
S7_both,2021-05-10,1.0735823424034017,1.0735823424034017,0
S7_both,2021-05-11,1.0735823424034017,1.0735823424034017,0
S7_both,2021-05-12,1.0735823424034017,1.0735823424034017,0
S7_both,2021-05-13,1.0735823424034017,1.0735823424034017,0
S7_both,2021-05-14,1.0765209322467313,0.6441494054420409,2
S7_both,2021-05-17,1.083571436534992,0.21562925627698368,4
S7_both,2021-05-18,1.0813265150388116,0.21562925627698368,4
S7_both,2021-05-19,1.105398647380822,0.21562925627698368,4
S7_both,2021-05-20,1.113579442502879,0.4739613236330872,3
S7_both,2021-05-21,1.0895645859565835,0.030059617967346353,5
S7_both,2021-05-24,1.1122512134862972,0.030059617967346353,5
S7_both,2021-05-25,1.1015772043606367,0.030059617967346353,5
S7_both,2021-05-26,1.1061635600952315,0.030059617967346353,5
S7_both,2021-05-27,1.109072360881942,0.030059617967346353,5
S7_both,2021-05-28,1.116322876737148,0.030059617967346353,5
S7_both,2021-06-01,1.1286239331135763,0.030059617967346353,5
S7_both,2021-06-02,1.127298655565061,0.030059617967346353,5
S7_both,2021-06-03,1.1252195932525675,0.030059617967346353,5
S7_both,2021-06-04,1.1723688665342271,0.030059617967346353,5
S7_both,2021-06-07,1.172329880737526,0.030059617967346353,5
S7_both,2021-06-08,1.183170433543876,0.030059617967346353,5
S7_both,2021-06-09,1.18077664168441,0.28384115487156925,4
S7_both,2021-06-10,1.190304016828228,0.28384115487156925,4
S7_both,2021-06-11,1.1852214128065863,0.5273247925562576,3
S7_both,2021-06-14,1.1821140548067257,0.7408051349186513,2
S7_both,2021-06-15,1.1811659175131928,0.9495143720071686,1
S7_both,2021-06-16,1.1799315228844136,0.9495143720071686,1
S7_both,2021-06-17,1.1817840761141056,0.9495143720071686,1
S7_both,2021-06-18,1.178669493102607,0.9495143720071686,1
S7_both,2021-06-21,1.1794126283081452,1.1794126283081452,0
S7_both,2021-06-22,1.1794126283081452,1.1794126283081452,0
S7_both,2021-06-23,1.1794126283081452,1.1794126283081452,0
S7_both,2021-06-24,1.1794126283081452,1.1794126283081452,0
S7_both,2021-06-25,1.1794126283081452,1.1794126283081452,0
S7_both,2021-06-28,1.1794126283081452,1.1794126283081452,0
S7_both,2021-06-29,1.1794126283081452,1.1794126283081452,0
S7_both,2021-06-30,1.1794126283081452,1.1794126283081452,0
S7_both,2021-07-01,1.1794126283081452,1.1794126283081452,0
S7_both,2021-07-02,1.1794126283081452,1.1794126283081452,0
S7_both,2021-07-06,1.1794126283081452,1.1794126283081452,0
S7_both,2021-07-07,1.1794126283081452,1.1794126283081452,0
S7_both,2021-07-08,1.1794126283081452,1.1794126283081452,0
S7_both,2021-07-09,1.1794126283081452,1.1794126283081452,0
S7_both,2021-07-12,1.1794126283081452,1.1794126283081452,0
S7_both,2021-07-13,1.1794126283081452,1.1794126283081452,0
S7_both,2021-07-14,1.1794126283081452,1.1794126283081452,0
S7_both,2021-07-15,1.1794126283081452,1.1794126283081452,0
S7_both,2021-07-16,1.1794126283081452,1.1794126283081452,0
S7_both,2021-07-19,1.1794126283081452,1.1794126283081452,0
S7_both,2021-07-20,1.1794126283081452,1.1794126283081452,0
S7_both,2021-07-21,1.1794126283081452,1.1794126283081452,0
S7_both,2021-07-22,1.1794126283081452,1.1794126283081452,0
S7_both,2021-07-23,1.1794126283081452,1.1794126283081452,0
S7_both,2021-07-26,1.1794126283081452,1.1794126283081452,0
S7_both,2021-07-27,1.1794126283081452,1.1794126283081452,0
S7_both,2021-07-28,1.1794126283081452,1.1794126283081452,0
S7_both,2021-07-29,1.1794126283081452,1.1794126283081452,0
S7_both,2021-07-30,1.1794126283081452,1.1794126283081452,0
S7_both,2021-08-02,1.1794126283081452,1.1794126283081452,0
S7_both,2021-08-03,1.1794126283081452,1.1794126283081452,0
S7_both,2021-08-04,1.1794126283081452,1.1794126283081452,0
S7_both,2021-08-05,1.1794126283081452,1.1794126283081452,0
S7_both,2021-08-06,1.1794126283081452,1.1794126283081452,0
S7_both,2021-08-09,1.1794126283081452,1.1794126283081452,0
S7_both,2021-08-10,1.1794126283081452,1.1794126283081452,0
S7_both,2021-08-11,1.1794126283081452,1.1794126283081452,0
S7_both,2021-08-12,1.1794126283081452,1.1794126283081452,0
S7_both,2021-08-13,1.1794126283081452,1.1794126283081452,0
S7_both,2021-08-16,1.1794126283081452,1.1794126283081452,0
S7_both,2021-08-17,1.1794126283081452,1.1794126283081452,0
S7_both,2021-08-18,1.1794126283081452,1.1794126283081452,0
S7_both,2021-08-19,1.1794126283081452,1.1794126283081452,0
S7_both,2021-08-20,1.1794126283081452,1.1794126283081452,0
S7_both,2021-08-23,1.1794126283081452,1.1794126283081452,0
S7_both,2021-08-24,1.1794126283081452,1.1794126283081452,0
S7_both,2021-08-25,1.1794126283081452,1.1794126283081452,0
S7_both,2021-08-26,1.1794126283081452,1.1794126283081452,0
S7_both,2021-08-27,1.1794126283081452,1.1794126283081452,0
S7_both,2021-08-30,1.1794126283081452,1.1794126283081452,0
S7_both,2021-08-31,1.1794126283081452,1.1794126283081452,0
S7_both,2021-09-01,1.1794126283081452,1.1794126283081452,0
S7_both,2021-09-02,1.1794126283081452,1.1794126283081452,0
S7_both,2021-09-03,1.1794126283081452,1.1794126283081452,0
S7_both,2021-09-07,1.1794126283081452,1.1794126283081452,0
S7_both,2021-09-08,1.1794126283081452,1.1794126283081452,0
S7_both,2021-09-09,1.1794126283081452,1.1794126283081452,0
S7_both,2021-09-10,1.1794126283081452,1.1794126283081452,0
S7_both,2021-09-13,1.1794126283081452,1.1794126283081452,0
S7_both,2021-09-14,1.1794126283081452,1.1794126283081452,0
S7_both,2021-09-15,1.1794126283081452,1.1794126283081452,0
S7_both,2021-09-16,1.1794126283081452,1.1794126283081452,0
S7_both,2021-09-17,1.1794126283081452,1.1794126283081452,0
S7_both,2021-09-20,1.1794126283081452,1.1794126283081452,0
S7_both,2021-09-21,1.1794126283081452,1.1794126283081452,0
S7_both,2021-09-22,1.1864945103035505,0.4717650513232581,3
S7_both,2021-09-23,1.1854150119157567,0.4717650513232581,3
S7_both,2021-09-24,1.19337601343267,0.4717650513232581,3
S7_both,2021-09-27,1.2149792409368008,0.4717650513232581,3
S7_both,2021-09-28,1.1949420964670137,0.4717650513232581,3
S7_both,2021-09-29,1.1794542576216975,0.23333309139155514,4
S7_both,2021-09-30,1.1694249616862142,0.22214550660012572,4
S7_both,2021-10-01,1.1950812667946955,0.21326252630347836,4
S7_both,2021-10-04,1.1670482122817056,0.0,5
S7_both,2021-10-05,1.1829263373474013,0.0,5
S7_both,2021-10-06,1.1705345181254645,0.0,5
S7_both,2021-10-07,1.2026912771472942,0.0,5
S7_both,2021-10-08,1.1810215430859632,0.0,5
S7_both,2021-10-11,1.2145708978917087,0.0,5
S7_both,2021-10-12,1.1961058584543827,0.020450302027352568,5
S7_both,2021-10-13,1.2036562003102331,0.020450302027352568,5
S7_both,2021-10-14,1.2219475458959064,0.020450302027352568,5
S7_both,2021-10-15,1.2402811395058788,0.020450302027352568,5
S7_both,2021-10-18,1.233470811126274,0.041463157068958784,5
S7_both,2021-10-19,1.2558142556630314,0.041463157068958784,5
S7_both,2021-10-20,1.2590143539923648,0.2893477578069218,4
S7_both,2021-10-21,1.2477048658610659,0.2893477578069218,4
S7_both,2021-10-22,1.2299493059740945,0.2893477578069218,4
S7_both,2021-10-25,1.2256812419680951,0.04402849968844896,5
S7_both,2021-10-26,1.231851915452683,0.04402849968844896,5
S7_both,2021-10-27,1.2364915505430873,0.04402849968844896,5
S7_both,2021-10-28,1.273375903304665,0.04402849968844896,5
S7_both,2021-10-29,1.2609489499571755,0.2755296540967132,4
S7_both,2021-11-01,1.2778393120887606,0.4809834793685641,3
S7_both,2021-11-02,1.2942809707037939,0.7669321895533494,2
S7_both,2021-11-03,1.3087532511465305,0.7669321895533494,2
S7_both,2021-11-04,1.3130841628345664,1.0480465435499817,1
S7_both,2021-11-05,1.312036201971714,1.0480465435499817,1
S7_both,2021-11-08,1.315765676197937,1.0480465435499817,1
S7_both,2021-11-09,1.317214281008381,1.0480465435499817,1
S7_both,2021-11-10,1.3140722235615023,1.0480465435499817,1
S7_both,2021-11-11,1.3110539208600929,1.0480465435499817,1
S7_both,2021-11-12,1.3139638304251593,1.0480465435499817,1
S7_both,2021-11-15,1.3142578997453211,1.3142578997453211,0
S7_both,2021-11-16,1.3142578997453211,1.3142578997453211,0
S7_both,2021-11-17,1.3142578997453211,1.3142578997453211,0
S7_both,2021-11-18,1.3142578997453211,1.3142578997453211,0
S7_both,2021-11-19,1.3142578997453211,1.3142578997453211,0
S7_both,2021-11-22,1.3142578997453211,1.3142578997453211,0
S7_both,2021-11-23,1.3142578997453211,1.3142578997453211,0
S7_both,2021-11-24,1.3142578997453211,1.3142578997453211,0
S7_both,2021-11-26,1.3142578997453211,1.3142578997453211,0
S7_both,2021-11-29,1.3142578997453211,1.3142578997453211,0
S7_both,2021-11-30,1.3142578997453211,1.3142578997453211,0
S7_both,2021-12-01,1.3142578997453211,1.3142578997453211,0
S7_both,2021-12-02,1.3142578997453211,1.3142578997453211,0
S7_both,2021-12-03,1.3142578997453211,1.3142578997453211,0
S7_both,2021-12-06,1.3142578997453211,1.3142578997453211,0
S7_both,2021-12-07,1.3142578997453211,1.3142578997453211,0
S7_both,2021-12-08,1.3142578997453211,1.3142578997453211,0
S7_both,2021-12-09,1.3142578997453211,1.3142578997453211,0
S7_both,2021-12-10,1.3142578997453211,1.3142578997453211,0
S7_both,2021-12-13,1.3142578997453211,1.3142578997453211,0
S7_both,2021-12-14,1.3142578997453211,1.3142578997453211,0
S7_both,2021-12-15,1.3142578997453211,1.3142578997453211,0
S7_both,2021-12-16,1.3142578997453211,1.3142578997453211,0
S7_both,2021-12-17,1.3133638351435388,1.0514063197962569,1
S7_both,2021-12-20,1.3080853410664388,1.0514063197962569,1
S7_both,2021-12-21,1.3171716534991424,0.7893337713779119,2
S7_both,2021-12-22,1.331718046457696,5.553541307867782e-05,5
S7_both,2021-12-23,1.358951055699172,5.553541307867782e-05,5
S7_both,2021-12-27,1.4438156904335642,5.553541307867782e-05,5
S7_both,2021-12-28,1.4300798043927285,0.6177099945815562,3
S7_both,2021-12-29,1.4312268121795548,0.6177099945815562,3
S7_both,2021-12-30,1.4319810799438266,0.6177099945815562,3
S7_both,2021-12-31,1.429753019537169,0.6177099945815562,3
S7_both,2022-01-03,1.4523592820853575,0.6177099945815562,3
S7_both,2022-01-04,1.4753650450370923,0.6177099945815562,3
S7_both,2022-01-05,1.4779342336145298,0.92072834321225,2
S7_both,2022-01-06,1.47300326342697,0.92072834321225,2
S7_both,2022-01-07,1.464669624986696,0.036256852307392395,5
S7_both,2022-01-10,1.4782594077425255,0.036256852307392395,5
S7_both,2022-01-11,1.479173339566814,0.036256852307392395,5
S7_both,2022-01-12,1.5007757273099411,0.036256852307392395,5
S7_both,2022-01-13,1.4719025144871796,0.036256852307392395,5
S7_both,2022-01-14,1.4758413317297587,0.036256852307392395,5
S7_both,2022-01-18,1.4299556333497652,0.02928672195630727,5
S7_both,2022-01-19,1.3791504086172637,0.013529267218278906,5
S7_both,2022-01-20,1.3553158369054144,0.0,5
S7_both,2022-01-21,1.2955789267422562,0.24566844631459817,4
S7_both,2022-01-24,1.2703410478073627,0.7313845073842619,2
S7_both,2022-01-25,1.2652201555206328,0.992466353701452,1
S7_both,2022-01-26,1.2666060914756136,0.992466353701452,1
S7_both,2022-01-27,1.261720616163951,0.992466353701452,1
S7_both,2022-01-28,1.2602134130811427,1.2602134130811427,0
S7_both,2022-01-31,1.2602134130811427,1.2602134130811427,0
S7_both,2022-02-01,1.2800267355619441,0.0,5
S7_both,2022-02-02,1.3008215353064179,0.0,5
S7_both,2022-02-03,1.230499336139928,0.0,5
S7_both,2022-02-04,1.2301000880501824,0.21603192062606075,4
S7_both,2022-02-07,1.2387693231352257,0.9869167194789921,1
S7_both,2022-02-08,1.2424398140094852,0.24603595487866414,4
S7_both,2022-02-09,1.2548444454832688,0.0,5
S7_both,2022-02-10,1.255690406989082,0.0,5
S7_both,2022-02-11,1.2075751624425743,0.0,5
S7_both,2022-02-14,1.202403383603101,1.202403383603101,0
S7_both,2022-02-15,1.202403383603101,1.202403383603101,0
S7_both,2022-02-16,1.202403383603101,1.202403383603101,0
S7_both,2022-02-17,1.202403383603101,1.202403383603101,0
S7_both,2022-02-18,1.202403383603101,1.202403383603101,0
S7_both,2022-02-22,1.202403383603101,1.202403383603101,0
S7_both,2022-02-23,1.202403383603101,1.202403383603101,0
S7_both,2022-02-24,1.202403383603101,1.202403383603101,0
S7_both,2022-02-25,1.202403383603101,1.202403383603101,0
S7_both,2022-02-28,1.202403383603101,1.202403383603101,0
S7_both,2022-03-01,1.202403383603101,1.202403383603101,0
S7_both,2022-03-02,1.202403383603101,1.202403383603101,0
S7_both,2022-03-03,1.202403383603101,1.202403383603101,0
S7_both,2022-03-04,1.202403383603101,1.202403383603101,0
S7_both,2022-03-07,1.202403383603101,1.202403383603101,0
S7_both,2022-03-08,1.202403383603101,1.202403383603101,0
S7_both,2022-03-09,1.202403383603101,1.202403383603101,0
S7_both,2022-03-10,1.202403383603101,1.202403383603101,0
S7_both,2022-03-11,1.202403383603101,1.202403383603101,0
S7_both,2022-03-14,1.202403383603101,1.202403383603101,0
S7_both,2022-03-15,1.202403383603101,1.202403383603101,0
S7_both,2022-03-16,1.202403383603101,1.202403383603101,0
S7_both,2022-03-17,1.202403383603101,1.202403383603101,0
S7_both,2022-03-18,1.202403383603101,1.202403383603101,0
S7_both,2022-03-21,1.202403383603101,1.202403383603101,0
S7_both,2022-03-22,1.202403383603101,1.202403383603101,0
S7_both,2022-03-23,1.202403383603101,1.202403383603101,0
S7_both,2022-03-24,1.202403383603101,1.202403383603101,0
S7_both,2022-03-25,1.2028336825065025,0.4809613534412403,3
S7_both,2022-03-28,1.2054810348073197,0.4809613534412403,3
S7_both,2022-03-29,1.2145032936576798,0.4809613534412403,3
S7_both,2022-03-30,1.2013745035705548,0.4809613534412403,3
S7_both,2022-03-31,1.184222679343162,0.4809613534412403,3
S7_both,2022-04-01,1.1869928741134814,1.1869928741134814,0
S7_both,2022-04-04,1.1967153411663864,0.9495942992907851,1
S7_both,2022-04-05,1.168190777652471,0.4737892329952887,3
S7_both,2022-04-06,1.1389260827068919,0.4737892329952887,3
S7_both,2022-04-07,1.1403553070398478,1.1403553070398478,0
S7_both,2022-04-08,1.1403553070398478,1.1403553070398478,0
S7_both,2022-04-11,1.1403553070398478,1.1403553070398478,0
S7_both,2022-04-12,1.1403553070398478,1.1403553070398478,0
S7_both,2022-04-13,1.1403553070398478,1.1403553070398478,0
S7_both,2022-04-14,1.1403553070398478,1.1403553070398478,0
S7_both,2022-04-18,1.1403553070398478,1.1403553070398478,0
S7_both,2022-04-19,1.1403553070398478,1.1403553070398478,0
S7_both,2022-04-20,1.1403553070398478,1.1403553070398478,0
S7_both,2022-04-21,1.1403553070398478,1.1403553070398478,0
S7_both,2022-04-22,1.1403553070398478,1.1403553070398478,0
S7_both,2022-04-25,1.1403553070398478,1.1403553070398478,0
S7_both,2022-04-26,1.1403553070398478,1.1403553070398478,0
S7_both,2022-04-27,1.1403553070398478,1.1403553070398478,0
S7_both,2022-04-28,1.1403553070398478,1.1403553070398478,0
S7_both,2022-04-29,1.1403553070398478,1.1403553070398478,0
S7_both,2022-05-02,1.1403553070398478,1.1403553070398478,0
S7_both,2022-05-03,1.1403553070398478,1.1403553070398478,0
S7_both,2022-05-04,1.1403553070398478,1.1403553070398478,0
S7_both,2022-05-05,1.1403553070398478,1.1403553070398478,0
S7_both,2022-05-06,1.1403553070398478,1.1403553070398478,0
S7_both,2022-05-09,1.1403553070398478,1.1403553070398478,0
S7_both,2022-05-10,1.1403553070398478,1.1403553070398478,0
S7_both,2022-05-11,1.1403553070398478,1.1403553070398478,0
S7_both,2022-05-12,1.1403553070398478,1.1403553070398478,0
S7_both,2022-05-13,1.1403553070398478,1.1403553070398478,0
S7_both,2022-05-16,1.1403553070398478,1.1403553070398478,0
S7_both,2022-05-17,1.1403553070398478,1.1403553070398478,0
S7_both,2022-05-18,1.1403553070398478,1.1403553070398478,0
S7_both,2022-05-19,1.1403553070398478,1.1403553070398478,0
S7_both,2022-05-20,1.1403553070398478,1.1403553070398478,0
S7_both,2022-05-23,1.1403553070398478,1.1403553070398478,0
S7_both,2022-05-24,1.1403553070398478,1.1403553070398478,0
S7_both,2022-05-25,1.1403553070398478,1.1403553070398478,0
S7_both,2022-05-26,1.1403553070398478,1.1403553070398478,0
S7_both,2022-05-27,1.1403553070398478,1.1403553070398478,0
S7_both,2022-05-31,1.1403553070398478,1.1403553070398478,0
S7_both,2022-06-01,1.1403553070398478,1.1403553070398478,0
S7_both,2022-06-02,1.1403553070398478,1.1403553070398478,0
S7_both,2022-06-03,1.1403553070398478,1.1403553070398478,0
S7_both,2022-06-06,1.1403553070398478,1.1403553070398478,0
S7_both,2022-06-07,1.1403553070398478,1.1403553070398478,0
S7_both,2022-06-08,1.1403553070398478,1.1403553070398478,0
S7_both,2022-06-09,1.1403553070398478,1.1403553070398478,0
S7_both,2022-06-10,1.1403553070398478,1.1403553070398478,0
S7_both,2022-06-13,1.1403553070398478,1.1403553070398478,0
S7_both,2022-06-14,1.1403553070398478,1.1403553070398478,0
S7_both,2022-06-15,1.1403553070398478,1.1403553070398478,0
S7_both,2022-06-16,1.1403553070398478,1.1403553070398478,0
S7_both,2022-06-17,1.1403553070398478,1.1403553070398478,0
S7_both,2022-06-21,1.1403553070398478,1.1403553070398478,0
S7_both,2022-06-22,1.1403553070398478,1.1403553070398478,0
S7_both,2022-06-23,1.1403553070398478,1.1403553070398478,0
S7_both,2022-06-24,1.1403553070398478,1.1403553070398478,0
S7_both,2022-06-27,1.1403553070398478,1.1403553070398478,0
S7_both,2022-06-28,1.1403553070398478,1.1403553070398478,0
S7_both,2022-06-29,1.1403553070398478,1.1403553070398478,0
S7_both,2022-06-30,1.1403553070398478,1.1403553070398478,0
S7_both,2022-07-01,1.1403553070398478,1.1403553070398478,0
S7_both,2022-07-05,1.1403553070398478,1.1403553070398478,0
S7_both,2022-07-06,1.1403553070398478,1.1403553070398478,0
S7_both,2022-07-07,1.1403553070398478,1.1403553070398478,0
S7_both,2022-07-08,1.1403553070398478,1.1403553070398478,0
S7_both,2022-07-11,1.1403553070398478,1.1403553070398478,0
S7_both,2022-07-12,1.1403553070398478,1.1403553070398478,0
S7_both,2022-07-13,1.1403553070398478,1.1403553070398478,0
S7_both,2022-07-14,1.1403553070398478,1.1403553070398478,0
S7_both,2022-07-15,1.1403553070398478,1.1403553070398478,0
S7_both,2022-07-18,1.1403553070398478,1.1403553070398478,0
S7_both,2022-07-19,1.1403553070398478,1.1403553070398478,0
S7_both,2022-07-20,1.1403553070398478,1.1403553070398478,0
S7_both,2022-07-21,1.1403553070398478,1.1403553070398478,0
S7_both,2022-07-22,1.1403553070398478,1.1403553070398478,0
S7_both,2022-07-25,1.1403553070398478,1.1403553070398478,0
S7_both,2022-07-26,1.1403553070398478,1.1403553070398478,0
S7_both,2022-07-27,1.1403553070398478,1.1403553070398478,0
S7_both,2022-07-28,1.1403553070398478,1.1403553070398478,0
S7_both,2022-07-29,1.1403553070398478,1.1403553070398478,0
S7_both,2022-08-01,1.1403553070398478,1.1403553070398478,0
S7_both,2022-08-02,1.1403553070398478,1.1403553070398478,0
S7_both,2022-08-03,1.1403553070398478,1.1403553070398478,0
S7_both,2022-08-04,1.1403553070398478,1.1403553070398478,0
S7_both,2022-08-05,1.1403553070398478,1.1403553070398478,0
S7_both,2022-08-08,1.1403553070398478,1.1403553070398478,0
S7_both,2022-08-09,1.1403553070398478,1.1403553070398478,0
S7_both,2022-08-10,1.1403553070398478,1.1403553070398478,0
S7_both,2022-08-11,1.1403553070398478,1.1403553070398478,0
S7_both,2022-08-12,1.1403553070398478,1.1403553070398478,0
S7_both,2022-08-15,1.1403553070398478,1.1403553070398478,0
S7_both,2022-08-16,1.1045185288287347,0.6842131842239088,2
S7_both,2022-08-17,1.0781360672862617,0.4377927859856258,3
S7_both,2022-08-18,1.0746013019481233,0.638602758162476,2
S7_both,2022-08-19,1.0278614631553824,0.638602758162476,2
S7_both,2022-08-22,1.0180072702091654,1.0180072702091654,0
S7_both,2022-08-23,1.0180072702091654,1.0180072702091654,0
S7_both,2022-08-24,1.0180072702091654,1.0180072702091654,0
S7_both,2022-08-25,1.0180072702091654,1.0180072702091654,0
S7_both,2022-08-26,1.0180072702091654,1.0180072702091654,0
S7_both,2022-08-29,1.0180072702091654,1.0180072702091654,0
S7_both,2022-08-30,1.0180072702091654,1.0180072702091654,0
S7_both,2022-08-31,1.0180072702091654,1.0180072702091654,0
S7_both,2022-09-01,1.0180072702091654,1.0180072702091654,0
S7_both,2022-09-02,1.0180072702091654,1.0180072702091654,0
S7_both,2022-09-06,1.0180072702091654,1.0180072702091654,0
S7_both,2022-09-07,1.0180072702091654,1.0180072702091654,0
S7_both,2022-09-08,1.0180072702091654,1.0180072702091654,0
S7_both,2022-09-09,1.0180072702091654,1.0180072702091654,0
S7_both,2022-09-12,1.0180072702091654,1.0180072702091654,0
S7_both,2022-09-13,1.0180072702091654,1.0180072702091654,0
S7_both,2022-09-14,1.0180072702091654,1.0180072702091654,0
S7_both,2022-09-15,1.0180072702091654,1.0180072702091654,0
S7_both,2022-09-16,1.0180072702091654,1.0180072702091654,0
S7_both,2022-09-19,1.0180072702091654,1.0180072702091654,0
S7_both,2022-09-20,1.0180072702091654,1.0180072702091654,0
S7_both,2022-09-21,1.0180072702091654,1.0180072702091654,0
S7_both,2022-09-22,1.0180072702091654,1.0180072702091654,0
S7_both,2022-09-23,1.0180072702091654,1.0180072702091654,0
S7_both,2022-09-26,1.0180072702091654,1.0180072702091654,0
S7_both,2022-09-27,1.0180072702091654,1.0180072702091654,0
S7_both,2022-09-28,1.0180072702091654,1.0180072702091654,0
S7_both,2022-09-29,1.0180072702091654,1.0180072702091654,0
S7_both,2022-09-30,1.0180072702091654,1.0180072702091654,0
S7_both,2022-10-03,1.0180072702091654,1.0180072702091654,0
S7_both,2022-10-04,1.0180072702091654,1.0180072702091654,0
S7_both,2022-10-05,1.0180072702091654,1.0180072702091654,0
S7_both,2022-10-06,1.0180072702091654,1.0180072702091654,0
S7_both,2022-10-07,1.0180072702091654,1.0180072702091654,0
S7_both,2022-10-10,1.0180072702091654,1.0180072702091654,0
S7_both,2022-10-11,1.0180072702091654,1.0180072702091654,0
S7_both,2022-10-12,1.0180072702091654,1.0180072702091654,0
S7_both,2022-10-13,1.0180072702091654,1.0180072702091654,0
S7_both,2022-10-14,1.0180072702091654,1.0180072702091654,0
S7_both,2022-10-17,1.0180072702091654,1.0180072702091654,0
S7_both,2022-10-18,1.0180072702091654,1.0180072702091654,0
S7_both,2022-10-19,1.0180072702091654,1.0180072702091654,0
S7_both,2022-10-20,1.0180072702091654,1.0180072702091654,0
S7_both,2022-10-21,1.0180072702091654,1.0180072702091654,0
S7_both,2022-10-24,1.0180072702091654,1.0180072702091654,0
S7_both,2022-10-25,1.0180072702091654,1.0180072702091654,0
S7_both,2022-10-26,1.0180072702091654,1.0180072702091654,0
S7_both,2022-10-27,1.0180072702091654,1.0180072702091654,0
S7_both,2022-10-28,1.0180072702091654,1.0180072702091654,0
S7_both,2022-10-31,1.0180072702091654,1.0180072702091654,0
S7_both,2022-11-01,1.0180072702091654,1.0180072702091654,0
S7_both,2022-11-02,1.0180072702091654,1.0180072702091654,0
S7_both,2022-11-03,1.0180072702091654,1.0180072702091654,0
S7_both,2022-11-04,1.0180072702091654,1.0180072702091654,0
S7_both,2022-11-07,1.0180072702091654,1.0180072702091654,0
S7_both,2022-11-08,1.0180072702091654,1.0180072702091654,0
S7_both,2022-11-09,1.0180072702091654,1.0180072702091654,0
S7_both,2022-11-10,1.0180072702091654,1.0180072702091654,0
S7_both,2022-11-11,1.0180072702091654,1.0180072702091654,0
S7_both,2022-11-14,1.0180072702091654,1.0180072702091654,0
S7_both,2022-11-15,1.0180072702091654,1.0180072702091654,0
S7_both,2022-11-16,1.0180072702091654,1.0180072702091654,0
S7_both,2022-11-17,1.0180072702091654,1.0180072702091654,0
S7_both,2022-11-18,1.0180072702091654,1.0180072702091654,0
S7_both,2022-11-21,1.0180072702091654,1.0180072702091654,0
S7_both,2022-11-22,1.0180072702091654,1.0180072702091654,0
S7_both,2022-11-23,1.0180072702091654,1.0180072702091654,0
S7_both,2022-11-25,1.0180072702091654,1.0180072702091654,0
S7_both,2022-11-28,1.0180072702091654,1.0180072702091654,0
S7_both,2022-11-29,1.0180072702091654,1.0180072702091654,0
S7_both,2022-11-30,1.0180072702091654,1.0180072702091654,0
S7_both,2022-12-01,1.0180072702091654,1.0180072702091654,0
S7_both,2022-12-02,1.0180072702091654,1.0180072702091654,0
S7_both,2022-12-05,1.0180072702091654,1.0180072702091654,0
S7_both,2022-12-06,1.0180072702091654,1.0180072702091654,0
S7_both,2022-12-07,1.0180072702091654,1.0180072702091654,0
S7_both,2022-12-08,1.0180072702091654,1.0180072702091654,0
S7_both,2022-12-09,1.0180072702091654,1.0180072702091654,0
S7_both,2022-12-12,1.0180072702091654,1.0180072702091654,0
S7_both,2022-12-13,1.0180072702091654,1.0180072702091654,0
S7_both,2022-12-14,1.0180072702091654,1.0180072702091654,0
S7_both,2022-12-15,1.0180072702091654,1.0180072702091654,0
S7_both,2022-12-16,1.0180072702091654,1.0180072702091654,0
S7_both,2022-12-19,1.0180072702091654,1.0180072702091654,0
S7_both,2022-12-20,1.0180072702091654,1.0180072702091654,0
S7_both,2022-12-21,1.0180072702091654,1.0180072702091654,0
S7_both,2022-12-22,1.0180072702091654,1.0180072702091654,0
S7_both,2022-12-23,1.0180072702091654,1.0180072702091654,0
S7_both,2022-12-27,1.0180072702091654,1.0180072702091654,0
S7_both,2022-12-28,1.0180072702091654,1.0180072702091654,0
S7_both,2022-12-29,1.0180072702091654,1.0180072702091654,0
S7_both,2022-12-30,1.0180072702091654,1.0180072702091654,0
S7_both,2023-01-03,1.0180072702091654,1.0180072702091654,0
S7_both,2023-01-04,1.0180072702091654,1.0180072702091654,0
S7_both,2023-01-05,1.0180072702091654,1.0180072702091654,0
S7_both,2023-01-06,1.0180072702091654,1.0180072702091654,0
S7_both,2023-01-09,1.0180072702091654,1.0180072702091654,0
S7_both,2023-01-10,1.0180072702091654,1.0180072702091654,0
S7_both,2023-01-11,1.0180072702091654,1.0180072702091654,0
S7_both,2023-01-12,1.0180072702091654,1.0180072702091654,0
S7_both,2023-01-13,1.0180072702091654,1.0180072702091654,0
S7_both,2023-01-17,1.0180072702091654,1.0180072702091654,0
S7_both,2023-01-18,1.0180072702091654,1.0180072702091654,0
S7_both,2023-01-19,1.0180072702091654,1.0180072702091654,0
S7_both,2023-01-20,1.0180072702091654,1.0180072702091654,0
S7_both,2023-01-23,1.0180072702091654,1.0180072702091654,0
S7_both,2023-01-24,1.0134904038535582,0.6108043621254993,2
S7_both,2023-01-25,1.0131241050716828,0.4094203701093041,3
S7_both,2023-01-26,1.0062692445876122,0.203973964821087,4
S7_both,2023-01-27,1.052492902771554,0.0038396186503588114,5
S7_both,2023-01-30,1.0199662989182199,0.029401616259449953,5
S7_both,2023-01-31,1.0174353345497964,0.029401616259449953,5
S7_both,2023-02-01,1.0536577342466347,0.00869141664079326,5
S7_both,2023-02-02,1.1155187093004404,0.00869141664079326,5
S7_both,2023-02-03,1.085568754980131,0.022255630804559168,5
S7_both,2023-02-06,1.0560619257448631,0.449934761002453,3
S7_both,2023-02-07,1.0670192598506052,0.449934761002453,3
S7_both,2023-02-08,1.0435921400383028,0.025040246310506775,5
S7_both,2023-02-09,1.0186382121731676,0.025040246310506775,5
S7_both,2023-02-10,1.0237049348448466,0.2078627352295774,4
S7_both,2023-02-13,1.0184610389192064,0.0030015086775664612,5
S7_both,2023-02-14,1.031861521036142,0.0030015086775664612,5
S7_both,2023-02-15,1.0723564979263245,0.0030015086775664612,5
S7_both,2023-02-16,1.0522575004035963,0.022304390642544247,5
S7_both,2023-02-17,1.040745710785806,0.022304390642544247,5
S7_both,2023-02-21,0.998482365403035,0.022304390642544247,5
S7_both,2023-02-22,0.9902390537598624,0.5945623765043087,2
S7_both,2023-02-23,0.9840721405344038,0.19363642131151504,4
S7_both,2023-02-24,0.9694439529675032,0.19363642131151504,4
S7_both,2023-02-27,0.9888562408425713,0.19363642131151504,4
S7_both,2023-02-28,0.9954900774736205,0.0,5
S7_both,2023-03-01,0.9858345670706865,0.0,5
S7_both,2023-03-02,0.9313517535087557,0.19013737981500964,4
S7_both,2023-03-03,0.9739959299306639,0.0026616574140462257,5
S7_both,2023-03-06,0.9846373006831971,0.0026616574140462257,5
S7_both,2023-03-07,0.9566208701248614,0.0026616574140462257,5
S7_both,2023-03-08,0.9532158612109387,0.0026616574140462257,5
S7_both,2023-03-09,0.9133593323937456,0.16370890452887643,4
S7_both,2023-03-10,0.8871996520595722,0.335842398088946,3
S7_both,2023-03-13,0.880467726728519,0.0,5
S7_both,2023-03-14,0.9064200082694165,0.0,5
S7_both,2023-03-15,0.8949035743971987,0.0,5
S7_both,2023-03-16,0.9410372982780758,0.0,5
S7_both,2023-03-17,0.9253927930736945,0.0,5
S7_both,2023-03-20,0.9502586442510357,0.0,5
S7_both,2023-03-21,0.9540026763742883,0.199268080695123,4
S7_both,2023-03-22,0.9339878795383151,0.008264322475312835,5
S7_both,2023-03-23,0.9346049316009943,0.19931538324907977,4
S7_both,2023-03-24,0.9277992302597452,0.013444897133112588,5
S7_both,2023-03-27,0.9183789689928878,0.013444897133112588,5
S7_both,2023-03-28,0.9242034653096934,0.013444897133112588,5
S7_both,2023-03-29,0.9430790861715349,0.013444897133112588,5
S7_both,2023-03-30,0.9544210347662451,0.02426661386656251,5
S7_both,2023-03-31,0.9965387228095655,0.2188150302076339,4
S7_both,2023-04-03,1.0002221740434114,0.43865510387192014,3
S7_both,2023-04-04,0.9972803928389813,0.43865510387192014,3
S7_both,2023-04-05,0.9928107249440519,0.43865510387192014,3
S7_both,2023-04-06,0.9978142298512902,0.43865510387192014,3
S7_both,2023-04-10,1.0218149585980025,0.24009277023942394,4
S7_both,2023-04-11,1.056474775106516,0.06161830509733879,5
S7_both,2023-04-12,1.0551527812709616,0.09936898295896085,5
S7_both,2023-04-13,1.0614311830747478,0.09936898295896085,5
S7_both,2023-04-14,1.0603957994093791,0.09936898295896085,5
S7_both,2023-04-17,1.0399361280972352,0.26513396932020505,4
S7_both,2023-04-18,1.0362090445867482,0.4627058429345666,3
S7_both,2023-04-19,1.0274434646943822,1.0274434646943822,0
S7_both,2023-04-20,1.0274434646943822,1.0274434646943822,0
S7_both,2023-04-21,1.0265562092399814,0.8219547717555058,1
S7_both,2023-04-24,1.0025209502562036,0.2078476204421379,4
S7_both,2023-04-25,0.9718080257787218,0.2078476204421379,4
S7_both,2023-04-26,0.9769240591079367,0.38705881628738675,3
S7_both,2023-04-27,0.9847562070429625,0.38705881628738675,3
S7_both,2023-04-28,1.001702668133727,0.38705881628738675,3
S7_both,2023-05-01,0.9901272208476026,0.38705881628738675,3
S7_both,2023-05-02,0.9811903696895279,0.38705881628738675,3
S7_both,2023-05-03,0.9733476017822077,0.0,5
S7_both,2023-05-04,0.9687828743389815,0.0,5
S7_both,2023-05-05,0.9954190374129984,0.0,5
S7_both,2023-05-08,0.9750102969435527,0.0,5
S7_both,2023-05-09,0.985198360618494,0.1722329020110665,4
S7_both,2023-05-10,0.9988300017356464,0.1722329020110665,4
S7_both,2023-05-11,1.0028583483155553,0.1722329020110665,4
S7_both,2023-05-12,1.0017482035737395,0.1722329020110665,4
S7_both,2023-05-15,1.03545033076483,0.1722329020110665,4
S7_both,2023-05-16,1.0250588105502447,0.40684446425474574,3
S7_both,2023-05-17,1.045393523442445,0.40684446425474574,3
S7_both,2023-05-18,1.0588346460542728,0.6361517672238337,2
S7_both,2023-05-19,1.0583168818960134,0.8623078085050877,1
S7_both,2023-05-22,1.0583506643667346,0.8623078085050877,1
S7_both,2023-05-23,1.0551766833966458,0.8623078085050877,1
S7_both,2023-05-24,1.0515862602676607,0.8623078085050877,1
S7_both,2023-05-25,1.0614683471707642,0.8623078085050877,1
S7_both,2023-05-26,1.0676699660189595,0.8623078085050877,1
S7_both,2023-05-30,1.0669383755470454,0.8623078085050877,1
S7_both,2023-05-31,1.0602865320692327,0.8623078085050877,1
S7_both,2023-06-01,1.060973113867265,1.060973113867265,0
S7_both,2023-06-02,1.060973113867265,1.060973113867265,0
S7_both,2023-06-05,1.060973113867265,1.060973113867265,0
S7_both,2023-06-06,1.060973113867265,1.060973113867265,0
S7_both,2023-06-07,1.060973113867265,1.060973113867265,0
S7_both,2023-06-08,1.060973113867265,1.060973113867265,0
S7_both,2023-06-09,1.060973113867265,1.060973113867265,0
S7_both,2023-06-12,1.060973113867265,1.060973113867265,0
S7_both,2023-06-13,1.060973113867265,1.060973113867265,0
S7_both,2023-06-14,1.060973113867265,1.060973113867265,0
S7_both,2023-06-15,1.060973113867265,1.060973113867265,0
S7_both,2023-06-16,1.060973113867265,1.060973113867265,0
S7_both,2023-06-20,1.060973113867265,1.060973113867265,0
S7_both,2023-06-21,1.060973113867265,1.060973113867265,0
S7_both,2023-06-22,1.060973113867265,1.060973113867265,0
S7_both,2023-06-23,1.060973113867265,1.060973113867265,0
S7_both,2023-06-26,1.060973113867265,1.060973113867265,0
S7_both,2023-06-27,1.060973113867265,1.060973113867265,0
S7_both,2023-06-28,1.060973113867265,1.060973113867265,0
S7_both,2023-06-29,1.060973113867265,1.060973113867265,0
S7_both,2023-06-30,1.060973113867265,1.060973113867265,0
S7_both,2023-07-03,1.060973113867265,1.060973113867265,0
S7_both,2023-07-05,1.060973113867265,1.060973113867265,0
S7_both,2023-07-06,1.060973113867265,1.060973113867265,0
S7_both,2023-07-07,1.060973113867265,1.060973113867265,0
S7_both,2023-07-10,1.060973113867265,1.060973113867265,0
S7_both,2023-07-11,1.060973113867265,1.060973113867265,0
S7_both,2023-07-12,1.060973113867265,1.060973113867265,0
S7_both,2023-07-13,1.060973113867265,1.060973113867265,0
S7_both,2023-07-14,1.060973113867265,1.060973113867265,0
S7_both,2023-07-17,1.060973113867265,1.060973113867265,0
S7_both,2023-07-18,1.060973113867265,1.060973113867265,0
S7_both,2023-07-19,1.060973113867265,1.060973113867265,0
S7_both,2023-07-20,1.060973113867265,1.060973113867265,0
S7_both,2023-07-21,1.060973113867265,1.060973113867265,0
S7_both,2023-07-24,1.060973113867265,1.060973113867265,0
S7_both,2023-07-25,1.060973113867265,1.060973113867265,0
S7_both,2023-07-26,1.060973113867265,1.060973113867265,0
S7_both,2023-07-27,1.060973113867265,1.060973113867265,0
S7_both,2023-07-28,1.060973113867265,1.060973113867265,0
S7_both,2023-07-31,1.060973113867265,1.060973113867265,0
S7_both,2023-08-01,1.060973113867265,1.060973113867265,0
S7_both,2023-08-02,1.060973113867265,1.060973113867265,0
S7_both,2023-08-03,1.060973113867265,1.060973113867265,0
S7_both,2023-08-04,1.060973113867265,1.060973113867265,0
S7_both,2023-08-07,1.060973113867265,1.060973113867265,0
S7_both,2023-08-08,1.060973113867265,1.060973113867265,0
S7_both,2023-08-09,1.060973113867265,1.060973113867265,0
S7_both,2023-08-10,1.060973113867265,1.060973113867265,0
S7_both,2023-08-11,1.060973113867265,1.060973113867265,0
S7_both,2023-08-14,1.060973113867265,1.060973113867265,0
S7_both,2023-08-15,1.060973113867265,1.060973113867265,0
S7_both,2023-08-16,1.060973113867265,1.060973113867265,0
S7_both,2023-08-17,1.060973113867265,1.060973113867265,0
S7_both,2023-08-18,1.060973113867265,1.060973113867265,0
S7_both,2023-08-21,1.060973113867265,1.060973113867265,0
S7_both,2023-08-22,1.060973113867265,1.060973113867265,0
S7_both,2023-08-23,1.060973113867265,1.060973113867265,0
S7_both,2023-08-24,1.060973113867265,1.060973113867265,0
S7_both,2023-08-25,1.060973113867265,1.060973113867265,0
S7_both,2023-08-28,1.060973113867265,1.060973113867265,0
S7_both,2023-08-29,1.060973113867265,1.060973113867265,0
S7_both,2023-08-30,1.060973113867265,1.060973113867265,0
S7_both,2023-08-31,1.060973113867265,1.060973113867265,0
S7_both,2023-09-01,1.060973113867265,1.060973113867265,0
S7_both,2023-09-05,1.060973113867265,1.060973113867265,0
S7_both,2023-09-06,1.060973113867265,1.060973113867265,0
S7_both,2023-09-07,1.060973113867265,1.060973113867265,0
S7_both,2023-09-08,1.060973113867265,1.060973113867265,0
S7_both,2023-09-11,1.060973113867265,1.060973113867265,0
S7_both,2023-09-12,1.060973113867265,1.060973113867265,0
S7_both,2023-09-13,1.060973113867265,1.060973113867265,0
S7_both,2023-09-14,1.060973113867265,1.060973113867265,0
S7_both,2023-09-15,1.060973113867265,1.060973113867265,0
S7_both,2023-09-18,1.060973113867265,1.060973113867265,0
S7_both,2023-09-19,1.060973113867265,1.060973113867265,0
S7_both,2023-09-20,1.060973113867265,1.060973113867265,0
S7_both,2023-09-21,1.060973113867265,1.060973113867265,0
S7_both,2023-09-22,1.060973113867265,1.060973113867265,0
S7_both,2023-09-25,1.060973113867265,1.060973113867265,0
S7_both,2023-09-26,1.060973113867265,1.060973113867265,0
S7_both,2023-09-27,1.060973113867265,1.060973113867265,0
S7_both,2023-09-28,1.0569386094354383,0.6365838683203588,2
S7_both,2023-09-29,1.0566157120866473,0.0,5
S7_both,2023-10-02,1.0577682059775755,0.0,5
S7_both,2023-10-03,1.0501535236379562,0.0,5
S7_both,2023-10-04,1.054831612979205,0.0,5
S7_both,2023-10-05,1.0621840194018275,0.0,5
S7_both,2023-10-06,1.0675995776171994,0.0,5
S7_both,2023-10-09,1.0691547850240408,0.0,5
S7_both,2023-10-10,1.0721589998526733,0.0,5
S7_both,2023-10-11,1.096155880114835,0.0,5
S7_both,2023-10-12,1.0851274336139942,0.0,5
S7_both,2023-10-13,1.0717306520917245,0.0,5
S7_both,2023-10-16,1.0833489052884597,0.0,5
S7_both,2023-10-17,1.0828460372302344,0.0,5
S7_both,2023-10-18,1.07559190205447,0.0,5
S7_both,2023-10-19,1.0631931618345019,0.0,5
S7_both,2023-10-20,1.0526141177589359,0.0,5
S7_both,2023-10-23,1.0417669825397347,0.0,5
S7_both,2023-10-24,1.067834005080282,0.0,5
S7_both,2023-10-25,1.0286867288813932,0.0,5
S7_both,2023-10-26,1.0255815670113109,0.2157224974813056,4
S7_both,2023-10-27,1.0424920456008497,0.8294182970652975,1
S7_both,2023-10-30,1.0602255857309901,0.6210997057128504,2
S7_both,2023-10-31,1.0593007438535835,0.4258017995571135,3
S7_both,2023-11-01,1.081846057559984,0.0010990801753613666,5
S7_both,2023-11-02,1.1010381052941147,0.0010990801753613666,5
S7_both,2023-11-03,1.113406445099601,0.0010990801753613666,5
S7_both,2023-11-06,1.1158505312322218,0.0010990801753613666,5
S7_both,2023-11-07,1.1177532552683134,0.0010990801753613666,5
S7_both,2023-11-08,1.1172708542085088,0.0010990801753613666,5
S7_both,2023-11-09,1.1150134397272184,0.0010990801753613666,5
S7_both,2023-11-10,1.1449582745525801,0.0010990801753613666,5
S7_both,2023-11-13,1.1393467593799136,0.23546244587039605,4
S7_both,2023-11-14,1.1665270234320069,0.23546244587039605,4
S7_both,2023-11-15,1.1689373995011985,0.47629458594012564,3
S7_both,2023-11-16,1.1726721937189781,0.7192513808509854,2
S7_both,2023-11-17,1.1744581466996908,0.7192513808509854,2
S7_both,2023-11-20,1.1724724275575669,0.7192513808509854,2
S7_both,2023-11-21,1.171277899566645,0.7192513808509854,2
S7_both,2023-11-22,1.1752626780830184,0.7192513808509854,2
S7_both,2023-11-24,1.175391420962623,0.7192513808509854,2
S7_both,2023-11-27,1.1804670461127336,0.7192513808509854,2
S7_both,2023-11-28,1.173516388401622,0.7192513808509854,2
S7_both,2023-11-29,1.1766082976150813,0.9475522740053894,1
S7_both,2023-11-30,1.177764721430254,1.177764721430254,0
S7_both,2023-12-01,1.177764721430254,1.177764721430254,0
S7_both,2023-12-04,1.177764721430254,1.177764721430254,0
S7_both,2023-12-05,1.177764721430254,1.177764721430254,0
S7_both,2023-12-06,1.177764721430254,1.177764721430254,0
S7_both,2023-12-07,1.177764721430254,1.177764721430254,0
S7_both,2023-12-08,1.177764721430254,1.177764721430254,0
S7_both,2023-12-11,1.177764721430254,1.177764721430254,0
S7_both,2023-12-12,1.177764721430254,1.177764721430254,0
S7_both,2023-12-13,1.177764721430254,1.177764721430254,0
S7_both,2023-12-14,1.177764721430254,1.177764721430254,0
S7_both,2023-12-15,1.177764721430254,1.177764721430254,0
S7_both,2023-12-18,1.177764721430254,1.177764721430254,0
S7_both,2023-12-19,1.177764721430254,1.177764721430254,0
S7_both,2023-12-20,1.177764721430254,1.177764721430254,0
S7_both,2023-12-21,1.177764721430254,1.177764721430254,0
S7_both,2023-12-22,1.177764721430254,1.177764721430254,0
S7_both,2023-12-26,1.177764721430254,1.177764721430254,0
S7_both,2023-12-27,1.177764721430254,1.177764721430254,0
S7_both,2023-12-28,1.177764721430254,1.177764721430254,0
S7_both,2023-12-29,1.177764721430254,1.177764721430254,0
S7_both,2024-01-02,1.177764721430254,1.177764721430254,0
S7_both,2024-01-03,1.177764721430254,1.177764721430254,0
S7_both,2024-01-04,1.177764721430254,1.177764721430254,0
S7_both,2024-01-05,1.177764721430254,1.177764721430254,0
S7_both,2024-01-08,1.177764721430254,1.177764721430254,0
S7_both,2024-01-09,1.177764721430254,1.177764721430254,0
S7_both,2024-01-10,1.177764721430254,1.177764721430254,0
S7_both,2024-01-11,1.177764721430254,1.177764721430254,0
S7_both,2024-01-12,1.177764721430254,1.177764721430254,0
S7_both,2024-01-16,1.177764721430254,1.177764721430254,0
S7_both,2024-01-17,1.177764721430254,1.177764721430254,0
S7_both,2024-01-18,1.177764721430254,1.177764721430254,0
S7_both,2024-01-19,1.177764721430254,1.177764721430254,0
S7_both,2024-01-22,1.177764721430254,1.177764721430254,0
S7_both,2024-01-23,1.177764721430254,1.177764721430254,0
S7_both,2024-01-24,1.177764721430254,1.177764721430254,0
S7_both,2024-01-25,1.177764721430254,1.177764721430254,0
S7_both,2024-01-26,1.177764721430254,1.177764721430254,0
S7_both,2024-01-29,1.177764721430254,1.177764721430254,0
S7_both,2024-01-30,1.177764721430254,1.177764721430254,0
S7_both,2024-01-31,1.177764721430254,1.177764721430254,0
S7_both,2024-02-01,1.177764721430254,1.177764721430254,0
S7_both,2024-02-02,1.177764721430254,1.177764721430254,0
S7_both,2024-02-05,1.177764721430254,1.177764721430254,0
S7_both,2024-02-06,1.177764721430254,1.177764721430254,0
S7_both,2024-02-07,1.177764721430254,1.177764721430254,0
S7_both,2024-02-08,1.177764721430254,1.177764721430254,0
S7_both,2024-02-09,1.177764721430254,1.177764721430254,0
S7_both,2024-02-12,1.177764721430254,1.177764721430254,0
S7_both,2024-02-13,1.177764721430254,1.177764721430254,0
S7_both,2024-02-14,1.177764721430254,1.177764721430254,0
S7_both,2024-02-15,1.177764721430254,1.177764721430254,0
S7_both,2024-02-16,1.177764721430254,1.177764721430254,0
S7_both,2024-02-20,1.177764721430254,1.177764721430254,0
S7_both,2024-02-21,1.177764721430254,1.177764721430254,0
S7_both,2024-02-22,1.177764721430254,1.177764721430254,0
S7_both,2024-02-23,1.177764721430254,1.177764721430254,0
S7_both,2024-02-26,1.177764721430254,1.177764721430254,0
S7_both,2024-02-27,1.177764721430254,1.177764721430254,0
S7_both,2024-02-28,1.177764721430254,1.177764721430254,0
S7_both,2024-02-29,1.177764721430254,1.177764721430254,0
S7_both,2024-03-01,1.177764721430254,1.177764721430254,0
S7_both,2024-03-04,1.177764721430254,1.177764721430254,0
S7_both,2024-03-05,1.177764721430254,1.177764721430254,0
S7_both,2024-03-06,1.177764721430254,1.177764721430254,0
S7_both,2024-03-07,1.177764721430254,1.177764721430254,0
S7_both,2024-03-08,1.177764721430254,1.177764721430254,0
S7_both,2024-03-11,1.177764721430254,1.177764721430254,0
S7_both,2024-03-12,1.177764721430254,1.177764721430254,0
S7_both,2024-03-13,1.177764721430254,1.177764721430254,0
S7_both,2024-03-14,1.177764721430254,1.177764721430254,0
S7_both,2024-03-15,1.177764721430254,1.177764721430254,0
S7_both,2024-03-18,1.177764721430254,1.177764721430254,0
S7_both,2024-03-19,1.177764721430254,1.177764721430254,0
S7_both,2024-03-20,1.177764721430254,1.177764721430254,0
S7_both,2024-03-21,1.177764721430254,1.177764721430254,0
S7_both,2024-03-22,1.177764721430254,1.177764721430254,0
S7_both,2024-03-25,1.177764721430254,1.177764721430254,0
S7_both,2024-03-26,1.177764721430254,1.177764721430254,0
S7_both,2024-03-27,1.177764721430254,1.177764721430254,0
S7_both,2024-03-28,1.177764721430254,1.177764721430254,0
S7_both,2024-04-01,1.177764721430254,1.177764721430254,0
S7_both,2024-04-02,1.177764721430254,1.177764721430254,0
S7_both,2024-04-03,1.177764721430254,1.177764721430254,0
S7_both,2024-04-04,1.177764721430254,1.177764721430254,0
S7_both,2024-04-05,1.177764721430254,1.177764721430254,0
S7_both,2024-04-08,1.177764721430254,1.177764721430254,0
S7_both,2024-04-09,1.177764721430254,1.177764721430254,0
S7_both,2024-04-10,1.177764721430254,1.177764721430254,0
S7_both,2024-04-11,1.177764721430254,1.177764721430254,0
S7_both,2024-04-12,1.177764721430254,1.177764721430254,0
S7_both,2024-04-15,1.177764721430254,1.177764721430254,0
S7_both,2024-04-16,1.177764721430254,1.177764721430254,0
S7_both,2024-04-17,1.177764721430254,1.177764721430254,0
S7_both,2024-04-18,1.192074223596105,0.9422117771442032,1
S7_both,2024-04-19,1.210843214750274,0.9422117771442032,1
S7_both,2024-04-22,1.2202277103273584,1.2202277103273584,0
S7_both,2024-04-23,1.2380858875661171,0.0,5
S7_both,2024-04-24,1.2170897664948914,0.0,5
S7_both,2024-04-25,1.1911488367940992,0.0,5
S7_both,2024-04-26,1.2105406476973732,0.0,5
S7_both,2024-04-29,1.1624948544484783,0.0,5
S7_both,2024-04-30,1.1451971708463593,0.4176518705876084,3
S7_both,2024-05-01,1.1465858431842597,0.4176518705876084,3
S7_both,2024-05-02,1.159679248488318,0.0,5
S7_both,2024-05-03,1.1835657238494621,0.0,5
S7_both,2024-05-06,1.2000782553874185,0.0,5
S7_both,2024-05-07,1.1798704501901938,0.0,5
S7_both,2024-05-08,1.1725042014356215,0.42418842663003875,3
S7_both,2024-05-09,1.1840117023171999,0.42418842663003875,3
S7_both,2024-05-10,1.1786041870011295,0.42418842663003875,3
S7_both,2024-05-13,1.174918415232771,0.42418842663003875,3
S7_both,2024-05-14,1.2125424018053983,0.42418842663003875,3
S7_both,2024-05-15,1.2067740134527396,0.7001516813117291,2
S7_both,2024-05-16,1.373682764640991,0.7001516813117291,2
S7_both,2024-05-17,1.3836079353666808,1.1109579760174102,1
S7_both,2024-05-20,1.3838092634734536,1.3838092634734536,0
S7_both,2024-05-21,1.3838092634734536,1.3838092634734536,0
S7_both,2024-05-22,1.3838092634734536,1.3838092634734536,0
S7_both,2024-05-23,1.3838092634734536,1.3838092634734536,0
S7_both,2024-05-24,1.3838092634734536,1.3838092634734536,0
S7_both,2024-05-28,1.3838092634734536,1.3838092634734536,0
S7_both,2024-05-29,1.3838092634734536,1.3838092634734536,0
S7_both,2024-05-30,1.3838092634734536,1.3838092634734536,0
S7_both,2024-05-31,1.3838092634734536,1.3838092634734536,0
S7_both,2024-06-03,1.3838092634734536,1.3838092634734536,0
S7_both,2024-06-04,1.3838092634734536,1.3838092634734536,0
S7_both,2024-06-05,1.3838092634734536,1.3838092634734536,0
S7_both,2024-06-06,1.3838092634734536,1.3838092634734536,0
S7_both,2024-06-07,1.3838092634734536,1.3838092634734536,0
S7_both,2024-06-10,1.3838092634734536,1.3838092634734536,0
S7_both,2024-06-11,1.3838092634734536,1.3838092634734536,0
S7_both,2024-06-12,1.3838092634734536,1.3838092634734536,0
S7_both,2024-06-13,1.3838092634734536,1.3838092634734536,0
S7_both,2024-06-14,1.3838092634734536,1.3838092634734536,0
S7_both,2024-06-17,1.3838092634734536,1.3838092634734536,0
S7_both,2024-06-18,1.3838092634734536,1.3838092634734536,0
S7_both,2024-06-20,1.3838092634734536,1.3838092634734536,0
S7_both,2024-06-21,1.3838092634734536,1.3838092634734536,0
S7_both,2024-06-24,1.3838092634734536,1.3838092634734536,0
S7_both,2024-06-25,1.3838092634734536,1.3838092634734536,0
S7_both,2024-06-26,1.3838092634734536,1.3838092634734536,0
S7_both,2024-06-27,1.3838092634734536,1.3838092634734536,0
S7_both,2024-06-28,1.3838092634734536,1.3838092634734536,0
S7_both,2024-07-01,1.3838092634734536,1.3838092634734536,0
S7_both,2024-07-02,1.3838092634734536,1.3838092634734536,0
S7_both,2024-07-03,1.3838092634734536,1.3838092634734536,0
S7_both,2024-07-05,1.3838092634734536,1.3838092634734536,0
S7_both,2024-07-08,1.3838092634734536,1.3838092634734536,0
S7_both,2024-07-09,1.3838092634734536,1.3838092634734536,0
S7_both,2024-07-10,1.3838092634734536,1.3838092634734536,0
S7_both,2024-07-11,1.3838092634734536,1.3838092634734536,0
S7_both,2024-07-12,1.3838092634734536,1.3838092634734536,0
S7_both,2024-07-15,1.3838092634734536,1.3838092634734536,0
S7_both,2024-07-16,1.3838092634734536,1.3838092634734536,0
S7_both,2024-07-17,1.3838092634734536,1.3838092634734536,0
S7_both,2024-07-18,1.3838092634734536,1.3838092634734536,0
S7_both,2024-07-19,1.3838092634734536,1.3838092634734536,0
S7_both,2024-07-22,1.3838092634734536,1.3838092634734536,0
S7_both,2024-07-23,1.3838092634734536,1.3838092634734536,0
S7_both,2024-07-24,1.3838092634734536,1.3838092634734536,0
S7_both,2024-07-25,1.3838092634734536,1.3838092634734536,0
S7_both,2024-07-26,1.3918870006534747,0.27676185269469084,4
S7_both,2024-07-29,1.3585168343491056,0.27676185269469084,4
S7_both,2024-07-30,1.3447906501074167,0.004560127726598806,5
S7_both,2024-07-31,1.3867124436014722,0.004560127726598806,5
S7_both,2024-08-01,1.295086118993207,0.004560127726598806,5
S7_both,2024-08-02,1.226868734654685,0.23109835352363198,4
S7_both,2024-08-05,1.1625871750873884,0.8869301601280057,1
S7_both,2024-08-06,1.135968929523787,0.6535130722652344,2
S7_both,2024-08-07,1.1302321038589707,0.8703269035719752,1
S7_both,2024-08-08,1.1322010806930192,0.8703269035719752,1
S7_both,2024-08-09,1.1215194745722443,0.18832386917078967,4
S7_both,2024-08-12,1.1074676285837688,0.18832386917078967,4
S7_both,2024-08-13,1.1228771109447653,0.39729254106183115,3
S7_both,2024-08-14,1.1064562749843663,0.39729254106183115,3
S7_both,2024-08-15,1.124792763953038,0.17297244994332514,4
S7_both,2024-08-16,1.1642706816285093,0.17297244994332514,4
S7_both,2024-08-19,1.1564822513173212,0.44047202897357884,3
S7_both,2024-08-20,1.1552288343765693,0.44047202897357884,3
S7_both,2024-08-21,1.165159862152668,0.44047202897357884,3
S7_both,2024-08-22,1.1412140482119628,0.44047202897357884,3
S7_both,2024-08-23,1.1694684892103213,0.4740428973881202,3
S7_both,2024-08-26,1.1699982928665165,0.4740428973881202,3
S7_both,2024-08-27,1.1657678557323077,0.4740428973881202,3
S7_both,2024-08-28,1.1493287490836184,0.2410316752508655,4
S7_both,2024-08-29,1.1676745840599327,0.2410316752508655,4
S7_both,2024-08-30,1.186872072116354,0.2410316752508655,4
S7_both,2024-09-03,1.085856519522757,0.005945848078191651,5
S7_both,2024-09-04,1.0888204504753443,0.0,5
S7_both,2024-09-05,1.0691508375735521,0.0,5
S7_both,2024-09-06,1.027278086579416,0.0,5
S7_both,2024-09-09,1.0458112126370556,0.6408898325686985,2
S7_both,2024-09-10,1.0516949314538424,0.4313175566242736,3
S7_both,2024-09-11,1.0755720839710388,0.22083735163365323,4
S7_both,2024-09-12,1.0721483251698136,0.00609367853788037,5
S7_both,2024-09-13,1.078852941499599,0.01691327704953008,5
S7_both,2024-09-16,1.0617977830058851,0.01691327704953008,5
S7_both,2024-09-17,1.0759073917584723,0.01691327704953008,5
S7_both,2024-09-18,1.0686960583089629,0.01691327704953008,5
S7_both,2024-09-19,1.1341648284296064,0.01691327704953008,5
S7_both,2024-09-20,1.1303296892377799,0.2579009263926212,4
S7_both,2024-09-23,1.1589405034250673,0.027859976049457585,5
S7_both,2024-09-24,1.1677844265466162,0.28399521140764344,4
S7_both,2024-09-25,1.161991038397869,0.28399521140764344,4
S7_both,2024-09-26,1.1965111407832862,0.28399521140764344,4
S7_both,2024-09-27,1.2261512221590487,0.28399521140764344,4
S7_both,2024-09-30,1.2187797475681394,0.5557129488582275,3
S7_both,2024-10-01,1.2055327777423996,0.5557129488582275,3
S7_both,2024-10-02,1.1928532101790545,0.07221586183701245,5
S7_both,2024-10-03,1.20460483140765,0.07221586183701245,5
S7_both,2024-10-04,1.221686343505037,0.0364724896220856,5
S7_both,2024-10-07,1.2186565434068939,0.030171539188182078,5
S7_both,2024-10-08,1.2211564122397764,0.030171539188182078,5
S7_both,2024-10-09,1.2148155832190939,0.030171539188182078,5
S7_both,2024-10-10,1.227082929117365,0.030171539188182078,5
S7_both,2024-10-11,1.2524872794513755,0.25405517823857054,4
S7_both,2024-10-14,1.2566117440976354,0.5308535185997922,3
S7_both,2024-10-15,1.2580721450822518,0.5308535185997922,3
S7_both,2024-10-16,1.3057863114460293,0.2766264570479301,4
S7_both,2024-10-17,1.2914071046018465,0.014402375645372001,5
S7_both,2024-10-18,1.320917957418194,0.014402375645372001,5
S7_both,2024-10-21,1.370285191077293,0.014402375645372001,5
S7_both,2024-10-22,1.3729231381796105,0.584375105522195,3
S7_both,2024-10-23,1.3427448571616303,0.584375105522195,3
S7_both,2024-10-24,1.384920148887998,0.584375105522195,3
S7_both,2024-10-25,1.3701396528559155,0.3024427853007397,4
S7_both,2024-10-28,1.4394120113684603,0.3024427853007397,4
S7_both,2024-10-29,1.4572826938151149,0.8938183363718228,2
S7_both,2024-10-30,1.4500224651813458,0.8938183363718228,2
S7_both,2024-10-31,1.4223232595246185,0.8938183363718228,2
S7_both,2024-11-01,1.4300366288853055,0.6073313957494418,3
S7_both,2024-11-04,1.4070987181442272,0.034727002211314306,5
S7_both,2024-11-05,1.4470713582588375,0.034727002211314306,5
S7_both,2024-11-06,1.515354886892026,0.034727002211314306,5
S7_both,2024-11-07,1.5450666427337896,0.034727002211314306,5
S7_both,2024-11-08,1.5250819148143406,0.357642569073799,4
S7_both,2024-11-11,1.5555822451902244,0.357642569073799,4
S7_both,2024-11-12,1.5571905207411962,0.357642569073799,4
S7_both,2024-11-13,1.5500481850885697,0.6772475182953421,3
S7_both,2024-11-14,1.5291266939124308,0.6772475182953421,3
S7_both,2024-11-15,1.5015792575159026,0.6772475182953421,3
S7_both,2024-11-18,1.5158326582672559,0.3770369662898131,4
S7_both,2024-11-19,1.5371915816433908,0.3770369662898131,4
S7_both,2024-11-20,1.4976654086105412,0.06767550644430492,5
S7_both,2024-11-21,1.4713092444505087,0.06767550644430492,5
S7_both,2024-11-22,1.4827335660753271,0.6238496633787034,3
S7_both,2024-11-25,1.497133348622365,0.6238496633787034,3
S7_both,2024-11-26,1.4837430587213989,0.6238496633787034,3
S7_both,2024-11-27,1.514207332472888,0.6238496633787034,3
S7_both,2024-11-29,1.5444580511676074,0.3196673262134857,4
S7_both,2024-12-02,1.5044553295593928,0.617652384888823,3
S7_both,2024-12-03,1.4972684146253357,0.9054295178752676,2
S7_both,2024-12-04,1.5635200708688661,0.9054295178752676,2
S7_both,2024-12-05,1.5695743751831053,1.2511228442699698,1
S7_both,2024-12-06,1.5797426514086836,1.2511228442699698,1
S7_both,2024-12-09,1.546002502185844,1.2511228442699698,1
S7_both,2024-12-10,1.5344476568634895,1.2511228442699698,1
S7_both,2024-12-11,1.5497000491627384,1.2511228442699698,1
S7_both,2024-12-12,1.5510866182595144,1.2511228442699698,1
S7_both,2024-12-13,1.5344476568634895,1.2511228442699698,1
S7_both,2024-12-16,1.5926840658278143,1.2511228442699698,1
S7_both,2024-12-17,1.5959194304521562,1.5959194304521562,0
S7_both,2024-12-18,1.5959194304521562,1.5959194304521562,0
S7_both,2024-12-19,1.5959194304521562,1.5959194304521562,0
S7_both,2024-12-20,1.5959194304521562,1.5959194304521562,0
S7_both,2024-12-23,1.5959194304521562,1.5959194304521562,0
S7_both,2024-12-24,1.5959194304521562,1.5959194304521562,0
S7_both,2024-12-26,1.5959194304521562,1.5959194304521562,0
S7_both,2024-12-27,1.5959194304521562,1.5959194304521562,0
S7_both,2024-12-30,1.5959194304521562,1.5959194304521562,0
S7_both,2024-12-31,1.5846575902087694,1.276735544361725,1
S7_both,2025-01-02,1.6017007445315767,1.276735544361725,1
S7_both,2025-01-03,1.6417752910652772,0.9554985073417908,2
S7_both,2025-01-06,1.685744313641537,0.9554985073417908,2
S7_both,2025-01-07,1.681072419323965,1.336177737710446,1
S7_both,2025-01-08,1.6707182385341075,1.336177737710446,1
S7_both,2025-01-10,1.6742918313388953,1.336177737710446,1
S7_both,2025-01-13,1.6524839215637113,1.336177737710446,1
S7_both,2025-01-14,1.6530373313032323,1.0038648130924965,2
S7_both,2025-01-15,1.6859158796017666,1.0038648130924965,2
S7_both,2025-01-16,1.708230817409584,0.0,5
S7_both,2025-01-17,1.737692579665612,0.022960443235812145,5
S7_both,2025-01-21,1.7693345872545976,0.40666036424425933,4
S7_both,2025-01-22,1.7895493568671923,0.40666036424425933,4
S7_both,2025-01-23,1.766650623281159,0.40666036424425933,4
S7_both,2025-01-24,1.768873692099603,0.7918749627717474,3
S7_both,2025-01-27,1.7093281051728009,0.7918749627717474,3
S7_both,2025-01-28,1.7225547791418137,1.3830242596529763,1
S7_both,2025-01-29,1.7227460207007002,1.3830242596529763,1
S7_both,2025-01-30,1.768262281736056,1.0374365352814614,2
S7_both,2025-01-31,1.7558376659225554,1.0374365352814614,2
S7_both,2025-02-03,1.7520695459479614,1.0374365352814614,2
S7_both,2025-02-04,1.7589045052593306,0.33453945526786,4
S7_both,2025-02-05,1.756380192695511,0.0,5
S7_both,2025-02-06,1.7812210335804928,0.0,5
S7_both,2025-02-07,1.7872634522612922,0.0,5
S7_both,2025-02-10,1.7962055959601166,0.41241373595703856,4
S7_both,2025-02-11,1.76151252626043,0.41241373595703856,4
S7_both,2025-02-12,1.7581020652280561,0.06754686613577948,5
S7_both,2025-02-13,1.794576187324719,0.06754686613577948,5
S7_both,2025-02-14,1.7894659894113252,0.6901106533125764,3
S7_both,2025-02-18,1.8424937261753151,0.6901106533125764,3
S7_both,2025-02-19,1.8278906121102807,1.0961103928722307,2
S7_both,2025-02-20,1.8181752527261115,1.0961103928722307,2
S7_both,2025-02-21,1.754805514422603,1.0961103928722307,2
S7_both,2025-02-24,1.7063318504948393,1.0961103928722307,2
S7_both,2025-02-25,1.679385621038986,1.679385621038986,0
S7_both,2025-02-26,1.6748023501697316,1.3435084968311888,1
S7_both,2025-02-27,1.6125720658636236,0.6727569538925448,3
S7_both,2025-02-28,1.6033309647860592,0.9647794628275949,2
S7_both,2025-03-03,1.5387820122604468,0.0,5
S7_both,2025-03-04,1.5332676670357834,0.0,5
S7_both,2025-03-05,1.655859421919939,0.0,5
S7_both,2025-03-06,1.579877180975687,0.0,5
S7_both,2025-03-07,1.5971928525695775,0.3082604392485259,4
S7_both,2025-03-10,1.54572157349249,0.3082604392485259,4
S7_both,2025-03-11,1.5616924243810693,0.3082604392485259,4
S7_both,2025-03-12,1.5677973930243305,0.6088214967836267,3
S7_both,2025-03-13,1.5540329826929375,0.6088214967836267,3
S7_both,2025-03-14,1.5980346655282172,0.6088214967836267,3
S7_both,2025-03-17,1.5958115219752471,0.6088214967836267,3
S7_both,2025-03-18,1.591107472785878,0.0,5
S7_both,2025-03-19,1.6045418888215828,0.0,5
S7_both,2025-03-20,1.6045274285752464,0.0,5
S7_both,2025-03-21,1.5767217330179033,0.0,5
S7_both,2025-03-24,1.5975496280711612,0.0,5
S7_both,2025-03-25,1.6052724051364333,0.0,5
S7_both,2025-03-26,1.5560150596075464,0.0,5
S7_both,2025-03-27,1.5364558459662518,0.0,5
S7_both,2025-03-28,1.484307305251885,0.0,5
S7_both,2025-03-31,1.4322085830454587,0.5967313731122714,3
S7_both,2025-04-01,1.4234206364981288,0.8462949666596584,2
S7_both,2025-04-02,1.423123745187005,0.8462949666596584,2
S7_both,2025-04-03,1.40076470369032,0.8462949666596584,2
S7_both,2025-04-04,1.3584845062741535,1.1195121223613067,1
S7_both,2025-04-07,1.3499368676678385,1.3499368676678385,0
S7_both,2025-04-08,1.3499368676678385,1.3499368676678385,0
S7_both,2025-04-09,1.3499368676678385,1.3499368676678385,0
S7_both,2025-04-10,1.3499368676678385,1.3499368676678385,0
S7_both,2025-04-11,1.3499368676678385,1.3499368676678385,0
S7_both,2025-04-14,1.3499368676678385,1.3499368676678385,0
S7_both,2025-04-15,1.3499368676678385,1.3499368676678385,0
S7_both,2025-04-16,1.3499368676678385,1.3499368676678385,0
S7_both,2025-04-17,1.3499368676678385,1.3499368676678385,0
S7_both,2025-04-21,1.3499368676678385,1.3499368676678385,0
S7_both,2025-04-22,1.3499368676678385,1.3499368676678385,0
S7_both,2025-04-23,1.3499368676678385,1.3499368676678385,0
S7_both,2025-04-24,1.3499368676678385,1.3499368676678385,0
S7_both,2025-04-25,1.3499368676678385,1.3499368676678385,0
S7_both,2025-04-28,1.3499368676678385,1.3499368676678385,0
S7_both,2025-04-29,1.3499368676678385,1.3499368676678385,0
S7_both,2025-04-30,1.3499368676678385,1.3499368676678385,0
S7_both,2025-05-01,1.3499368676678385,1.3499368676678385,0
S7_both,2025-05-02,1.3378810847627247,0.8099621206007032,2
S7_both,2025-05-05,1.2959583527527525,0.018039009401131678,5
S7_both,2025-05-06,1.3029107911955555,0.001473838787404147,5
S7_both,2025-05-07,1.3144753228269095,0.001473838787404147,5
S7_both,2025-05-08,1.3456247384884938,0.001473838787404147,5
S7_both,2025-05-09,1.3023100060807509,0.001473838787404147,5
S7_both,2025-05-12,1.4042327275605337,0.0,5
S7_both,2025-05-13,1.4558671350706156,0.324885522393107,4
S7_both,2025-05-14,1.4339790827780834,0.031916113441985916,5
S7_both,2025-05-15,1.4025689452525019,0.031916113441985916,5
S7_both,2025-05-16,1.4726122606202685,0.031916113441985916,5
S7_both,2025-05-19,1.4285274056671176,0.3386411061478849,4
S7_both,2025-05-20,1.4123460760346827,0.05433324423683339,5
S7_both,2025-05-21,1.3670858974075912,0.27532864379350963,4
S7_both,2025-05-22,1.3761072176931757,0.5195307687704581,3
S7_both,2025-05-23,1.3840809649113583,0.24649369389298192,4
S7_both,2025-05-27,1.4290444030179654,0.24649369389298192,4
S7_both,2025-05-28,1.4083815288387358,0.27874623607198246,4
S7_both,2025-05-29,1.423464385288676,0.5531571497865528,3
S7_both,2025-05-30,1.3936267483039595,0.5531571497865528,3
S7_both,2025-06-02,1.409423626261035,0.5531571497865528,3
S7_both,2025-06-03,1.4703470755116612,0.2587884729552018,4
S7_both,2025-06-04,1.5107238448989593,0.0,5
S7_both,2025-06-05,1.4666079603979998,0.03447660928323454,5
S7_both,2025-06-06,1.5119504341553813,0.5605044028441819,3
S7_both,2025-06-09,1.5115224158347442,0.27574972544035714,4
S7_both,2025-06-10,1.507348938007299,0.0,5
S7_both,2025-06-11,1.5102994528448035,0.0,5
S7_both,2025-06-12,1.4887567350716164,0.0,5
S7_both,2025-06-13,1.4330044320845423,0.2731992363668567,4
S7_both,2025-06-16,1.4832510264508416,0.5503463043554143,3
S7_both,2025-06-17,1.431155890125863,0.5503463043554143,3
S7_both,2025-06-18,1.4383494408380981,0.5503463043554143,3
S7_both,2025-06-20,1.452778814979749,0.5503463043554143,3
S7_both,2025-06-23,1.4726378773421578,0.5503463043554143,3
S7_both,2025-06-24,1.5221935195144913,0.5503463043554143,3
S7_both,2025-06-25,1.5080955975992278,0.9037506467571202,2
S7_both,2025-06-26,1.5455954599385076,0.9037506467571202,2
S7_both,2025-06-27,1.5379095056486374,0.5911470586213596,3
S7_both,2025-06-30,1.6115758967959035,0.5911470586213596,3
S7_both,2025-07-01,1.5917152132257049,1.5917152132257049,0
S7_both,2025-07-02,1.5946725955567367,1.2733721705805638,1
S7_both,2025-07-03,1.6084422919897423,0.0,5
S7_both,2025-07-07,1.5478258816638852,0.0,5
S7_both,2025-07-08,1.5993343152393624,0.0,5
S7_both,2025-07-09,1.58526850142148,0.0,5
S7_both,2025-07-10,1.7411808236637363,0.0,5
S7_both,2025-07-11,1.7202542393883795,0.4470629878303204,4
S7_both,2025-07-14,1.725695824177349,0.10645514135210865,5
S7_both,2025-07-15,1.7311832568183374,0.10645514135210865,5
S7_both,2025-07-16,1.7558458817560916,0.4931838068288789,4
S7_both,2025-07-17,1.7790418552804774,0.4931838068288789,4
S7_both,2025-07-18,1.760617615906809,0.4931838068288789,4
S7_both,2025-07-21,1.7760619628998136,0.4931838068288789,4
S7_both,2025-07-22,1.7947173117170323,0.4931838068288789,4
S7_both,2025-07-23,1.7961573213107278,1.7961573213107278,0
S7_both,2025-07-24,1.7961573213107278,1.7961573213107278,0
S7_both,2025-07-25,1.7961573213107278,1.7961573213107278,0
S7_both,2025-07-28,1.7961573213107278,1.7961573213107278,0
S7_both,2025-07-29,1.7961573213107278,1.7961573213107278,0
S7_both,2025-07-30,1.7961573213107278,1.7961573213107278,0
S7_both,2025-07-31,1.7961573213107278,1.7961573213107278,0
S7_both,2025-08-01,1.7961573213107278,1.7961573213107278,0
S7_both,2025-08-04,1.7961573213107278,1.7961573213107278,0
S7_both,2025-08-05,1.7961573213107278,1.7961573213107278,0
S7_both,2025-08-06,1.7961573213107278,1.7961573213107278,0
S7_both,2025-08-07,1.7961573213107278,1.7961573213107278,0
S7_both,2025-08-08,1.7961573213107278,1.7961573213107278,0
S7_both,2025-08-11,1.7961573213107278,1.7961573213107278,0
S7_both,2025-08-12,1.7961573213107278,1.7961573213107278,0
S7_both,2025-08-13,1.7961573213107278,1.7961573213107278,0
S7_both,2025-08-14,1.7961573213107278,1.7961573213107278,0
S7_both,2025-08-15,1.7961573213107278,1.7961573213107278,0
S7_both,2025-08-18,1.7961573213107278,1.7961573213107278,0
S7_both,2025-08-19,1.7961573213107278,1.7961573213107278,0
S7_both,2025-08-20,1.7961573213107278,1.7961573213107278,0
S7_both,2025-08-21,1.7961573213107278,1.7961573213107278,0
S7_both,2025-08-22,1.7961573213107278,1.7961573213107278,0
S7_both,2025-08-25,1.7961573213107278,1.7961573213107278,0
S7_both,2025-08-26,1.7961573213107278,1.7961573213107278,0
S7_both,2025-08-27,1.7961573213107278,1.7961573213107278,0
S7_both,2025-08-28,1.7961573213107278,1.7961573213107278,0
S7_both,2025-08-29,1.7961573213107278,1.7961573213107278,0
S7_both,2025-09-02,1.7961573213107278,1.7961573213107278,0
S7_both,2025-09-03,1.7961573213107278,1.7961573213107278,0
S7_both,2025-09-04,1.7961573213107278,1.7961573213107278,0
S7_both,2025-09-05,1.7961573213107278,1.7961573213107278,0
S7_both,2025-09-08,1.7961573213107278,1.7961573213107278,0
S7_both,2025-09-09,1.7961573213107278,1.7961573213107278,0
S7_both,2025-09-10,1.7961573213107278,1.7961573213107278,0
S7_both,2025-09-11,1.7961573213107278,1.7961573213107278,0
S7_both,2025-09-12,1.7961573213107278,1.7961573213107278,0
S7_both,2025-09-15,1.7961573213107278,1.7961573213107278,0
S7_both,2025-09-16,1.7961573213107278,1.7961573213107278,0
S7_both,2025-09-17,1.7961573213107278,1.7961573213107278,0
S7_both,2025-09-18,1.7961573213107278,1.7961573213107278,0
S7_both,2025-09-19,1.7961573213107278,1.7961573213107278,0
S7_both,2025-09-22,1.7961573213107278,1.7961573213107278,0
S7_both,2025-09-23,1.7961573213107278,1.7961573213107278,0
S7_both,2025-09-24,1.7961573213107278,1.7961573213107278,0
S7_both,2025-09-25,1.7961573213107278,1.7961573213107278,0
S7_both,2025-09-26,1.7961573213107278,1.7961573213107278,0
S7_both,2025-09-29,1.7961573213107278,1.7961573213107278,0
S7_both,2025-09-30,1.7961573213107278,1.7961573213107278,0
S7_both,2025-10-01,1.7961573213107278,1.7961573213107278,0
S7_both,2025-10-02,1.7961573213107278,1.7961573213107278,0
S7_both,2025-10-03,1.7961573213107278,1.7961573213107278,0
S7_both,2025-10-06,1.7961573213107278,1.7961573213107278,0
S7_both,2025-10-07,1.7961573213107278,1.7961573213107278,0
S7_both,2025-10-08,1.7961573213107278,1.7961573213107278,0
S7_both,2025-10-09,1.7961573213107278,1.7961573213107278,0
S7_both,2025-10-10,1.7961573213107278,1.7961573213107278,0
S7_both,2025-10-13,1.7961573213107278,1.7961573213107278,0
S7_both,2025-10-14,1.7961573213107278,1.7961573213107278,0
S7_both,2025-10-15,1.7961573213107278,1.7961573213107278,0
S7_both,2025-10-16,1.7961573213107278,1.7961573213107278,0
S7_both,2025-10-17,1.7961573213107278,1.7961573213107278,0
S7_both,2025-10-20,1.7961573213107278,1.7961573213107278,0
S7_both,2025-10-21,1.7961573213107278,1.7961573213107278,0
S7_both,2025-10-22,1.7961573213107278,1.7961573213107278,0
S7_both,2025-10-23,1.7961573213107278,1.7961573213107278,0
S7_both,2025-10-24,1.7961573213107278,1.7961573213107278,0
S7_both,2025-10-27,1.7961573213107278,1.7961573213107278,0
S7_both,2025-10-28,1.7961573213107278,1.7961573213107278,0
S7_both,2025-10-29,1.7961573213107278,1.7961573213107278,0
S7_both,2025-10-30,1.7961573213107278,1.7961573213107278,0
S7_both,2025-10-31,1.7961573213107278,1.7961573213107278,0
S7_both,2025-11-03,1.7961573213107278,1.7961573213107278,0
S7_both,2025-11-04,1.7961573213107278,1.7961573213107278,0
S7_both,2025-11-05,1.7961573213107278,1.7961573213107278,0
S7_both,2025-11-06,1.7961573213107278,1.7961573213107278,0
S7_both,2025-11-07,1.7961573213107278,1.7961573213107278,0
S7_both,2025-11-10,1.7961573213107278,1.7961573213107278,0
S7_both,2025-11-11,1.7961573213107278,1.7961573213107278,0
S7_both,2025-11-12,1.7961573213107278,1.7961573213107278,0
S7_both,2025-11-13,1.7961573213107278,1.7961573213107278,0
S7_both,2025-11-14,1.7961573213107278,1.7961573213107278,0
S7_both,2025-11-17,1.7961573213107278,1.7961573213107278,0
S7_both,2025-11-18,1.7961573213107278,1.7961573213107278,0
S7_both,2025-11-19,1.7961573213107278,1.7961573213107278,0
S7_both,2025-11-20,1.7961573213107278,1.7961573213107278,0
S7_both,2025-11-21,1.7961573213107278,1.7961573213107278,0
S7_both,2025-11-24,1.7961573213107278,1.7961573213107278,0
S7_both,2025-11-25,1.7961573213107278,1.7961573213107278,0
S7_both,2025-11-26,1.7961573213107278,1.7961573213107278,0
S7_both,2025-11-28,1.7961573213107278,1.7961573213107278,0
S7_both,2025-12-01,1.7961573213107278,1.7961573213107278,0
S7_both,2025-12-02,1.7961573213107278,1.7961573213107278,0
S7_both,2025-12-03,1.7961573213107278,1.7961573213107278,0
S7_both,2025-12-04,1.7961573213107278,1.7961573213107278,0
S7_both,2025-12-05,1.7961573213107278,1.7961573213107278,0
S7_both,2025-12-08,1.7961573213107278,1.7961573213107278,0
S7_both,2025-12-09,1.7961573213107278,1.7961573213107278,0
S7_both,2025-12-10,1.7961573213107278,1.7961573213107278,0
S7_both,2025-12-11,1.7961573213107278,1.7961573213107278,0
S7_both,2025-12-12,1.7961573213107278,1.7961573213107278,0
S7_both,2025-12-15,1.7961573213107278,1.7961573213107278,0
S7_both,2025-12-16,1.7961573213107278,1.7961573213107278,0
S7_both,2025-12-17,1.7961573213107278,1.7961573213107278,0
S7_both,2025-12-18,1.7961573213107278,1.7961573213107278,0
S7_both,2025-12-19,1.7961573213107278,1.7961573213107278,0
S7_both,2025-12-22,1.7961573213107278,1.7961573213107278,0
S7_both,2025-12-23,1.7961573213107278,1.7961573213107278,0
S7_both,2025-12-24,1.7961573213107278,1.7961573213107278,0
S7_both,2025-12-26,1.7961573213107278,1.7961573213107278,0
S7_both,2025-12-29,1.7961573213107278,1.7961573213107278,0
S7_both,2025-12-30,1.7961573213107278,1.7961573213107278,0
S7_both,2025-12-31,1.7961573213107278,1.7961573213107278,0
